id,cgpa,tenth_percentage,twelfth_percentage,backlog_history_count,programming_score,sql_score,dsa_score,web_dev_score,git_score,cloud_score,aptitude_score,logical_score,coding_score,communication_score,interview_score,presentation_score,verified_project_count,project_complexity_score,verified_internship_count,verified_certification_count,open_source_score,hackathon_score,leadership_score,placed
0,6.46,79.2,75.2,0,79,74,76,79,72,69,70,78,69,56,56,42,0,0,1,1,0,28,0,1
1,8.03,80.8,86.0,2,62,46,62,53,50,43,63,63,54,83,64,71,3,72,1,1,73,62,0,1
2,7.38,79.7,75.4,1,64,70,75,54,54,52,72,79,69,67,57,53,1,67,0,3,19,0,0,0
3,7.85,74.5,78.3,1,75,64,66,68,62,47,77,73,60,66,57,60,0,0,0,2,0,27,0,1
4,6.73,81.0,74.4,0,70,61,71,62,70,51,78,76,76,76,67,63,0,0,0,1,38,55,0,1
5,7.12,85.1,79.9,0,43,39,43,41,46,47,49,52,44,55,54,68,0,0,0,2,0,0,0,0
6,6.0,74.3,64.2,1,76,67,79,56,57,58,50,57,76,67,68,54,0,0,0,2,10,0,19,0
7,7.64,83.1,83.8,0,66,65,65,54,72,42,57,53,69,64,60,64,0,0,1,0,44,42,59,1
8,6.93,79.4,76.4,0,65,46,77,61,65,72,67,83,77,56,57,42,1,72,1,0,30,41,10,1
9,8.1,78.5,76.9,1,50,41,55,51,48,29,75,60,53,60,57,57,0,0,1,2,30,0,0,1
10,6.97,82.6,63.6,0,53,51,57,46,61,37,63,58,58,62,54,55,0,0,0,1,0,0,0,1
11,7.81,84.4,86.4,0,68,62,72,65,65,61,66,62,83,57,62,43,0,0,1,0,0,0,0,1
12,6.52,77.4,75.3,1,72,61,76,52,60,65,81,73,74,68,66,60,0,0,2,0,23,0,48,1
13,7.01,80.2,79.9,1,74,69,71,56,63,41,59,65,66,59,61,56,0,0,0,1,24,0,0,0
14,7.55,81.9,71.9,2,70,59,57,57,56,42,55,56,68,58,56,62,0,0,1,2,74,38,46,1
15,7.55,76.3,79.3,1,53,48,57,51,51,48,53,58,52,56,47,48,3,33,0,2,0,0,17,0
16,8.64,84.3,83.5,1,60,55,48,58,59,50,61,54,56,62,54,59,0,0,2,2,74,43,0,1
17,6.5,68.8,68.4,0,43,32,44,46,55,39,62,53,50,62,56,69,0,0,0,0,0,0,0,0
18,7.37,75.5,81.3,3,84,74,70,83,78,72,66,72,82,61,62,67,3,64,1,0,0,40,0,1
19,6.88,79.3,83.9,0,60,51,64,61,65,51,72,72,65,57,53,69,0,0,0,0,0,0,39,1
20,8.35,91.4,75.3,0,64,53,59,52,63,54,67,69,54,62,56,49,0,0,1,0,13,0,12,1
21,7.74,78.8,82.4,0,80,68,80,71,77,72,70,75,70,64,60,57,1,82,0,0,71,48,35,1
22,7.18,84.0,74.9,1,78,70,74,72,80,65,64,69,78,42,43,45,3,80,1,1,0,45,0,1
23,7.65,85.2,76.9,0,59,46,64,59,53,46,65,59,60,79,70,74,0,0,1,3,0,0,0,1
24,7.11,87.5,83.5,1,65,62,67,59,66,59,74,71,71,70,60,62,0,0,0,3,0,0,0,1
25,7.4,78.9,70.8,0,55,43,59,46,51,43,69,63,66,59,60,70,0,0,1,1,0,0,0,1
26,8.04,84.3,80.8,3,56,45,47,57,56,42,55,56,54,62,70,57,0,0,0,0,0,31,0,1
27,8.49,93.0,93.7,0,57,51,65,46,50,28,63,65,57,62,55,54,0,0,0,0,0,0,45,0
28,6.85,80.4,68.7,0,63,60,57,48,59,51,69,64,75,67,61,58,0,0,1,0,0,0,0,1
29,7.2,79.5,82.2,1,66,61,59,69,70,39,63,59,63,77,68,71,0,0,1,3,53,88,0,1
30,7.85,88.3,74.8,3,67,60,59,55,69,57,69,60,64,53,62,51,0,0,0,0,0,47,0,1
31,7.53,72.9,80.0,2,70,66,72,61,66,55,76,72,65,44,61,55,1,55,0,1,33,0,0,1
32,8.18,93.9,83.8,1,66,56,57,60,53,44,68,63,56,66,61,54,0,0,1,3,0,39,0,0
33,6.63,77.8,74.3,0,64,50,59,60,58,57,58,55,52,67,63,62,2,70,0,0,90,74,0,1
34,8.11,77.7,80.1,0,74,57,60,66,57,52,67,73,81,47,63,39,0,0,1,1,0,56,0,1
35,6.74,76.7,75.4,0,52,59,63,54,59,43,66,72,54,63,51,48,2,66,0,0,31,34,0,1
36,8.88,94.6,90.1,0,70,55,55,51,60,49,59,52,66,45,52,47,0,0,2,2,64,0,0,0
37,7.31,83.9,76.2,1,63,50,68,45,62,44,63,66,68,47,63,41,0,0,0,1,73,39,0,1
38,7.78,84.9,78.2,0,64,48,73,64,52,47,69,73,62,68,66,67,2,55,2,0,53,0,57,1
39,9.57,99.0,86.7,0,71,58,72,67,68,61,67,73,72,68,71,63,0,0,0,0,0,0,0,1
40,7.72,79.3,77.2,0,69,48,56,53,63,45,68,64,67,73,71,62,0,0,0,1,17,0,10,0
41,7.59,81.6,76.8,0,83,75,73,68,81,63,64,65,77,66,63,51,0,0,0,0,17,0,0,1
42,8.79,90.1,91.0,0,57,45,40,52,40,39,61,55,57,59,57,54,0,0,0,0,0,0,38,1
43,8.66,94.6,81.4,0,63,56,70,46,47,57,74,71,63,60,55,40,1,64,1,0,71,0,0,1
44,6.54,78.1,73.5,0,53,33,55,45,59,35,61,49,53,48,62,40,0,0,1,1,0,0,0,0
45,5.77,77.6,67.8,0,63,49,70,48,60,43,69,61,56,65,62,66,0,0,0,1,0,0,53,0
46,7.41,74.7,75.4,2,66,49,59,60,58,51,63,61,69,71,70,60,2,74,1,2,0,65,47,1
47,8.86,83.2,85.4,1,66,64,65,56,65,65,69,66,68,64,51,56,2,82,0,0,40,39,44,0
48,6.3,79.0,71.1,1,62,64,71,56,58,61,70,73,67,69,68,63,3,74,2,2,37,0,26,1
49,8.0,79.0,92.3,2,84,84,81,82,88,66,60,75,71,60,64,42,0,0,1,0,0,0,0,1
50,6.81,78.4,78.5,2,77,65,53,55,52,56,64,64,59,80,67,65,0,0,1,0,40,0,59,1
51,6.94,75.0,72.0,0,75,62,68,58,63,54,64,58,69,59,56,59,0,0,1,1,64,47,0,0
52,7.38,86.2,83.4,1,62,50,59,59,67,48,72,64,66,92,68,62,0,0,0,0,0,17,85,1
53,7.83,90.0,79.7,0,63,52,60,64,55,58,64,57,55,65,61,65,0,0,2,2,0,0,0,0
54,8.25,91.6,89.3,0,66,39,54,45,49,44,69,57,58,70,54,56,0,0,0,0,10,0,34,0
55,6.55,71.3,74.2,0,63,58,48,57,65,55,63,66,65,64,65,61,0,0,1,1,39,65,29,0
56,7.97,87.2,77.6,1,59,45,51,45,47,46,57,57,58,60,57,67,0,0,1,1,0,0,0,1
57,6.52,78.8,68.8,1,64,43,71,56,51,51,72,57,68,60,51,61,0,0,0,1,0,0,51,0
58,7.39,82.4,70.0,1,73,60,77,66,75,63,72,64,76,62,63,63,0,0,0,2,34,0,40,0
59,6.82,77.3,68.5,0,56,52,57,52,49,51,59,52,62,75,56,42,0,0,1,0,0,0,0,1
60,6.37,75.8,74.2,3,76,49,65,55,63,59,78,82,73,59,67,47,0,0,0,0,0,0,20,0
61,6.81,71.0,73.8,1,66,47,64,54,57,55,76,73,64,62,71,45,0,0,0,0,86,80,67,1
62,8.1,85.4,87.8,0,61,52,61,55,48,60,72,69,61,61,59,54,0,0,0,0,0,33,10,1
63,8.05,87.9,88.0,1,75,72,62,70,67,59,62,60,65,59,61,56,0,0,0,0,0,0,34,1
64,6.62,79.7,79.0,1,65,67,78,69,68,48,80,73,70,67,57,60,0,0,0,2,52,40,0,1
65,8.92,90.5,82.8,1,57,53,60,52,73,51,57,62,62,70,66,53,0,0,0,2,44,41,0,1
66,7.6,84.9,76.4,1,77,64,73,72,77,53,67,62,71,57,65,59,0,0,2,2,55,49,0,1
67,6.17,68.7,73.2,0,64,56,61,63,58,54,74,65,66,62,65,63,0,0,1,0,0,19,0,1
68,6.92,73.4,78.0,2,81,74,74,76,73,58,78,80,75,57,65,50,1,69,0,0,74,71,0,1
69,6.65,78.4,80.2,0,74,64,62,63,61,63,72,68,64,57,63,51,2,75,1,0,42,41,0,1
70,8.1,92.8,98.0,0,48,43,56,47,43,40,56,50,54,64,65,75,0,0,0,1,0,0,0,0
71,8.14,82.9,71.6,0,66,61,64,61,77,65,59,68,70,56,59,64,1,85,0,0,64,63,0,1
72,7.49,78.6,79.3,0,49,44,44,50,40,38,48,56,52,49,56,47,4,58,0,3,0,33,0,0
73,7.43,79.2,74.1,0,48,32,47,39,42,29,62,50,40,49,44,56,1,30,0,2,0,0,0,0
74,7.36,83.3,83.9,0,60,47,47,49,51,42,67,64,51,73,65,62,0,0,0,1,0,0,0,0
75,6.7,75.9,69.1,0,61,54,66,54,50,45,73,72,63,69,67,60,3,57,1,1,0,69,0,1
76,8.87,93.8,90.6,1,63,55,65,57,69,58,68,64,65,70,60,65,0,0,0,0,0,0,56,1
77,8.37,90.6,78.3,0,55,41,54,52,47,42,57,67,56,77,68,58,2,50,1,0,0,0,59,1
78,8.03,85.0,86.3,0,72,57,61,56,59,51,65,63,61,48,57,49,0,0,0,1,37,0,0,1
79,8.84,86.6,81.3,0,60,47,50,50,49,35,71,57,61,68,69,68,0,0,1,0,0,26,0,1
80,5.76,61.1,60.8,2,62,50,70,60,64,50,71,72,66,76,65,55,1,92,1,0,80,0,0,1
81,6.42,78.2,65.9,0,70,68,60,66,63,54,58,50,57,68,58,56,1,68,0,0,17,0,11,1
82,6.63,67.8,67.9,0,50,41,58,46,54,35,63,65,60,62,55,66,3,55,0,2,0,16,0,1
83,7.08,78.2,78.5,1,72,67,63,66,72,57,64,61,66,59,55,53,0,0,1,0,0,61,0,1
84,7.74,83.4,69.5,3,62,39,58,52,46,47,70,61,56,69,56,58,0,0,0,0,61,62,0,0
85,8.97,90.0,87.3,0,70,65,76,68,82,47,77,63,68,56,73,66,0,0,0,2,0,10,0,0
86,7.44,79.7,77.7,2,64,44,62,61,64,33,66,53,54,64,62,55,0,0,0,2,0,34,0,0
87,8.8,94.0,83.9,0,66,45,50,53,55,50,47,52,53,56,51,32,3,39,0,3,0,0,0,1
88,8.7,95.2,86.2,1,70,56,63,59,57,51,70,67,67,74,63,59,2,47,0,1,0,51,0,1
89,5.75,72.0,69.1,1,62,55,52,51,56,34,59,60,60,69,57,65,1,72,0,0,0,0,47,0
90,7.47,84.5,86.8,3,57,35,52,43,54,43,69,59,60,53,48,45,0,0,0,1,0,0,0,0
91,6.67,72.3,71.6,2,77,53,69,59,75,56,65,66,68,54,54,53,1,58,1,1,55,0,29,1
92,6.96,75.4,79.2,1,62,52,76,61,69,45,64,66,66,74,54,52,0,0,1,0,0,0,53,1
93,7.44,85.4,72.1,2,71,52,59,52,58,43,64,58,66,70,65,63,0,0,0,2,18,0,71,1
94,6.95,75.0,78.0,1,78,61,83,77,66,56,75,64,72,54,56,49,0,0,0,0,0,0,25,1
95,6.36,71.5,77.6,1,73,67,69,71,76,58,62,74,72,75,63,66,0,0,0,2,84,57,0,1
96,7.12,74.0,71.1,1,53,51,46,45,66,40,57,54,53,72,68,67,0,0,1,2,0,29,61,0
97,7.56,76.0,82.5,2,87,75,69,67,72,76,60,60,72,71,61,64,0,0,0,0,23,31,0,1
98,8.53,85.0,86.3,0,68,69,71,61,67,46,76,64,69,61,61,54,0,0,1,1,0,50,0,1
99,8.11,89.2,79.1,0,58,62,55,59,62,70,58,54,49,66,64,74,2,57,1,0,0,0,71,0
100,7.59,81.3,76.7,0,67,57,69,63,62,60,83,73,83,44,54,54,0,0,1,1,0,0,0,0
101,6.77,85.0,82.9,1,70,60,56,60,55,56,62,57,61,59,65,62,1,41,2,0,0,31,60,1
102,7.07,73.9,79.1,0,69,49,65,53,63,55,82,65,64,69,63,65,0,0,1,1,0,54,0,1
103,7.63,82.7,72.5,0,53,40,63,42,54,42,70,55,51,83,72,66,0,0,2,0,0,21,72,1
104,7.85,81.1,80.0,0,67,57,67,61,69,53,70,68,72,75,54,76,0,0,0,0,0,0,0,1
105,8.98,82.0,82.2,1,77,64,72,63,80,47,76,74,65,51,59,49,4,95,0,1,71,90,0,1
106,6.86,74.0,71.8,2,67,62,72,58,63,50,61,69,65,27,49,49,2,83,1,0,0,67,0,1
107,7.24,86.7,82.5,0,74,61,60,63,72,56,69,73,68,68,64,56,2,64,0,3,0,0,0,1
108,7.37,75.7,72.8,0,73,81,63,67,75,60,70,65,73,49,58,51,0,0,0,1,0,0,0,1
109,8.14,82.1,75.5,0,60,51,62,55,62,54,54,60,59,73,61,61,1,67,1,2,0,47,0,1
110,7.15,87.1,80.7,2,72,60,57,53,72,56,62,55,66,48,51,52,1,65,0,3,0,0,0,0
111,9.9,94.1,88.3,1,53,43,57,50,46,43,64,49,42,52,47,54,0,0,1,0,40,18,0,0
112,6.44,81.1,76.8,0,58,38,52,39,49,25,58,63,49,57,59,55,1,56,1,1,0,47,20,0
113,8.6,84.9,88.2,0,59,36,52,51,49,45,56,55,60,61,50,61,0,0,0,1,0,0,0,1
114,5.97,68.6,63.9,1,65,51,67,61,77,51,57,67,67,44,57,47,2,75,1,1,0,0,0,1
115,6.8,80.7,67.6,0,66,61,59,60,60,51,58,56,64,61,61,49,0,0,0,1,45,0,0,1
116,8.32,84.1,87.5,3,74,63,61,58,64,50,74,68,65,73,55,66,0,0,1,3,0,0,0,1
117,7.31,75.6,77.5,1,46,23,43,54,48,44,48,52,58,45,43,51,0,0,0,2,0,0,0,0
118,7.25,78.6,75.8,3,67,61,72,45,47,35,93,81,75,66,66,75,0,0,0,1,34,34,34,1
119,7.75,78.5,87.0,2,73,75,75,73,67,58,74,69,78,65,69,54,0,0,1,2,51,0,41,1
120,7.4,87.4,72.9,0,70,52,63,60,67,61,67,74,78,57,60,59,1,68,1,1,0,23,0,1
121,8.5,97.6,86.1,0,67,55,74,55,55,51,81,68,65,52,54,50,1,70,1,1,0,61,0,1
122,8.88,88.4,87.6,0,71,67,62,69,75,64,59,66,63,56,59,59,0,0,0,0,0,0,0,1
123,6.56,80.6,76.1,0,72,59,77,62,70,50,63,64,54,69,72,68,0,0,0,1,47,0,42,1
124,6.69,81.1,79.2,0,71,64,64,67,68,51,58,55,61,71,65,61,0,0,0,0,13,0,0,1
125,9.9,99.0,97.8,0,49,46,51,41,54,48,61,57,57,54,60,52,0,0,0,0,0,10,0,1
126,6.07,83.8,74.5,0,74,52,65,67,66,59,71,73,67,49,56,47,0,0,1,2,65,44,0,1
127,7.18,86.2,72.6,0,75,67,58,77,75,69,54,61,70,61,69,52,1,88,0,0,73,82,0,0
128,7.64,83.6,87.8,2,76,69,71,67,82,46,70,67,73,56,72,55,0,0,2,0,0,0,0,1
129,7.15,75.8,78.9,0,57,41,48,46,50,64,65,60,51,62,51,45,0,0,2,0,58,72,0,1
130,5.57,69.5,61.6,1,57,43,52,51,48,43,57,46,48,57,52,48,2,67,0,1,0,10,38,0
131,5.71,69.2,70.5,1,55,49,50,59,58,48,57,58,67,56,42,57,0,0,0,1,0,16,0,0
132,7.5,82.7,78.8,1,59,44,62,62,62,49,71,68,56,73,61,52,0,0,0,2,0,0,0,1
133,8.03,89.2,82.1,0,77,63,68,65,77,60,69,67,72,60,58,61,0,0,0,0,0,55,60,1
134,9.07,92.2,90.2,0,68,58,64,69,72,53,67,60,63,61,67,63,0,0,0,1,0,10,33,1
135,7.4,78.1,80.7,1,51,48,53,48,56,46,64,67,59,61,57,59,2,71,1,1,0,90,0,1
136,6.3,72.9,66.1,0,53,52,63,44,58,44,70,60,57,72,54,73,1,78,1,2,0,60,56,1
137,7.25,83.5,71.9,0,72,57,58,70,71,47,63,61,60,64,61,60,1,58,0,0,38,0,41,1
138,7.58,83.4,87.0,1,70,57,57,53,62,37,63,59,68,68,58,63,0,0,1,0,28,10,0,1
139,7.45,79.9,83.8,1,79,69,72,83,72,75,60,66,80,73,65,48,0,0,0,0,0,35,31,1
140,8.15,83.7,76.2,1,70,65,73,62,63,53,69,75,62,46,54,45,1,70,1,1,32,0,0,1
141,6.59,75.1,72.2,0,64,53,63,59,55,53,70,63,61,51,57,50,0,0,0,0,48,0,0,1
142,7.23,75.0,76.4,1,76,59,68,75,80,60,66,62,85,55,69,55,2,79,1,0,0,40,0,1
143,6.4,68.6,71.5,0,71,52,59,62,61,53,77,68,70,64,60,56,0,0,0,1,67,0,0,1
144,7.61,84.7,77.3,1,51,46,54,49,46,28,66,57,58,66,52,61,1,55,0,0,0,19,0,1
145,5.44,75.7,63.7,2,61,50,66,55,61,46,72,70,65,65,65,54,0,0,0,2,0,85,0,0
146,8.52,83.6,83.5,0,72,59,58,53,64,53,70,66,64,47,52,47,0,0,0,1,40,34,0,0
147,6.8,81.5,67.2,1,67,50,64,65,63,56,74,74,67,62,65,54,0,0,1,0,40,0,0,1
148,7.54,86.5,79.6,0,51,35,59,49,61,37,68,54,52,69,55,59,0,0,1,3,0,51,16,1
149,7.07,78.3,75.8,2,48,42,47,38,55,50,74,66,58,63,61,75,2,55,2,1,63,43,43,1
150,8.61,89.1,90.1,0,55,46,58,51,52,39,79,70,70,67,61,54,0,0,0,1,0,0,0,1
151,5.92,68.5,68.8,1,42,42,57,34,52,42,61,51,55,79,61,59,1,61,1,1,30,0,75,1
152,7.5,74.7,72.8,0,63,38,66,47,53,57,77,71,69,69,59,66,2,80,1,0,59,0,0,1
153,6.13,75.1,78.6,0,69,42,57,53,53,45,63,58,60,69,67,56,0,0,0,2,42,29,0,1
154,8.29,92.6,85.2,0,79,69,82,67,67,47,83,88,82,70,57,51,2,77,0,0,51,59,0,1
155,6.25,80.5,76.8,3,60,57,60,51,61,42,65,63,69,61,57,50,0,0,1,2,19,0,44,0
156,8.01,83.3,78.6,3,83,83,84,77,83,73,69,73,82,67,60,66,0,0,0,0,27,0,0,1
157,7.9,80.4,91.8,0,59,54,65,44,44,43,77,67,55,58,62,70,2,52,2,1,0,42,0,1
158,7.53,74.5,66.9,0,64,52,64,55,62,45,69,73,67,62,62,55,0,0,0,1,66,67,52,1
159,7.32,79.1,83.8,3,81,72,70,70,74,71,75,74,81,54,61,41,0,0,0,2,0,0,0,1
160,7.57,81.9,74.4,3,73,68,65,70,68,48,66,56,66,51,64,56,0,0,1,2,0,42,0,0
161,7.09,78.9,78.4,1,72,64,69,65,59,44,74,60,65,61,50,57,0,0,0,0,0,38,13,1
162,7.56,83.5,75.4,0,69,71,77,67,69,60,69,69,81,66,75,59,0,0,0,1,0,35,27,1
163,5.87,68.4,70.8,3,78,55,63,69,69,64,61,59,65,58,56,59,0,0,1,1,48,37,0,1
164,6.35,72.7,67.7,1,73,75,62,62,69,53,64,56,59,62,67,56,2,80,1,2,82,68,0,1
165,6.55,77.6,80.7,0,86,83,79,75,78,71,67,72,72,57,64,49,2,74,0,0,58,56,0,1
166,6.75,78.9,74.3,1,72,77,76,71,78,58,77,76,75,63,62,59,0,0,0,0,28,34,54,1
167,7.87,74.6,79.6,1,68,45,69,56,63,39,71,66,62,62,63,53,0,0,0,0,19,0,0,1
168,6.97,71.8,74.1,0,59,47,56,60,57,51,65,67,62,58,54,43,0,0,2,3,0,0,0,0
169,8.35,94.1,83.9,0,69,51,65,60,69,42,66,66,71,68,62,65,0,0,0,0,0,0,0,1
170,7.78,87.2,80.6,0,63,47,50,42,46,45,60,59,63,58,48,58,0,0,0,1,24,43,0,1
171,9.43,92.0,91.2,0,56,50,46,63,62,54,54,50,63,66,63,60,0,0,2,1,0,0,0,1
172,8.26,86.6,77.0,1,61,41,55,49,70,40,66,69,62,58,58,53,1,68,1,1,0,90,0,0
173,7.44,82.7,81.4,0,76,63,77,73,71,64,59,76,69,63,60,62,0,0,0,2,69,55,30,1
174,6.66,85.8,81.9,0,62,60,58,63,69,50,56,64,54,57,54,60,0,0,2,0,0,0,0,0
175,7.33,75.5,84.7,0,63,59,63,47,55,44,66,58,56,60,57,55,0,0,0,1,0,0,43,1
176,6.56,76.2,76.3,0,51,56,49,55,42,49,54,70,61,77,63,49,2,71,1,2,0,0,38,1
177,7.9,78.2,90.6,3,63,42,54,50,58,47,59,57,59,66,67,66,0,0,1,1,0,0,56,0
178,8.23,80.6,85.6,0,47,34,47,49,46,29,70,53,58,48,52,45,2,45,0,2,0,17,0,0
179,7.66,85.9,84.7,0,73,72,79,77,67,60,71,72,76,58,64,54,0,0,0,3,51,23,0,1
180,7.61,82.8,80.3,0,65,53,56,63,64,47,64,70,57,63,66,56,0,0,0,0,0,23,0,0
181,7.2,75.6,72.8,0,56,39,51,47,54,38,54,56,50,59,61,54,0,0,0,1,0,0,17,0
182,7.86,88.1,80.3,0,67,48,65,59,61,54,63,60,62,54,52,57,2,58,0,0,0,0,0,1
183,7.18,83.1,77.1,1,86,83,80,87,86,68,70,79,81,46,60,49,0,0,0,1,0,10,0,1
184,7.84,90.8,84.5,2,78,65,64,75,66,51,62,66,61,56,57,59,2,80,2,0,35,41,0,1
185,8.53,85.3,76.4,1,69,58,72,69,75,65,51,58,62,57,57,49,4,75,2,1,0,0,0,1
186,7.05,86.6,78.4,1,69,52,55,62,55,41,53,54,50,52,59,55,0,0,0,0,18,0,0,0
187,7.49,77.3,84.0,3,70,47,65,61,52,52,81,73,74,53,59,56,0,0,1,0,0,44,0,1
188,7.88,84.3,86.4,0,61,60,60,53,64,45,68,58,69,48,43,46,0,0,0,0,0,0,0,0
189,7.06,74.9,78.4,0,57,57,43,49,42,52,53,55,53,53,40,49,0,0,0,0,0,0,0,0
190,8.38,88.8,85.3,0,53,46,57,47,41,34,86,68,64,46,43,63,0,0,0,1,0,55,0,1
191,8.28,83.9,77.1,2,66,51,68,62,65,42,69,81,67,67,60,58,0,0,0,1,0,58,0,1
192,7.56,80.8,81.3,0,64,55,56,59,69,50,59,58,67,71,70,62,1,59,0,1,21,0,67,0
193,6.57,71.6,67.0,3,67,63,67,59,76,63,73,70,74,50,57,58,0,0,1,1,0,55,18,0
194,6.54,76.9,78.6,0,76,76,70,66,67,61,61,66,69,64,69,67,4,47,0,0,0,18,0,1
195,7.85,81.1,81.8,2,68,53,66,61,54,50,66,60,61,65,52,51,0,0,1,1,41,0,0,0
196,6.7,74.2,74.8,0,66,47,56,63,60,54,61,58,66,59,65,66,2,55,0,1,79,64,0,1
197,7.86,81.4,80.7,0,82,72,78,72,66,67,78,66,67,37,48,51,0,0,0,0,0,0,0,0
198,7.09,85.7,80.4,1,71,70,58,69,68,51,57,55,68,55,57,49,0,0,0,2,0,0,10,1
199,7.76,78.9,75.5,0,73,66,83,78,80,54,68,71,76,35,48,41,0,0,0,1,0,0,0,1
200,8.48,82.8,77.7,1,56,53,55,57,54,42,55,60,54,62,63,55,0,0,1,0,0,17,0,1
201,7.8,81.2,78.7,1,66,63,49,53,62,52,54,57,64,61,57,55,1,54,1,2,63,50,23,1
202,7.19,80.3,79.0,0,57,53,41,56,59,53,50,48,55,53,48,44,1,45,0,2,44,26,0,1
203,7.74,77.5,72.0,0,47,42,60,46,53,45,71,69,56,78,70,55,0,0,1,2,30,26,46,1
204,8.55,91.6,84.4,1,60,42,54,53,52,45,67,60,58,70,66,64,0,0,0,0,0,0,0,1
205,6.83,83.0,73.7,0,58,51,62,48,58,48,65,64,67,76,66,67,0,0,0,3,0,0,55,1
206,6.98,79.2,74.5,0,68,54,71,69,71,50,63,65,60,62,61,59,0,0,2,3,22,10,40,0
207,7.28,91.1,77.8,3,60,49,58,52,44,38,56,68,63,57,52,56,0,0,1,0,73,0,0,0
208,8.64,99.0,95.5,0,60,39,57,56,59,54,75,74,67,55,55,54,0,0,0,2,0,10,0,1
209,8.44,91.4,81.1,2,53,51,65,53,52,36,79,72,65,55,62,46,2,67,2,3,0,0,0,1
210,7.69,83.1,79.5,1,63,56,69,54,76,48,82,82,75,68,54,55,3,55,0,0,58,45,0,1
211,7.77,84.3,79.2,1,64,50,64,45,66,51,61,53,66,46,47,58,0,0,1,0,17,19,0,1
212,7.96,85.7,80.9,3,70,50,67,58,61,54,61,58,64,71,64,58,0,0,2,2,0,10,0,0
213,7.13,84.2,79.5,0,72,51,69,65,66,57,61,64,56,70,68,63,0,0,0,3,0,0,0,1
214,6.98,86.4,72.3,2,71,54,69,46,58,41,75,74,75,67,63,45,0,0,0,1,49,40,0,1
215,7.37,85.1,76.6,0,55,46,49,49,52,56,56,49,64,76,61,67,0,0,0,0,0,0,0,0
216,8.93,86.8,88.8,1,68,54,56,65,68,56,54,57,70,71,63,70,0,0,0,2,0,21,60,1
217,6.67,78.3,75.9,1,67,54,76,55,72,53,82,68,65,55,55,57,0,0,0,0,35,0,0,0
218,7.51,76.8,81.4,0,67,58,56,51,62,63,64,60,64,72,61,66,0,0,1,0,37,40,58,0
219,8.5,91.6,90.8,0,79,67,74,72,69,59,77,83,78,75,71,58,0,0,2,1,52,0,0,0
220,7.55,79.2,72.5,0,65,66,66,60,60,55,67,60,66,57,60,62,1,85,1,0,69,46,20,1
221,6.63,70.5,66.4,0,63,56,58,45,62,54,64,60,65,63,58,65,0,0,1,1,45,0,62,1
222,6.32,75.1,70.6,0,51,43,55,41,55,40,70,65,54,63,58,57,0,0,2,2,0,0,0,1
223,7.93,82.0,73.6,0,49,35,41,43,45,31,61,51,55,70,55,61,0,0,0,1,67,0,0,0
224,6.74,75.8,72.6,0,61,45,54,50,56,43,60,57,57,53,56,46,1,46,0,1,28,0,0,0
225,6.82,76.8,64.5,0,77,71,77,73,73,59,72,72,79,59,58,69,0,0,1,1,71,63,0,1
226,7.55,82.3,82.2,0,82,64,69,60,62,62,90,76,69,61,60,68,1,73,1,0,64,0,0,1
227,8.09,91.2,76.5,0,66,57,59,58,71,44,64,61,61,49,42,52,0,0,0,1,0,32,0,1
228,7.49,79.5,82.6,0,58,51,66,45,51,45,70,68,66,56,55,54,1,60,0,2,0,0,0,1
229,8.03,83.9,76.4,0,71,53,66,64,64,57,62,53,64,48,50,52,0,0,1,1,0,0,26,0
230,7.25,74.1,72.2,3,54,67,65,51,66,53,61,51,50,62,53,66,0,0,1,0,0,10,43,0
231,8.14,81.7,83.0,0,81,72,69,74,78,50,57,67,66,56,59,63,3,58,1,0,57,44,32,1
232,8.3,89.5,84.2,0,72,57,56,64,71,56,61,65,64,59,63,49,3,55,0,2,49,50,0,1
233,7.74,81.5,72.1,0,84,68,74,70,73,68,67,63,77,62,72,49,1,60,0,0,28,0,0,1
234,7.81,86.0,81.3,0,72,72,73,65,76,53,76,66,85,64,62,45,0,0,1,0,34,49,0,1
235,6.95,82.2,79.5,2,60,61,66,58,60,61,55,48,57,54,61,48,0,0,1,0,56,55,10,1
236,6.19,75.5,67.6,0,55,26,46,44,46,23,63,57,48,77,57,76,2,49,0,0,0,0,69,1
237,7.38,87.3,71.4,0,47,38,56,33,45,34,63,58,54,74,58,52,0,0,1,1,0,16,0,0
238,6.99,79.8,81.9,0,68,54,62,60,65,41,65,63,73,54,59,64,2,68,0,0,0,0,0,1
239,7.68,78.0,77.7,3,53,45,54,45,64,37,53,56,45,64,59,53,0,0,1,0,21,0,0,0
240,7.4,78.8,81.1,1,57,58,53,59,67,65,51,53,57,64,67,51,1,76,1,1,0,0,0,1
241,8.03,87.9,81.2,0,81,64,73,56,63,57,73,62,70,56,64,57,0,0,0,2,0,0,0,1
242,7.32,82.9,82.0,0,59,55,72,46,61,30,70,59,69,64,60,56,0,0,0,3,0,40,0,0
243,8.42,93.7,93.3,0,68,52,70,57,69,53,66,70,66,61,56,56,0,0,1,1,0,37,0,1
244,6.6,76.5,75.4,0,60,51,46,55,59,30,54,51,54,76,61,68,2,63,1,3,52,73,51,1
245,7.18,73.2,76.5,0,59,50,53,64,51,39,67,56,63,57,56,56,1,57,0,2,0,0,0,1
246,9.71,96.1,94.8,0,72,69,64,61,78,55,76,64,64,70,72,57,1,76,1,1,39,0,0,1
247,8.19,85.5,77.2,2,73,70,70,73,71,50,71,78,74,52,67,54,2,82,2,1,50,0,51,1
248,8.18,97.8,88.1,2,75,62,65,59,66,55,69,69,72,68,63,60,0,0,0,2,0,0,36,1
249,6.73,75.9,76.5,0,71,67,80,60,66,55,77,84,77,61,66,49,0,0,1,0,0,0,0,1
250,7.26,79.2,90.7,1,61,50,58,49,51,46,58,65,63,54,65,51,0,0,1,0,38,20,0,0
251,5.86,75.4,71.6,2,61,51,46,48,49,48,59,59,62,75,72,67,0,0,0,0,0,23,57,0
252,8.75,86.7,80.2,0,67,60,55,64,70,55,67,63,70,64,62,66,0,0,0,1,34,0,44,1
253,9.07,91.9,92.7,0,53,49,57,52,68,41,60,56,56,60,63,63,0,0,1,1,0,0,26,1
254,8.2,88.0,85.7,1,75,71,68,78,76,73,61,68,70,57,57,46,0,0,1,2,78,58,0,1
255,8.09,80.5,79.6,2,49,42,68,49,50,47,72,68,64,65,67,60,0,0,0,1,0,0,0,1
256,7.5,77.3,80.8,1,76,50,73,60,64,56,81,68,64,58,52,45,0,0,0,1,0,0,0,0
257,8.13,87.6,77.0,0,58,62,66,48,59,57,77,74,62,76,62,66,0,0,1,0,0,59,0,1
258,7.41,72.5,72.8,1,65,65,64,61,69,61,63,74,66,49,49,41,0,0,0,0,0,0,0,0
259,5.22,62.4,57.1,0,58,32,65,50,57,49,61,63,66,61,58,59,0,0,0,0,22,26,0,0
260,7.05,84.9,72.4,0,59,44,44,45,57,48,51,54,46,87,77,76,2,66,0,0,0,44,0,1
261,8.59,89.4,84.4,1,76,67,64,62,75,63,51,60,60,59,64,59,0,0,1,0,0,10,0,1
262,5.88,67.6,68.4,1,85,67,82,69,84,62,71,68,74,63,58,63,0,0,0,2,0,0,0,1
263,9.9,96.3,98.0,1,56,39,55,56,62,46,54,56,51,51,49,47,0,0,0,2,0,0,0,0
264,8.09,91.2,86.5,0,55,38,54,39,57,37,71,57,68,67,58,57,0,0,0,0,0,0,0,0
265,7.27,83.8,80.1,0,74,74,79,87,85,58,82,80,79,65,72,55,1,73,0,2,67,62,0,1
266,7.56,92.0,75.0,0,71,54,69,51,67,58,78,71,66,55,62,48,0,0,0,0,0,0,0,1
267,6.6,72.2,71.0,1,45,26,42,39,35,27,70,66,59,56,59,51,2,38,0,1,36,0,38,0
268,8.08,86.7,85.5,0,52,35,47,35,52,48,62,52,51,70,62,63,0,0,1,2,49,0,66,0
269,7.86,82.8,80.1,0,66,56,58,56,63,45,62,52,56,64,68,53,0,0,1,1,0,0,0,1
270,6.65,76.3,69.9,1,53,57,57,44,72,40,76,59,62,75,55,70,3,30,0,0,38,29,0,1
271,7.19,86.8,78.2,0,55,54,62,46,53,48,62,64,63,56,56,45,0,0,1,0,0,0,0,1
272,7.26,84.0,75.4,2,57,39,59,62,53,55,73,64,64,72,68,65,0,0,0,1,29,0,0,1
273,8.97,86.6,85.1,1,71,72,74,76,76,64,46,61,69,59,63,43,3,67,1,2,32,0,0,1
274,7.81,87.4,83.6,0,76,70,67,74,69,62,70,58,70,73,67,42,1,61,0,1,53,0,0,1
275,8.42,83.3,88.7,0,70,53,65,56,59,46,67,57,70,73,64,52,0,0,1,1,51,54,0,1
276,7.24,77.9,79.3,0,65,49,60,60,59,50,69,61,74,60,51,57,0,0,0,1,0,24,0,1
277,7.98,89.5,84.9,0,44,38,55,50,51,46,66,59,61,54,62,53,0,0,1,2,0,18,0,0
278,7.23,89.3,77.6,3,67,62,74,64,51,52,74,61,71,52,55,55,0,0,0,2,0,14,0,0
279,7.11,80.2,80.5,0,63,66,55,57,71,64,59,58,57,60,53,44,0,0,1,1,0,0,0,1
280,8.33,85.5,80.2,3,62,48,66,46,59,53,63,57,65,47,60,55,0,0,0,2,18,11,0,0
281,7.35,76.1,82.2,1,54,46,57,49,47,52,74,68,60,59,60,59,0,0,0,1,23,0,0,0
282,7.14,88.8,87.7,0,61,66,74,57,58,39,72,64,69,65,61,54,3,65,1,1,0,35,0,1
283,7.37,84.2,81.6,0,52,44,58,57,57,51,68,67,59,67,57,56,2,67,0,1,0,0,15,1
284,7.63,92.8,82.9,0,56,45,50,50,55,54,56,55,54,75,69,76,0,0,0,0,0,0,85,1
285,7.54,80.0,76.7,0,66,53,49,52,60,55,60,60,63,58,47,57,0,0,0,1,0,0,18,1
286,8.55,90.8,98.0,1,65,57,73,56,63,59,72,56,55,67,58,60,0,0,0,1,0,0,0,1
287,7.44,87.0,71.2,0,75,53,64,72,72,59,62,76,70,51,56,42,0,0,0,3,0,24,0,1
288,7.84,74.7,84.3,0,56,52,71,47,63,41,67,56,63,58,58,65,0,0,0,0,0,11,0,0
289,6.64,86.9,81.5,1,60,53,70,55,61,51,68,61,65,60,67,63,0,0,0,1,44,28,0,0
290,6.5,73.4,72.3,3,63,54,59,49,59,56,52,53,67,66,59,50,0,0,0,1,0,0,0,0
291,7.42,78.1,76.0,0,46,40,45,40,46,28,49,46,51,64,55,60,0,0,0,1,0,19,56,0
292,7.14,82.8,71.5,0,66,63,57,57,66,49,59,61,63,64,60,57,0,0,0,0,23,28,0,1
293,8.85,91.7,84.8,0,68,60,75,68,66,53,83,74,73,63,62,63,1,83,1,0,0,66,0,1
294,5.8,74.8,66.4,0,62,54,72,46,61,46,84,86,64,61,55,47,1,68,2,1,0,0,0,1
295,6.22,67.1,72.3,2,80,54,67,73,62,51,82,71,80,42,61,60,0,0,0,1,23,25,0,1
296,6.85,82.3,84.6,1,76,52,60,54,66,56,53,58,65,65,62,54,0,0,1,1,50,32,65,1
297,6.93,80.4,59.2,1,63,55,57,56,59,46,66,61,63,80,64,70,0,0,0,1,0,46,68,1
298,7.18,78.5,68.9,0,81,72,71,77,84,72,55,66,69,54,50,53,0,0,0,1,0,0,0,1
299,6.69,69.0,63.3,0,72,53,65,67,80,50,61,68,62,64,64,58,0,0,0,1,0,35,49,1
300,6.17,74.8,69.7,0,57,45,63,44,55,37,70,67,58,78,64,57,0,0,0,0,0,0,59,0
301,8.24,99.0,88.7,0,66,49,59,60,60,48,70,61,54,79,63,74,4,51,0,3,57,23,48,1
302,6.33,76.4,63.6,0,57,36,50,66,71,62,46,46,39,60,70,55,0,0,0,0,44,0,20,0
303,8.77,87.8,86.2,1,54,51,45,50,50,49,42,51,56,55,59,61,0,0,0,0,17,0,0,0
304,6.15,78.3,73.9,0,71,62,73,70,67,62,70,63,72,64,70,59,1,56,2,1,54,29,30,1
305,5.96,63.2,58.2,0,60,44,62,64,57,45,53,57,60,70,58,56,1,57,2,1,32,26,0,0
306,7.13,81.1,68.4,1,59,52,60,58,57,45,56,62,54,68,63,60,0,0,0,3,0,16,0,0
307,6.47,74.1,75.8,0,73,60,65,70,68,48,53,62,56,68,61,49,0,0,0,1,0,0,0,1
308,6.71,74.3,70.1,0,67,60,61,53,70,50,71,66,78,63,63,50,2,53,1,3,47,48,26,1
309,7.73,86.7,76.8,3,70,64,66,60,52,43,58,62,55,80,61,66,0,0,0,1,31,0,0,1
310,7.14,78.6,77.1,0,70,57,67,63,57,45,59,60,61,66,55,53,4,75,1,2,40,52,28,1
311,6.7,80.1,79.6,0,59,58,58,61,66,47,72,64,72,38,56,48,0,0,2,0,0,0,0,1
312,7.83,80.9,75.3,0,77,70,71,62,63,54,65,72,76,49,61,50,0,0,1,2,69,64,26,1
313,7.8,89.1,82.8,2,69,69,65,61,70,61,59,64,72,47,58,45,2,69,0,0,0,0,0,1
314,6.92,80.5,86.4,3,77,51,61,52,55,54,59,70,71,54,51,67,0,0,0,2,16,0,0,0
315,7.41,85.4,81.2,0,56,55,51,55,58,53,52,53,57,75,58,52,3,61,1,0,0,0,31,1
316,9.31,86.8,90.7,3,56,46,64,55,46,54,78,63,69,69,67,70,0,0,1,0,10,0,0,1
317,6.79,76.4,74.4,1,69,51,73,66,69,45,63,66,64,67,61,52,1,58,1,1,0,0,0,1
318,6.71,81.6,71.1,0,53,47,57,53,52,47,72,58,48,51,52,59,0,0,0,0,48,32,0,1
319,8.11,95.3,88.2,0,54,50,63,43,42,38,69,77,64,74,66,68,0,0,0,2,0,0,56,1
320,6.67,71.0,70.3,0,64,60,68,60,66,42,69,64,63,63,66,60,0,0,1,1,0,25,0,0
321,7.15,72.5,82.7,1,60,49,62,54,68,49,66,55,56,75,67,61,0,0,0,2,36,22,0,1
322,7.09,76.5,71.9,2,73,75,73,65,77,66,69,71,67,51,55,37,0,0,0,0,0,0,0,1
323,7.41,74.3,65.6,0,55,46,57,40,53,28,63,68,62,72,57,49,2,73,1,3,82,88,0,1
324,8.25,85.3,82.3,0,68,59,72,56,60,62,60,59,62,54,64,57,2,53,1,1,0,0,36,1
325,7.03,87.5,68.1,0,72,69,72,67,66,60,65,67,71,64,69,69,0,0,1,1,0,0,0,1
326,8.87,99.0,98.0,0,63,41,54,63,50,50,59,41,53,48,53,32,0,0,0,1,51,36,31,1
327,7.53,78.6,71.2,0,61,43,50,56,52,45,56,62,59,51,48,46,3,78,1,1,74,67,0,1
328,6.79,76.2,78.8,0,66,66,65,56,71,48,69,67,70,50,52,50,2,68,1,0,0,0,0,1
329,6.22,71.0,75.8,2,82,69,72,63,75,61,52,61,67,55,60,47,2,75,0,0,20,0,0,1
330,8.41,88.8,85.6,0,56,42,59,59,49,48,76,71,66,57,46,42,0,0,0,1,54,67,0,1
331,6.84,72.5,79.8,1,68,60,73,67,62,51,68,67,68,46,50,41,0,0,1,1,0,0,0,1
332,6.33,75.7,70.2,0,65,60,63,56,58,55,69,69,69,51,47,53,0,0,2,1,0,0,0,1
333,6.68,77.9,73.3,1,74,55,67,59,66,61,50,52,58,59,68,66,0,0,2,1,0,0,0,0
334,7.39,79.9,84.0,1,62,52,53,53,62,45,57,54,69,45,51,50,1,80,1,0,80,90,0,1
335,8.12,87.5,77.3,0,68,62,73,60,76,63,62,67,72,49,50,53,4,81,0,1,45,0,0,1
336,8.16,86.3,80.2,0,55,45,53,40,61,50,61,68,66,75,68,53,0,0,1,0,0,43,0,1
337,7.52,80.3,78.9,0,68,60,62,54,62,47,49,65,64,65,61,39,0,0,0,0,0,46,0,1
338,7.43,78.2,80.9,0,68,55,68,62,66,50,71,72,68,49,57,48,1,82,2,0,64,50,0,1
339,7.44,75.7,69.1,2,77,68,60,79,76,70,52,60,70,61,60,55,0,0,0,0,49,38,24,1
340,7.9,81.6,91.5,1,62,44,49,47,60,48,49,67,45,62,67,69,0,0,0,0,0,0,0,0
341,6.06,76.2,66.2,3,83,64,78,57,66,54,81,71,83,48,61,52,0,0,0,0,44,0,0,1
342,7.97,86.9,87.8,1,64,61,64,67,63,56,62,69,68,52,64,58,3,65,1,0,0,66,0,1
343,7.33,79.7,81.1,2,74,66,77,67,70,75,80,73,79,66,59,61,3,61,0,0,42,10,0,1
344,9.03,86.8,87.6,0,63,50,50,54,56,50,58,52,61,51,59,45,0,0,0,0,28,0,0,0
345,6.47,77.8,71.0,0,63,65,62,64,69,57,72,70,69,62,60,57,0,0,0,0,0,0,0,1
346,7.35,74.1,82.0,0,79,82,67,67,65,58,53,67,73,60,60,61,0,0,0,1,48,63,0,1
347,7.27,78.1,74.0,2,72,66,65,62,72,59,65,66,70,71,68,69,0,0,0,1,0,0,0,1
348,8.8,85.1,85.3,3,60,49,65,59,56,21,66,65,63,82,67,70,0,0,1,3,90,71,70,1
349,5.55,73.1,76.9,3,67,56,62,54,52,40,75,74,65,65,65,52,3,59,0,3,10,10,0,0
350,7.76,82.2,77.6,3,66,59,66,57,75,59,67,55,69,44,59,66,1,73,2,0,44,19,0,0
351,6.54,78.7,78.7,1,75,63,71,56,72,73,75,75,61,51,58,53,2,58,0,2,27,26,0,1
352,6.75,76.0,73.4,0,69,59,78,62,55,63,79,67,64,57,54,58,0,0,1,2,46,0,0,1
353,8.92,96.7,86.2,1,57,53,60,46,52,42,65,56,57,64,56,64,0,0,0,2,31,0,60,1
354,6.46,73.8,79.4,2,63,59,60,68,59,57,58,60,64,65,64,59,4,57,0,1,0,23,57,1
355,6.11,70.3,69.9,3,68,65,63,65,70,67,59,66,59,63,63,55,2,72,1,3,46,0,36,1
356,6.58,80.4,68.9,2,77,65,86,67,64,63,74,69,71,60,60,51,4,58,0,2,0,0,38,1
357,7.39,83.4,80.5,3,75,67,75,73,67,51,60,67,73,77,72,70,2,77,1,0,48,0,59,1
358,6.43,69.9,71.2,2,86,74,78,84,81,77,68,65,81,71,67,59,0,0,0,2,0,0,34,0
359,8.04,84.7,76.3,3,66,52,63,63,67,47,55,57,57,51,52,49,0,0,1,0,0,48,0,1
360,8.28,83.9,87.5,0,52,35,44,51,40,42,51,55,57,66,56,56,0,0,0,3,0,0,36,0
361,7.02,71.0,74.1,2,72,52,75,68,57,56,71,70,74,79,60,59,0,0,0,0,0,28,0,1
362,7.37,84.3,81.9,0,63,55,51,50,56,54,68,65,68,52,61,57,2,74,0,2,35,45,0,1
363,6.06,70.7,62.7,2,57,47,59,48,71,57,54,53,59,48,47,43,2,62,0,0,0,22,0,0
364,6.65,79.2,73.6,3,63,59,67,64,69,59,85,69,70,64,60,47,0,0,0,1,0,0,0,0
365,7.34,83.6,77.1,2,77,63,71,67,71,60,60,65,69,62,54,64,2,76,1,1,0,0,0,1
366,7.28,82.7,78.6,1,56,48,56,50,62,23,64,61,60,51,59,44,0,0,0,1,0,0,0,0
367,7.83,76.4,80.8,0,62,57,63,58,54,49,53,57,59,50,55,61,0,0,0,1,0,0,0,0
368,6.04,69.5,63.6,0,61,57,56,57,67,42,55,61,63,65,66,48,4,53,0,3,76,57,45,1
369,7.89,79.5,76.5,2,71,67,67,66,63,64,61,70,66,46,53,55,0,0,0,0,59,0,0,1
370,6.68,71.2,72.1,0,77,67,73,64,70,63,81,78,87,50,55,53,1,70,1,3,0,0,0,1
371,6.14,70.4,75.1,0,64,60,60,58,69,58,68,71,63,61,59,68,0,0,0,0,10,10,51,0
372,7.52,78.9,79.0,2,68,49,56,61,62,45,62,61,61,53,61,54,0,0,0,0,0,0,0,0
373,7.66,76.3,83.8,0,74,69,80,76,74,66,68,67,78,47,57,56,1,71,0,1,0,19,0,1
374,8.45,89.5,85.4,2,80,67,64,69,61,56,58,60,78,81,67,63,2,73,1,0,61,41,49,1
375,7.49,84.5,81.9,0,62,59,65,60,62,50,59,57,55,56,57,66,0,0,0,1,0,0,0,1
376,5.77,69.2,63.0,1,78,69,63,73,64,59,65,55,70,85,81,69,0,0,1,1,25,22,0,1
377,7.51,80.6,72.7,1,57,43,54,52,52,47,59,59,54,49,49,50,0,0,0,0,0,23,0,0
378,7.52,80.4,82.3,0,65,52,69,57,61,46,84,69,71,67,64,56,0,0,0,2,12,0,46,1
379,6.64,74.8,82.6,0,71,57,69,60,59,55,73,69,67,64,55,63,0,0,1,0,0,57,26,1
380,6.58,79.9,70.3,0,65,68,63,59,59,48,70,72,67,55,55,39,0,0,0,3,0,40,0,1
381,7.14,74.8,73.0,0,81,67,71,63,68,55,60,59,76,71,56,54,1,88,1,1,90,88,0,1
382,7.02,76.6,68.9,3,49,32,46,38,49,29,59,56,52,45,35,34,0,0,1,2,50,45,0,0
383,8.93,86.6,87.6,1,57,53,56,42,59,58,60,52,55,62,55,64,1,58,1,1,0,0,0,1
384,8.2,88.8,87.0,0,56,54,45,45,43,56,55,56,57,51,44,45,4,73,0,0,41,54,0,0
385,9.2,94.2,86.4,2,60,44,52,44,61,39,52,55,56,74,61,61,1,60,1,2,0,53,0,0
386,8.34,82.6,85.0,0,69,55,51,60,61,60,57,64,71,64,58,52,0,0,0,2,0,0,33,0
387,6.96,86.1,78.7,0,63,57,63,63,63,48,61,49,58,68,68,53,2,72,2,0,77,90,0,1
388,8.7,88.8,89.2,0,68,66,60,61,53,56,64,62,52,64,59,66,0,0,1,1,0,80,0,1
389,8.54,92.6,74.8,0,69,60,69,59,72,49,54,53,62,53,66,40,0,0,0,0,0,10,0,0
390,8.18,94.5,93.8,0,61,51,57,57,56,50,60,69,63,70,66,64,0,0,0,2,17,17,59,1
391,6.47,76.7,71.2,1,61,52,61,49,55,39,61,60,56,56,70,73,0,0,1,2,0,0,42,0
392,7.68,88.9,80.4,1,60,48,70,55,53,46,65,58,63,56,59,52,0,0,2,1,0,0,0,1
393,8.05,93.0,77.3,3,64,51,58,58,56,52,68,68,56,65,60,52,0,0,0,0,31,0,0,0
394,7.56,80.8,77.9,2,68,55,47,69,59,53,43,54,54,64,59,58,0,0,1,2,42,55,0,1
395,7.12,74.4,78.5,0,74,64,70,71,71,66,57,75,75,68,50,53,0,0,1,2,64,51,0,1
396,7.39,77.5,82.5,1,47,44,34,46,41,40,40,41,30,67,58,57,0,0,1,1,0,0,0,0
397,6.09,82.7,72.5,1,66,55,70,52,54,46,62,74,66,65,63,70,2,55,0,2,0,21,43,1
398,7.99,89.4,85.4,2,69,66,72,54,69,62,66,67,63,64,65,46,1,55,1,0,41,0,0,1
399,9.18,90.0,89.2,1,55,37,56,56,53,36,55,51,43,58,64,51,2,77,1,0,65,0,0,0
400,7.91,75.4,84.5,0,68,59,65,68,57,61,66,70,68,82,67,65,0,0,1,0,77,80,37,1
401,6.6,79.4,81.3,1,68,69,63,59,64,57,55,57,73,62,58,56,0,0,0,0,38,0,0,1
402,7.64,79.2,86.3,0,62,54,57,60,51,47,66,67,65,52,61,57,0,0,0,1,0,0,0,1
403,5.56,75.3,68.1,1,65,46,61,54,58,47,65,71,68,61,41,50,0,0,0,1,0,0,0,1
404,6.39,76.2,72.3,0,52,48,45,39,49,47,58,58,56,51,46,47,0,0,0,0,0,0,0,0
405,7.07,79.8,74.4,0,86,70,69,82,88,57,68,68,70,68,70,64,0,0,1,0,0,0,0,1
406,6.79,73.5,74.1,0,65,59,64,60,73,40,71,68,68,62,56,58,0,0,0,1,0,0,0,0
407,7.34,79.6,80.2,0,70,57,54,63,66,59,60,68,60,74,63,55,0,0,1,1,0,0,0,1
408,6.63,80.9,71.6,0,54,37,52,53,46,32,59,62,52,45,56,41,4,47,0,0,0,0,0,1
409,7.56,85.4,82.5,0,52,31,61,51,49,36,53,44,51,76,61,69,2,54,0,0,42,41,0,0
410,7.61,81.7,87.5,1,65,59,60,56,67,44,71,62,65,72,60,54,0,0,0,1,0,0,47,0
411,7.24,78.5,73.2,0,44,33,48,30,53,25,76,50,43,74,62,58,0,0,2,1,0,47,73,0
412,7.26,72.5,75.2,0,65,76,59,71,71,51,66,65,64,64,65,69,2,64,1,1,69,72,0,1
413,7.03,74.7,73.4,0,66,66,71,55,65,62,74,58,71,66,68,67,0,0,1,1,53,50,0,1
414,7.63,82.7,81.2,3,63,44,67,56,57,37,68,64,66,67,63,66,0,0,0,1,0,0,0,0
415,7.4,85.5,79.7,2,70,60,66,65,61,45,62,64,61,66,62,63,0,0,1,0,55,53,41,0
416,7.26,79.8,71.3,1,56,38,64,46,50,27,72,67,62,66,59,59,1,69,0,0,50,48,0,1
417,6.59,72.9,69.4,2,68,43,65,62,55,48,69,58,72,54,50,41,1,62,0,3,0,31,0,0
418,8.88,89.9,86.7,0,58,43,71,54,61,48,71,64,59,76,64,67,0,0,0,1,18,32,56,1
419,8.66,86.8,78.4,0,71,59,64,59,67,56,64,62,61,71,65,58,0,0,0,1,23,0,0,0
420,7.41,80.8,86.1,0,63,58,49,56,61,62,58,56,50,72,63,67,0,0,1,0,0,0,0,0
421,5.49,67.1,71.0,1,63,38,40,46,61,49,55,51,55,64,65,65,0,0,0,3,0,0,0,0
422,9.65,99.0,97.8,1,67,58,66,53,54,57,69,62,64,63,68,58,3,61,0,0,0,0,0,1
423,7.64,93.2,84.8,0,72,49,60,51,60,58,52,54,62,76,58,51,1,70,0,1,70,50,58,1
424,7.04,74.2,71.0,2,67,55,53,57,63,53,46,54,60,57,59,47,0,0,1,0,58,40,24,1
425,7.59,85.2,77.4,2,69,57,63,58,70,55,68,63,75,54,69,52,0,0,0,0,10,0,0,1
426,6.75,71.7,68.9,1,67,60,66,60,57,42,75,69,69,58,61,49,0,0,1,0,46,47,0,1
427,6.43,72.1,69.7,3,49,42,55,51,57,44,59,45,54,52,52,52,0,0,0,0,0,14,0,0
428,6.13,74.6,66.9,2,67,51,75,71,67,59,81,73,71,67,64,49,1,70,0,0,24,37,0,1
429,6.22,86.7,71.5,1,71,73,60,73,67,46,65,58,62,53,54,44,0,0,0,0,68,71,0,1
430,7.72,84.3,78.5,3,57,48,66,44,54,29,60,57,62,64,55,56,3,59,0,3,0,0,0,0
431,7.76,92.8,86.5,1,47,44,42,46,53,40,48,49,43,54,53,52,3,56,0,0,0,0,0,0
432,8.39,90.7,83.2,3,54,42,61,51,51,57,62,52,61,74,63,69,0,0,0,0,0,0,70,0
433,7.46,81.3,81.1,1,61,51,50,54,63,43,63,51,64,77,68,64,0,0,2,0,28,24,59,1
434,6.57,75.4,76.2,0,58,53,62,60,57,47,65,72,62,62,57,55,3,60,0,0,53,44,0,1
435,8.29,87.3,85.8,0,66,56,73,57,70,52,81,68,64,70,66,63,0,0,1,0,50,0,0,1
436,6.41,73.7,78.5,1,83,74,72,68,86,55,70,79,75,62,45,50,4,72,1,2,0,31,0,1
437,8.8,91.6,89.3,0,70,52,68,53,59,50,55,69,63,62,58,51,0,0,0,0,0,0,0,1
438,6.04,65.0,77.5,0,87,73,77,79,74,60,64,65,77,43,56,49,0,0,0,1,0,0,0,0
439,6.83,77.1,64.3,0,71,63,65,54,66,53,71,78,65,41,49,47,0,0,2,2,59,0,0,1
440,7.31,68.1,68.6,0,64,58,61,51,52,60,68,57,64,57,63,65,1,65,0,3,0,52,0,1
441,8.48,82.8,84.8,0,73,59,72,62,56,54,49,59,52,59,62,59,0,0,2,1,0,0,33,0
442,7.14,76.0,72.7,0,62,45,68,50,58,48,84,72,68,53,64,53,0,0,1,0,0,16,0,0
443,8.88,97.4,96.2,3,65,45,60,47,49,47,63,60,60,67,54,53,1,53,0,0,0,0,0,1
444,5.76,72.0,68.9,0,81,77,74,70,80,68,76,70,80,52,52,47,0,0,1,0,0,57,0,1
445,7.89,83.2,89.9,0,71,68,61,64,74,68,55,59,69,46,48,35,0,0,1,2,0,29,0,1
446,6.77,78.5,74.0,0,49,22,44,44,41,46,68,53,50,63,58,48,1,67,1,1,53,0,0,0
447,6.41,70.3,67.6,3,64,51,62,62,58,49,61,56,66,62,71,64,1,64,2,2,54,0,0,1
448,5.49,59.5,55.4,1,46,42,47,40,55,45,57,44,48,56,58,45,0,0,1,0,34,23,0,0
449,7.18,79.3,71.3,0,76,62,58,67,71,62,64,57,69,57,65,64,2,67,0,2,0,0,0,1
450,7.51,82.6,76.8,0,69,64,58,57,70,52,68,65,53,59,63,59,0,0,0,2,0,53,54,1
451,6.7,72.7,73.6,0,76,68,67,71,79,66,64,65,81,53,64,57,0,0,0,1,0,10,0,1
452,8.46,92.2,80.5,1,57,59,63,58,63,37,70,61,63,65,55,62,2,46,0,0,22,0,0,1
453,8.87,90.0,91.0,0,62,49,49,62,55,48,54,59,57,68,53,57,3,44,0,1,37,0,0,1
454,9.39,90.0,81.8,0,56,49,51,50,56,39,53,56,49,60,57,49,0,0,0,1,0,0,0,1
455,6.06,66.3,67.7,0,72,74,70,64,73,66,75,68,86,54,57,54,4,73,0,0,0,0,0,1
456,6.3,74.3,67.8,1,67,57,64,52,61,50,68,71,69,52,49,52,0,0,0,3,0,10,0,0
457,7.58,84.8,73.1,0,71,54,65,79,64,51,58,59,64,67,66,62,1,55,0,1,0,0,44,1
458,5.48,63.3,59.5,0,64,53,69,67,58,58,64,55,56,59,62,58,1,65,0,3,0,0,33,0
459,7.82,83.0,77.3,1,77,66,64,62,61,54,62,61,67,81,75,73,0,0,0,0,0,10,0,1
460,6.79,79.1,84.7,0,56,61,54,58,63,36,66,59,62,66,56,55,2,49,0,0,0,0,43,1
461,4.53,66.4,57.9,1,55,50,47,52,37,44,45,39,52,61,52,60,0,0,0,0,0,0,36,0
462,7.15,76.6,70.5,0,56,43,42,47,50,42,50,49,55,57,65,36,0,0,0,2,0,0,0,0
463,8.76,97.0,90.4,0,62,63,57,58,51,46,78,63,75,66,66,68,0,0,1,0,10,32,0,1
464,8.41,92.6,77.4,0,84,69,73,77,69,66,71,74,79,54,59,54,0,0,0,1,0,0,0,1
465,8.91,89.8,91.8,2,64,67,65,59,64,55,61,62,64,70,67,61,0,0,0,2,50,0,33,1
466,7.24,82.8,83.9,0,58,42,50,50,43,32,69,62,60,57,54,57,2,61,1,0,0,0,0,1
467,6.12,72.2,67.9,3,81,78,70,74,85,63,67,66,73,46,65,50,1,63,2,1,33,32,0,1
468,7.42,79.2,76.7,0,51,42,56,52,40,44,57,55,53,49,61,56,1,41,1,1,0,0,13,1
469,7.5,84.6,88.0,0,64,65,47,51,70,38,71,61,69,46,45,40,2,55,0,2,0,0,0,0
470,6.57,86.0,68.1,1,70,67,68,69,57,51,60,62,72,67,62,68,0,0,0,0,41,32,0,1
471,6.59,69.0,67.9,2,84,67,71,79,90,57,66,72,71,57,63,52,0,0,0,0,24,10,0,1
472,8.18,85.4,90.2,3,68,47,54,65,64,49,59,61,62,61,56,41,0,0,0,1,0,32,0,1
473,9.02,97.5,88.4,0,64,66,72,64,67,49,57,65,55,66,65,51,0,0,0,0,57,69,0,1
474,6.42,76.1,75.1,1,53,45,51,57,45,39,59,65,59,65,52,57,3,49,0,1,0,10,0,1
475,8.95,89.9,86.6,1,72,53,67,62,71,54,72,67,74,58,63,69,0,0,0,1,0,28,0,1
476,7.91,84.7,86.4,2,57,50,65,55,50,50,71,76,57,60,66,61,0,0,0,1,0,0,45,1
477,7.41,83.5,77.7,1,51,42,56,32,47,28,72,58,58,72,60,65,1,61,0,1,0,43,69,0
478,8.22,87.3,80.6,0,65,47,52,49,49,54,70,50,57,76,63,62,3,55,0,1,0,0,48,1
479,7.72,90.7,81.9,2,58,45,57,49,69,45,63,57,58,61,59,40,1,58,1,1,0,0,11,0
480,8.37,95.6,92.5,0,39,34,44,39,42,38,65,62,57,64,57,66,0,0,1,0,0,0,0,0
481,8.84,82.8,79.6,0,45,36,52,38,45,28,73,62,46,64,51,58,0,0,1,0,0,0,0,0
482,6.18,68.8,73.3,0,73,70,64,64,60,52,61,68,74,53,61,46,0,0,0,0,0,10,0,1
483,7.95,89.2,80.2,0,76,76,63,78,79,67,58,65,68,56,64,57,1,66,1,0,0,0,0,1
484,6.39,80.0,71.6,0,66,49,55,63,64,67,56,65,61,61,56,55,2,71,0,3,81,0,29,1
485,9.08,95.9,94.3,0,53,42,51,41,48,43,50,52,50,72,57,50,0,0,0,1,0,0,64,0
486,5.81,75.8,59.9,1,68,53,71,59,64,61,71,64,68,57,54,55,0,0,0,0,31,0,0,1
487,6.86,73.6,72.8,1,64,49,57,68,53,55,66,62,76,48,55,51,0,0,0,0,51,50,37,1
488,6.85,77.6,73.4,3,73,60,72,80,72,58,72,71,73,61,63,59,0,0,1,0,0,18,0,1
489,6.94,84.9,72.5,0,87,73,61,74,76,61,66,70,79,50,68,43,1,85,1,0,86,64,0,1
490,7.0,74.5,68.2,0,41,27,38,35,51,32,54,64,43,76,56,62,0,0,0,1,0,41,72,0
491,6.84,77.3,65.1,0,64,55,75,63,71,47,63,55,57,47,51,52,3,77,0,2,65,0,0,1
492,7.31,79.1,75.6,0,78,69,75,75,72,67,67,70,71,53,49,50,2,85,2,2,77,78,0,1
493,7.21,79.7,68.8,0,80,72,58,57,69,60,62,65,65,46,57,56,0,0,1,1,0,0,0,0
494,7.24,82.8,79.4,2,48,32,58,44,51,31,78,70,61,46,52,54,0,0,2,1,0,60,0,0
495,6.45,77.0,74.7,1,61,64,67,56,63,54,71,75,60,38,46,66,0,0,0,0,0,28,0,0
496,7.43,77.7,89.0,1,61,51,59,54,61,48,66,60,63,76,67,73,0,0,0,1,52,40,68,0
497,8.13,89.5,75.1,0,77,62,74,64,66,60,72,75,66,58,62,55,0,0,0,1,0,21,32,1
498,6.35,72.0,78.9,0,71,64,67,64,58,44,63,66,69,69,64,64,3,82,0,2,43,39,45,1
499,7.22,80.7,82.2,2,73,49,58,57,57,49,69,61,56,54,58,51,1,43,1,3,0,13,0,0
500,7.35,76.5,75.6,0,53,28,44,55,54,38,51,42,47,49,57,60,0,0,0,1,24,0,0,0
501,6.84,73.2,73.0,2,81,68,67,62,63,49,66,57,65,60,67,60,0,0,0,1,77,56,0,1
502,6.34,71.2,67.8,1,58,41,52,60,63,49,55,47,61,53,53,45,0,0,1,1,12,0,0,0
503,9.23,92.2,91.8,0,67,60,58,48,63,39,65,58,55,49,56,57,1,44,0,0,10,0,0,0
504,8.19,84.2,82.9,2,72,58,70,73,78,61,68,70,80,67,65,66,0,0,1,3,0,0,73,1
505,8.06,82.2,77.2,0,60,39,67,59,68,57,63,54,65,48,61,57,0,0,0,1,0,25,0,1
506,8.57,91.4,86.0,0,66,65,69,66,57,53,62,59,66,63,59,62,0,0,0,1,0,0,0,0
507,7.68,83.7,80.3,0,62,63,57,59,69,48,59,62,68,59,55,62,0,0,0,2,0,0,0,1
508,6.41,73.7,68.5,0,76,68,59,74,64,55,64,57,73,54,58,58,0,0,1,3,0,90,0,1
509,7.69,80.1,81.7,1,66,61,64,65,66,48,56,60,68,57,59,54,2,60,1,0,22,15,25,0
510,6.28,69.2,68.9,0,50,56,52,43,56,37,73,66,46,77,69,70,3,76,1,0,0,0,85,1
511,6.46,77.7,79.4,0,60,48,61,48,55,51,73,59,55,65,57,62,1,71,0,1,0,0,0,1
512,7.37,75.0,68.6,0,72,53,67,69,69,61,69,62,69,56,58,51,0,0,0,1,0,65,0,1
513,6.95,75.1,76.7,0,70,62,71,71,50,60,73,60,68,75,74,60,1,46,0,1,28,0,0,1
514,6.16,69.7,64.3,1,65,56,68,53,58,48,77,61,76,56,55,59,0,0,1,0,0,0,0,1
515,7.71,89.5,83.4,0,65,63,65,62,63,50,63,77,60,59,64,62,2,56,1,0,0,45,21,1
516,8.31,84.0,85.4,1,55,51,63,46,50,47,63,50,50,51,56,47,1,71,0,2,0,0,0,0
517,7.23,77.7,79.2,2,69,67,67,67,66,53,69,64,63,62,69,64,0,0,0,2,0,0,0,1
518,8.13,85.4,76.1,1,73,56,72,65,66,61,70,69,75,61,58,51,3,76,0,0,38,36,0,1
519,8.09,84.8,79.6,2,62,64,57,53,64,59,48,53,59,78,69,61,0,0,0,3,0,0,67,0
520,7.24,77.3,74.1,1,65,58,58,53,58,58,57,62,60,73,75,69,0,0,1,3,0,0,35,1
521,7.87,96.2,77.3,1,61,36,68,51,63,46,67,67,60,52,50,37,0,0,0,3,0,0,0,0
522,6.4,81.7,75.3,2,48,31,49,40,33,31,64,63,51,83,69,63,0,0,0,1,0,0,0,0
523,8.3,90.1,69.8,2,65,57,58,62,70,50,74,59,67,56,57,59,0,0,0,0,0,0,25,1
524,7.13,79.9,70.7,2,76,56,73,69,64,58,66,71,65,61,62,52,2,76,0,1,0,0,27,1
525,7.23,76.2,79.5,1,78,71,78,70,77,59,68,77,76,65,67,65,0,0,0,0,0,49,53,1
526,9.5,99.0,87.1,0,90,81,85,87,75,73,79,71,74,46,53,37,0,0,1,0,37,12,0,1
527,7.96,80.7,79.5,1,67,52,57,58,50,50,75,79,62,70,72,58,0,0,0,0,0,26,85,1
528,7.88,87.4,86.0,1,75,58,64,59,63,56,62,57,52,59,60,66,2,82,1,0,77,82,49,1
529,8.14,87.3,83.5,0,75,55,68,65,65,59,68,73,67,65,68,57,3,51,0,0,25,0,0,1
530,6.66,84.2,71.7,0,72,51,65,52,69,55,63,64,67,61,57,60,2,73,0,0,0,0,24,1
531,7.62,81.7,84.6,2,67,43,66,53,64,58,64,58,57,79,73,75,0,0,0,1,0,0,68,1
532,9.83,92.9,82.4,3,53,37,47,46,56,41,75,56,54,52,45,50,0,0,1,1,68,0,0,0
533,6.18,74.3,71.5,0,80,64,73,80,66,72,59,57,77,67,66,65,1,82,1,0,84,0,0,1
534,7.9,77.6,77.9,0,74,53,60,66,66,56,57,51,72,67,70,64,1,69,0,1,69,73,47,1
535,8.63,88.0,88.0,1,76,52,75,69,68,48,62,65,62,45,61,57,0,0,0,0,0,32,0,1
536,8.39,91.3,82.2,1,56,49,56,54,56,42,58,61,59,61,60,60,0,0,1,1,60,82,0,0
537,6.97,77.2,75.3,2,77,64,68,71,69,53,60,54,64,60,63,59,0,0,0,2,0,10,0,1
538,6.33,76.7,80.7,3,58,59,61,57,73,51,64,59,68,52,54,55,2,39,0,1,0,0,0,0
539,7.65,79.0,75.9,1,65,61,65,57,57,63,58,62,63,60,55,71,0,0,0,1,0,0,0,0
540,6.74,72.4,67.3,0,78,64,76,69,63,56,80,71,73,67,68,58,0,0,0,1,0,0,0,1
541,7.71,81.5,75.0,0,75,59,75,70,67,58,60,62,67,69,66,59,4,73,1,1,0,74,0,1
542,6.61,77.8,69.7,1,55,39,62,52,59,46,70,57,55,71,60,54,1,86,1,1,58,57,57,1
543,6.28,74.1,73.1,3,77,64,75,72,79,62,77,62,72,63,56,57,0,0,0,1,53,50,67,1
544,5.76,72.2,62.4,0,55,54,46,47,48,44,53,49,49,56,45,55,2,49,0,2,0,0,0,0
545,6.72,76.1,77.0,3,68,59,64,57,59,38,65,66,74,45,49,60,0,0,0,0,11,10,41,1
546,6.57,79.9,74.1,2,58,52,48,59,51,52,53,52,58,67,57,52,0,0,0,3,0,0,0,0
547,6.9,81.1,71.2,0,72,58,65,56,55,44,67,73,66,37,53,42,3,65,0,2,0,47,0,1
548,7.2,80.8,83.3,1,59,41,50,58,56,51,61,49,55,56,45,48,1,56,0,0,36,27,0,0
549,8.45,85.1,87.1,0,58,43,38,38,51,46,59,49,50,56,63,58,0,0,0,0,0,10,0,0
550,6.45,75.8,75.1,0,62,60,68,64,65,43,76,79,69,70,57,63,0,0,1,0,0,17,54,1
551,7.31,79.6,77.2,1,55,42,58,50,53,45,82,73,63,65,58,52,4,60,0,2,0,39,47,1
552,6.7,85.5,71.5,1,75,51,69,58,54,51,68,67,67,50,52,39,0,0,0,2,0,0,0,0
553,6.39,82.3,85.4,1,68,63,59,51,60,48,68,70,67,53,43,53,0,0,1,0,74,0,0,1
554,6.82,77.5,77.0,0,66,57,70,64,59,61,59,60,61,58,61,54,0,0,1,0,0,0,0,1
555,8.99,89.5,89.9,0,57,44,45,52,54,53,64,57,61,70,53,61,0,0,0,0,0,0,0,1
556,8.76,93.9,97.0,1,72,61,72,60,71,55,59,62,64,50,63,56,0,0,0,0,23,0,25,0
557,7.59,66.2,72.0,0,53,43,48,49,46,36,68,57,58,75,68,66,2,61,1,3,0,69,71,1
558,7.24,82.1,77.6,2,53,53,56,52,61,44,62,54,60,69,62,60,0,0,1,0,0,0,0,0
559,7.7,75.2,85.7,0,72,74,58,61,70,56,63,65,58,57,49,55,4,53,1,2,45,33,0,1
560,7.77,78.6,73.2,1,83,69,68,63,70,57,81,73,71,51,65,56,0,0,1,0,45,42,10,1
561,6.84,81.7,76.2,2,84,83,84,92,87,77,56,63,84,62,59,50,0,0,0,1,54,0,0,1
562,6.83,66.4,77.1,0,59,54,66,54,58,47,74,65,62,65,59,43,0,0,0,2,73,45,57,1
563,5.91,68.3,74.5,1,47,34,62,38,40,41,79,65,65,63,53,50,2,58,1,1,23,0,0,1
564,8.89,99.0,86.2,3,54,49,59,45,50,41,59,58,55,55,48,57,3,38,0,1,0,0,30,0
565,6.08,68.2,68.5,1,67,58,62,56,66,50,71,68,69,64,54,62,0,0,0,1,0,0,0,0
566,6.62,68.2,67.7,0,68,57,64,56,46,43,81,76,77,59,58,51,2,53,0,3,0,0,0,1
567,7.79,85.9,79.3,0,70,61,74,54,72,57,76,71,75,61,63,64,3,62,0,2,0,0,49,1
568,8.62,89.7,98.0,0,61,48,61,57,68,51,69,67,60,43,53,52,0,0,1,2,76,0,0,0
569,7.93,81.1,83.6,1,54,48,49,49,50,46,60,59,52,70,60,60,0,0,1,3,0,0,0,0
570,6.63,75.5,71.2,0,69,70,69,62,64,50,73,71,59,66,57,63,2,61,1,2,54,56,0,1
571,5.61,68.2,70.1,0,47,39,38,39,45,37,52,58,46,51,48,53,2,42,0,1,0,0,0,0
572,7.85,85.7,81.6,1,70,52,69,65,66,48,70,76,66,67,63,55,2,51,0,0,0,30,0,1
573,7.36,88.8,85.8,2,65,55,58,55,54,40,66,63,70,63,71,52,0,0,0,1,0,0,0,1
574,8.67,93.3,90.2,2,67,45,54,58,63,34,56,56,50,60,60,55,0,0,0,2,0,0,0,1
575,6.99,69.7,74.5,1,73,66,70,62,67,65,75,73,80,62,61,57,3,49,0,1,0,0,54,1
576,8.87,82.3,79.5,1,72,85,64,64,69,49,77,70,72,72,71,53,0,0,1,2,18,38,0,1
577,6.68,72.9,70.2,1,59,42,52,45,52,37,67,63,53,79,69,74,0,0,0,1,0,0,0,0
578,7.15,91.7,79.5,0,74,63,66,68,61,73,68,66,66,70,71,72,0,0,0,0,0,27,0,1
579,6.79,73.6,78.0,0,71,60,70,71,73,61,72,67,63,69,69,49,2,65,2,0,63,0,68,1
580,8.55,87.2,80.3,1,60,54,56,47,50,50,76,63,71,68,61,58,3,54,1,2,58,66,0,1
581,6.58,72.5,64.0,0,58,39,61,46,50,40,67,62,53,45,51,49,1,59,0,2,21,0,0,0
582,7.01,71.0,71.2,1,75,54,53,64,64,48,67,62,66,76,77,60,1,56,0,2,0,0,43,1
583,7.66,84.2,78.1,1,69,52,64,55,63,38,51,50,53,53,55,49,0,0,1,2,0,55,0,0
584,6.38,73.6,76.6,2,55,48,59,61,46,56,40,55,51,64,57,53,0,0,1,1,0,33,0,0
585,6.75,69.8,68.4,1,73,53,73,66,64,60,72,75,68,63,63,56,1,61,0,0,59,0,0,1
586,8.49,94.0,85.9,0,73,52,65,55,54,47,75,69,71,53,60,50,0,0,0,1,16,0,0,1
587,6.94,79.2,83.3,2,65,55,66,65,70,51,64,69,70,61,64,56,0,0,0,1,0,0,0,1
588,7.75,78.4,69.5,3,63,54,66,58,62,63,62,59,57,49,56,53,0,0,0,0,0,0,32,0
589,8.41,80.8,80.2,0,50,32,57,51,43,50,55,49,61,48,55,48,3,52,1,1,47,52,0,0
590,4.91,61.2,69.1,1,60,47,55,55,40,51,64,70,60,60,55,50,0,0,0,2,0,0,10,1
591,7.15,85.3,74.3,1,80,63,58,63,71,48,63,66,73,73,65,65,0,0,1,1,76,50,0,1
592,7.89,86.0,81.0,1,45,44,49,53,47,43,62,52,53,61,56,62,2,55,1,0,0,0,0,1
593,6.72,77.9,74.4,1,66,49,75,59,62,55,75,75,63,67,56,59,1,58,1,0,0,0,52,1
594,9.9,99.0,98.0,2,47,47,44,50,61,26,58,52,50,55,53,52,0,0,0,2,0,27,0,0
595,6.68,69.7,67.7,3,74,61,59,72,64,46,71,79,79,39,51,41,0,0,0,2,37,0,0,1
596,7.47,87.8,80.0,0,66,49,65,59,58,54,63,67,60,68,64,64,0,0,0,0,0,33,47,1
597,7.56,77.2,73.4,0,53,44,60,39,42,36,68,64,60,74,58,62,0,0,0,2,0,0,77,0
598,7.03,75.2,63.4,3,40,31,44,32,41,33,65,59,53,66,48,61,1,60,1,1,0,38,0,0
599,8.4,91.8,88.8,0,69,63,67,58,68,63,76,63,71,61,63,62,2,56,1,1,0,0,0,1
600,6.27,75.3,76.1,1,72,60,61,71,65,56,72,69,70,46,61,49,0,0,0,0,0,51,0,1
601,8.0,88.4,80.5,0,63,66,58,55,67,53,69,62,71,68,62,58,0,0,0,2,0,15,0,1
602,5.74,69.8,63.6,1,68,52,66,73,63,46,70,63,68,67,76,69,0,0,0,1,0,0,82,1
603,8.46,88.4,82.9,0,79,58,65,76,67,65,60,67,67,54,63,36,0,0,1,2,0,0,0,1
604,8.75,82.5,80.1,0,78,73,79,62,66,67,73,81,77,61,65,54,1,63,0,0,18,0,34,1
605,6.38,73.1,61.8,1,75,57,67,65,64,47,66,64,64,51,60,58,0,0,0,2,58,46,10,1
606,6.37,76.4,72.5,0,60,60,58,57,65,65,70,71,71,84,70,68,0,0,1,3,45,39,65,1
607,8.5,85.4,76.2,0,76,61,76,70,72,61,68,65,85,62,54,52,0,0,0,0,0,0,0,1
608,7.12,86.4,74.3,0,55,39,59,59,45,44,67,59,48,77,63,57,0,0,1,2,55,36,76,1
609,7.83,82.9,74.9,0,74,56,64,56,53,50,61,68,64,64,61,60,1,53,1,2,0,0,10,1
610,7.17,74.7,83.3,2,69,61,62,64,60,58,60,67,63,51,50,52,0,0,0,2,45,47,0,1
611,7.07,83.3,73.4,0,77,67,72,76,78,61,67,65,79,65,57,64,0,0,0,0,83,66,33,1
612,8.02,80.2,83.3,0,55,37,52,55,58,43,52,56,50,64,56,53,0,0,0,0,0,0,67,0
613,6.01,81.0,69.0,2,54,36,47,50,53,44,50,54,54,60,61,53,0,0,0,0,0,0,0,0
614,7.91,90.9,74.8,1,49,38,48,44,51,33,57,56,54,47,40,42,0,0,0,0,0,25,0,0
615,6.41,80.7,74.4,0,69,56,65,60,76,52,67,74,69,51,53,44,1,63,1,0,0,0,0,1
616,6.84,71.9,68.3,1,82,61,65,69,69,64,67,66,81,62,60,61,1,66,1,0,40,0,0,1
617,6.87,69.7,66.8,0,60,60,59,51,55,60,75,75,60,62,60,68,0,0,0,0,0,10,0,1
618,6.22,74.2,66.9,2,72,57,78,56,72,56,75,70,79,71,65,66,0,0,1,0,70,60,0,1
619,6.93,76.9,74.6,1,53,52,59,50,56,25,54,46,53,74,60,67,0,0,1,1,0,43,58,1
620,8.71,91.2,87.0,0,66,60,58,55,55,49,62,44,62,59,50,54,0,0,1,1,0,18,30,1
621,7.56,82.7,73.6,1,50,39,36,51,48,34,49,45,50,55,53,46,0,0,0,1,0,0,0,0
622,6.89,71.0,80.1,0,68,61,66,53,61,52,56,55,60,51,53,51,0,0,0,2,13,0,0,0
623,8.23,96.5,76.8,1,58,54,60,50,56,46,74,68,63,66,70,64,0,0,0,2,0,0,45,1
624,8.09,83.0,86.6,0,53,42,51,42,37,41,64,61,49,64,65,51,0,0,0,1,0,0,0,0
625,6.73,77.7,77.2,0,73,56,64,64,74,60,81,75,69,45,61,55,1,56,1,0,54,15,0,1
626,7.72,80.1,73.9,0,64,48,69,57,68,54,66,69,65,62,63,63,0,0,0,1,62,0,0,1
627,6.83,71.0,65.9,1,76,61,78,62,66,61,63,61,65,56,67,46,0,0,0,0,72,40,51,1
628,8.28,86.8,81.7,3,73,55,65,58,50,60,69,61,63,66,57,68,0,0,2,0,0,68,0,1
629,8.18,77.4,83.9,0,59,54,63,42,48,37,81,72,57,58,48,51,2,64,0,0,0,0,0,1
630,6.63,79.1,63.8,1,65,56,55,63,59,49,61,58,61,52,56,60,0,0,0,0,10,10,0,0
631,9.41,99.0,90.4,0,72,61,77,65,73,62,78,77,80,51,55,63,0,0,0,1,0,0,0,1
632,7.86,84.5,80.0,0,55,50,65,56,60,36,72,61,63,54,54,52,0,0,2,1,0,0,0,1
633,7.9,85.4,85.6,1,70,59,73,63,58,59,69,84,66,60,48,56,2,57,0,1,59,63,24,1
634,7.2,75.0,79.6,3,52,59,69,55,65,48,65,57,51,66,55,63,0,0,0,0,0,0,47,1
635,8.03,86.1,86.5,0,76,59,67,55,76,50,69,75,69,54,57,54,0,0,0,2,0,0,0,1
636,8.05,81.7,81.0,0,67,58,72,61,67,55,66,69,63,59,62,63,0,0,0,2,0,0,0,1
637,8.12,88.2,85.2,2,67,62,60,65,72,59,65,68,63,36,56,44,0,0,1,2,0,40,0,1
638,8.41,91.6,88.5,0,72,64,67,67,78,54,57,64,67,60,63,55,0,0,0,1,0,0,0,1
639,9.04,89.4,83.1,0,62,58,54,57,63,56,56,53,65,64,64,56,0,0,0,0,0,0,29,1
640,7.62,86.3,87.3,0,54,51,44,47,50,41,65,53,56,66,51,61,0,0,1,1,0,0,0,0
641,8.43,90.9,81.3,0,69,69,65,73,67,50,63,51,65,40,56,45,0,0,1,0,0,0,0,1
642,6.79,72.1,70.8,1,53,45,41,46,43,45,54,43,51,55,55,58,2,48,2,1,0,0,0,0
643,6.99,77.1,77.0,2,53,46,62,47,54,35,69,65,64,66,65,50,1,32,0,0,0,15,0,1
644,8.38,94.2,87.3,0,56,50,56,57,57,49,61,53,61,59,67,61,0,0,0,0,0,0,0,1
645,8.12,87.7,70.0,0,62,48,61,49,52,54,66,55,62,80,72,52,3,77,1,2,68,62,62,1
646,7.96,85.4,73.1,0,65,59,61,59,55,60,72,64,67,73,69,75,4,61,0,1,0,57,60,1
647,8.28,94.1,89.8,1,68,53,56,56,69,37,71,51,55,49,59,57,2,67,1,0,0,0,0,0
648,6.62,75.6,77.8,1,85,69,69,87,77,72,69,78,87,60,66,65,0,0,2,0,42,0,0,1
649,8.14,81.7,77.1,0,63,82,71,66,66,61,71,63,74,60,57,60,1,52,0,1,0,0,0,1
650,8.54,87.3,85.5,0,62,54,57,53,63,40,59,50,54,57,53,51,0,0,0,0,0,0,0,0
651,7.92,84.9,79.0,2,57,42,54,54,53,53,67,63,61,61,70,72,3,56,1,0,0,52,0,1
652,7.06,87.9,70.4,0,64,50,63,57,57,57,67,66,68,59,64,56,1,55,1,0,70,70,0,1
653,8.02,90.0,85.9,0,64,44,58,59,70,46,60,61,63,65,59,60,0,0,1,0,0,49,0,1
654,8.34,79.0,83.5,1,69,55,63,67,67,54,57,62,61,59,64,49,0,0,0,1,56,60,0,0
655,6.57,70.2,73.7,1,70,52,53,56,45,48,50,54,56,47,51,57,0,0,0,2,0,0,0,0
656,8.07,90.5,86.6,1,50,42,51,41,48,39,66,68,62,46,60,45,4,44,1,0,28,0,0,1
657,8.3,86.0,85.9,0,60,60,52,66,45,47,60,56,54,66,66,60,0,0,1,1,0,0,0,1
658,7.35,89.5,77.2,0,74,71,81,66,79,54,79,76,72,65,69,54,0,0,0,2,0,0,0,1
659,7.1,87.8,83.9,1,64,42,69,58,65,61,64,56,62,41,55,48,1,84,1,2,0,67,0,1
660,7.47,83.1,71.5,1,56,52,58,52,47,50,62,61,60,68,62,55,0,0,1,0,75,75,42,1
661,7.17,83.8,79.5,1,63,54,63,69,59,56,57,69,58,65,60,59,0,0,1,0,0,30,0,1
662,6.7,73.5,76.1,1,55,41,58,46,38,48,65,46,57,52,48,45,1,51,2,2,0,24,0,0
663,7.8,86.1,78.7,0,73,53,68,70,61,51,65,62,66,64,68,58,0,0,0,1,56,0,0,0
664,8.08,88.9,86.3,1,60,43,53,53,52,40,59,52,46,53,58,53,0,0,1,0,0,0,0,0
665,7.96,90.1,88.9,2,68,56,60,60,60,66,57,57,66,49,53,52,0,0,1,1,37,0,0,1
666,6.73,77.3,70.0,2,64,56,63,54,57,40,63,66,68,69,56,60,0,0,1,0,0,72,41,1
667,8.95,90.9,78.8,0,75,62,67,65,79,54,55,70,55,57,55,51,0,0,0,0,0,0,0,1
668,6.71,77.4,81.0,1,67,55,52,57,58,49,55,46,54,56,60,53,0,0,0,0,0,10,0,1
669,7.13,83.1,78.6,1,77,70,62,65,74,63,41,49,62,58,71,62,0,0,0,1,0,0,0,1
670,7.86,78.0,76.1,2,61,54,65,65,69,51,69,73,59,53,50,58,1,68,1,0,68,0,0,1
671,5.57,68.8,69.6,2,57,48,62,44,47,48,64,64,61,53,63,44,0,0,0,1,0,35,0,0
672,7.78,84.2,84.9,0,60,60,56,58,63,39,73,72,70,60,56,45,0,0,0,1,0,0,43,0
673,7.69,85.1,85.2,1,64,61,66,72,58,51,73,69,68,60,64,48,0,0,0,2,0,0,0,1
674,8.67,99.0,82.7,0,58,45,52,48,50,43,60,60,59,70,60,59,3,55,0,1,0,0,0,1
675,7.6,80.6,73.8,0,64,57,68,54,61,50,70,62,65,56,54,54,2,52,0,1,21,0,0,1
676,7.97,87.9,98.0,3,62,47,55,49,51,48,59,65,55,64,65,67,1,45,0,0,0,0,19,0
677,6.65,77.1,75.3,0,59,44,51,47,53,40,75,61,56,45,41,56,0,0,0,2,0,10,10,0
678,8.06,83.5,86.7,0,66,62,62,50,64,42,77,74,79,58,50,53,0,0,0,0,34,0,0,1
679,8.3,89.2,86.8,0,53,41,47,46,62,35,59,52,58,68,56,60,1,64,0,1,0,0,0,0
680,8.23,85.6,91.4,0,58,53,57,60,62,49,60,62,50,68,69,70,1,59,0,1,0,27,0,1
681,7.03,77.2,77.1,0,67,70,67,60,63,40,68,52,71,71,66,66,3,48,0,0,0,0,0,1
682,5.18,74.0,65.9,0,66,49,72,62,67,57,79,74,75,66,72,62,1,69,0,2,0,48,0,1
683,8.37,84.4,77.0,0,67,55,72,66,69,36,74,84,76,66,61,55,0,0,0,0,0,37,0,1
684,6.55,64.9,74.6,0,63,46,55,38,70,34,74,71,60,77,72,62,0,0,0,0,0,0,66,0
685,6.51,76.4,71.0,2,54,45,53,48,56,40,69,65,47,58,54,49,0,0,0,2,0,0,0,0
686,6.63,82.7,81.0,0,79,58,58,63,72,51,62,62,63,58,58,50,0,0,0,3,36,30,0,0
687,6.55,75.3,68.9,0,74,70,73,69,63,58,52,63,64,53,57,64,1,61,0,2,0,51,0,1
688,7.54,83.8,86.6,0,52,37,44,42,52,44,53,57,48,48,52,54,0,0,2,1,37,0,0,1
689,6.27,74.5,69.7,0,74,66,59,65,66,56,52,62,62,65,67,64,0,0,0,1,0,42,0,1
690,7.11,86.9,78.6,2,68,62,62,67,71,58,52,61,62,71,71,52,1,76,2,0,62,0,46,1
691,7.49,85.2,75.5,0,60,58,47,52,40,39,57,56,55,45,56,46,0,0,0,0,0,0,0,0
692,6.77,82.1,72.8,0,61,45,62,53,69,31,76,68,64,68,60,62,0,0,0,0,0,0,0,1
693,7.62,82.7,74.8,0,50,56,65,53,55,40,74,64,69,67,58,63,1,62,0,0,0,0,21,1
694,6.4,79.2,70.6,1,73,55,62,64,66,56,60,67,63,58,66,62,1,59,2,0,0,0,0,1
695,8.43,87.1,91.3,1,64,54,70,64,65,49,70,62,67,38,55,48,0,0,1,1,0,0,0,0
696,7.09,83.5,72.6,0,76,63,68,72,66,64,74,76,77,46,46,50,0,0,1,1,0,17,0,1
697,7.39,79.1,73.9,0,53,54,64,49,58,40,84,73,64,92,71,75,2,58,2,0,0,0,75,0
698,5.78,70.7,73.3,0,87,75,77,76,86,72,71,77,81,58,61,58,0,0,0,0,25,0,0,1
699,7.48,74.4,81.3,0,72,55,74,59,67,52,72,57,71,64,65,72,2,57,0,1,36,0,0,1
700,8.07,90.3,88.3,2,46,50,57,35,56,47,74,68,54,58,56,65,0,0,0,0,0,0,0,0
701,6.67,81.2,74.4,0,75,69,69,61,59,54,67,61,72,44,51,39,0,0,0,0,22,0,0,0
702,7.22,82.3,70.8,0,50,38,54,61,47,55,54,52,52,77,67,60,0,0,0,1,0,0,49,0
703,7.3,77.4,74.8,0,60,58,72,57,73,58,67,77,62,47,52,54,1,84,1,0,0,81,0,1
704,7.65,79.3,94.4,2,63,66,60,56,67,61,74,71,69,59,64,50,0,0,0,2,0,38,0,1
705,7.86,90.0,91.9,0,66,55,69,45,70,70,66,64,65,54,63,55,0,0,1,0,0,0,39,1
706,6.46,82.8,70.1,2,71,47,55,51,57,55,58,63,57,69,58,66,4,74,0,3,0,25,0,1
707,7.55,70.5,81.6,2,62,59,65,52,63,49,59,58,63,57,53,61,0,0,0,0,43,0,0,0
708,6.94,80.6,76.1,1,55,58,53,46,60,52,70,59,70,79,61,72,0,0,0,1,0,35,79,1
709,7.86,83.6,84.1,0,72,60,63,58,65,58,64,53,50,57,58,54,0,0,0,0,0,0,0,1
710,8.1,92.2,87.3,0,70,54,82,71,71,62,71,70,65,57,51,46,0,0,0,0,0,38,0,1
711,7.67,77.8,86.1,2,57,45,62,39,53,40,54,54,57,56,52,50,0,0,0,2,0,0,0,0
712,7.61,90.5,82.5,2,57,50,59,58,63,55,78,72,62,78,61,69,1,68,0,1,59,0,72,1
713,6.96,84.7,86.6,0,59,58,69,56,59,50,74,65,67,83,57,69,1,72,1,0,67,71,80,1
714,5.98,68.0,78.8,1,54,37,48,39,46,46,61,50,46,49,57,48,3,48,0,0,0,0,25,0
715,6.4,81.7,74.8,0,72,56,62,58,65,36,55,62,74,52,56,54,1,83,0,1,90,0,0,1
716,7.27,83.2,66.4,0,79,53,84,64,66,66,72,64,71,72,65,60,0,0,0,0,0,10,25,1
717,5.73,69.1,67.4,1,67,48,52,57,60,46,65,70,62,75,60,78,2,61,0,1,44,30,0,1
718,7.43,81.1,76.3,0,64,53,60,62,67,73,62,61,69,59,56,59,0,0,1,0,63,0,0,1
719,7.66,78.0,89.8,0,63,46,58,50,57,52,68,63,66,52,62,64,0,0,0,0,0,10,28,0
720,8.62,83.7,90.3,0,71,64,64,71,65,54,73,69,77,59,58,56,1,70,0,0,0,0,0,1
721,7.86,71.1,76.7,0,63,51,69,59,64,55,71,69,65,64,60,46,2,50,1,1,0,0,30,1
722,7.69,84.5,80.2,0,80,71,70,64,69,52,65,68,79,63,66,74,0,0,0,1,0,22,0,1
723,7.34,84.2,72.4,0,66,57,67,52,67,55,61,66,70,67,61,74,0,0,0,1,0,12,85,1
724,6.21,61.8,62.1,1,64,57,58,58,57,46,73,60,54,39,46,42,0,0,0,1,0,10,0,0
725,7.73,79.0,73.9,1,65,40,57,45,58,48,66,64,65,64,57,67,0,0,2,1,0,55,0,1
726,6.35,76.7,80.8,0,69,68,72,71,80,54,64,68,66,61,58,51,0,0,0,2,0,0,0,0
727,7.9,90.2,89.4,0,59,45,53,55,64,52,43,41,43,65,62,56,0,0,0,0,0,33,0,1
728,7.5,80.6,83.2,0,66,55,61,62,69,37,54,62,63,57,67,51,0,0,0,1,0,0,0,0
729,8.65,86.4,89.8,0,60,40,49,53,49,48,64,59,59,51,52,56,0,0,0,2,39,0,0,0
730,6.92,82.8,74.2,1,60,52,64,61,58,49,52,65,55,71,61,58,2,75,0,2,81,59,56,0
731,7.48,78.8,75.6,0,67,54,64,56,71,44,56,61,62,59,44,52,2,57,0,3,43,18,39,0
732,7.25,76.1,71.9,0,62,48,56,56,54,45,74,61,68,55,46,42,0,0,1,2,38,25,0,1
733,6.32,71.5,75.4,0,73,61,69,64,66,57,66,67,72,54,62,54,0,0,2,3,0,0,0,0
734,6.58,74.0,81.9,2,61,48,44,48,46,40,56,42,37,63,59,63,0,0,0,2,0,0,0,0
735,7.19,87.3,79.4,0,63,40,49,54,50,36,53,56,58,60,55,46,0,0,0,2,37,0,0,0
736,9.02,93.9,84.3,2,46,40,53,48,48,32,66,52,51,60,64,53,0,0,0,0,0,10,0,0
737,6.33,75.4,77.2,2,73,54,63,67,71,63,69,64,66,71,56,69,2,69,0,0,63,0,0,1
738,7.37,76.4,69.5,3,68,58,71,68,71,52,75,65,72,56,50,61,0,0,1,1,39,56,0,1
739,7.0,81.0,82.7,0,74,65,63,70,61,56,63,73,71,55,56,47,0,0,0,0,0,0,0,1
740,7.9,88.5,86.5,0,67,59,67,53,61,61,76,69,71,42,55,41,0,0,0,1,0,0,0,1
741,6.84,80.4,78.3,3,80,63,66,65,64,60,65,71,75,53,59,51,3,75,0,3,52,39,0,1
742,6.57,71.8,71.9,1,73,69,58,54,65,73,60,59,60,53,53,52,0,0,0,0,0,0,0,0
743,6.2,71.4,77.4,1,41,36,39,32,45,19,53,48,42,68,66,57,0,0,0,1,0,12,68,0
744,7.09,88.6,78.4,1,65,46,54,48,64,56,76,75,64,62,52,51,2,64,1,1,82,54,40,1
745,7.66,88.9,85.5,1,62,42,47,52,68,43,58,60,52,69,70,61,0,0,0,1,0,0,0,1
746,5.75,70.3,70.3,0,68,63,73,64,72,66,78,75,72,63,54,44,0,0,0,0,0,0,12,1
747,7.1,87.3,73.5,1,61,59,64,62,57,45,60,57,56,66,60,64,0,0,0,2,44,0,24,1
748,7.58,89.5,77.1,0,71,67,71,62,57,43,64,70,71,50,55,51,0,0,0,0,60,70,0,1
749,6.82,79.5,73.1,0,77,82,72,77,78,72,50,55,67,54,75,53,0,0,0,2,0,0,0,1
750,6.65,74.7,60.8,0,51,38,44,49,49,28,57,61,46,59,52,64,2,68,1,1,0,57,0,0
751,6.71,74.3,75.6,1,38,30,50,42,37,34,56,44,50,65,57,61,0,0,0,0,0,0,35,0
752,7.65,82.9,72.9,1,80,69,67,74,76,51,57,55,63,60,58,56,0,0,0,0,0,0,25,1
753,7.68,79.6,77.6,2,69,58,50,57,62,60,66,65,66,71,69,66,0,0,0,0,0,0,51,0
754,8.58,90.3,81.8,0,70,55,66,63,67,54,65,51,53,53,60,50,0,0,1,0,60,21,0,1
755,7.98,90.7,84.8,0,63,49,55,50,55,46,66,50,49,77,56,66,0,0,0,1,0,0,67,0
756,7.53,83.6,80.3,0,63,52,51,57,59,42,76,64,60,65,52,56,1,54,0,2,0,50,0,1
757,8.36,85.7,85.9,0,71,62,70,60,71,52,68,76,70,53,58,62,0,0,1,0,21,0,0,0
758,8.22,90.3,87.4,0,61,55,61,49,48,50,65,54,69,52,59,53,0,0,0,0,12,23,0,1
759,7.0,73.2,76.2,1,64,56,65,64,68,50,60,52,66,82,70,68,1,41,0,1,27,27,77,1
760,7.6,81.8,78.5,1,64,49,67,59,65,61,67,71,61,51,60,53,0,0,0,0,0,15,10,1
761,8.24,77.2,79.4,0,74,61,74,65,73,58,66,74,69,62,65,57,1,68,0,0,0,50,49,1
762,7.3,84.1,75.3,0,57,55,59,53,44,43,70,59,63,64,50,50,0,0,0,1,0,0,0,0
763,7.65,80.7,77.6,1,60,44,70,47,52,39,78,76,70,45,53,46,0,0,1,0,39,0,0,1
764,6.87,80.6,79.7,1,58,54,59,64,71,43,68,69,67,64,58,65,2,82,2,0,63,17,0,1
765,7.45,85.3,79.3,0,77,45,71,64,62,47,83,79,70,67,61,62,1,51,0,0,0,0,0,1
766,6.89,70.6,75.2,2,64,65,64,65,52,48,74,59,69,61,63,55,4,60,0,0,0,49,0,1
767,6.77,79.5,74.9,0,72,59,64,67,67,46,65,70,65,54,67,40,3,53,0,0,40,10,21,1
768,7.57,87.0,77.3,0,64,52,75,63,67,54,70,71,69,60,62,52,0,0,2,1,51,19,39,0
769,8.08,92.7,90.5,0,64,57,74,55,74,58,69,76,72,60,54,52,0,0,0,0,0,0,0,0
770,8.16,82.8,88.6,2,74,59,56,64,70,44,51,53,57,74,53,63,0,0,0,2,0,34,50,1
771,7.2,82.1,83.3,0,73,63,73,67,72,63,68,69,75,58,47,48,0,0,1,2,0,0,0,1
772,6.53,78.0,65.4,1,72,61,61,65,72,46,64,58,76,70,64,55,1,73,1,0,80,0,57,1
773,7.14,74.9,86.2,1,51,42,53,40,53,32,59,56,48,61,62,55,2,69,0,1,28,0,49,0
774,6.45,76.9,72.4,0,72,61,60,64,66,66,55,67,71,55,65,63,2,66,1,2,0,57,0,1
775,8.86,96.9,86.4,1,61,65,57,61,56,47,43,48,64,65,73,62,0,0,0,1,0,0,0,1
776,7.56,74.9,73.9,1,78,64,77,75,73,58,77,76,74,65,71,57,0,0,0,0,0,20,62,0
777,8.08,85.6,88.7,0,72,50,78,55,59,60,67,73,70,54,58,54,1,67,1,2,0,48,0,1
778,8.4,84.0,83.4,0,64,50,64,63,56,50,62,75,66,47,55,44,0,0,0,1,0,58,0,1
779,7.09,71.5,69.8,2,61,47,59,50,51,51,67,69,67,52,46,55,1,57,2,1,44,0,0,1
780,8.39,86.4,80.4,1,53,50,50,47,45,42,56,60,54,56,49,54,0,0,0,1,12,10,0,0
781,7.24,83.5,71.9,1,46,26,41,33,47,39,60,56,44,52,56,56,0,0,0,3,0,0,0,0
782,6.76,73.8,72.4,0,72,62,65,69,70,52,54,55,76,63,67,61,1,63,0,1,39,0,0,0
783,7.3,83.5,73.8,0,61,58,70,61,60,49,77,72,76,55,52,50,0,0,0,0,0,60,13,1
784,6.58,67.2,70.2,2,67,72,64,58,53,57,74,59,59,57,57,55,0,0,0,0,0,29,57,0
785,7.07,72.9,71.2,2,72,69,84,81,72,60,64,67,77,47,59,43,0,0,0,1,0,0,0,1
786,7.16,84.2,87.9,0,64,57,65,61,54,60,65,61,62,54,66,53,1,68,0,0,20,15,0,1
787,6.7,78.0,73.2,3,61,39,55,52,60,38,72,67,61,43,52,52,0,0,0,0,0,16,0,0
788,7.73,90.6,86.7,1,59,53,64,39,60,51,74,74,65,53,48,61,0,0,1,0,22,0,0,1
789,7.65,81.9,78.3,1,74,72,62,61,68,58,77,72,72,56,52,55,0,0,0,0,63,32,0,1
790,6.82,76.1,64.7,0,73,60,77,57,59,56,84,86,70,60,66,61,0,0,1,0,0,0,30,0
791,8.01,84.3,83.8,1,70,47,62,48,59,49,63,65,70,62,63,60,0,0,0,0,0,0,42,0
792,7.2,78.4,78.4,1,61,38,53,52,61,38,64,60,62,69,63,67,1,50,0,1,41,0,64,0
793,6.54,79.8,74.8,0,75,59,77,64,60,63,73,75,63,56,59,47,0,0,2,0,0,73,0,1
794,7.85,82.3,83.5,0,73,60,54,65,51,53,55,58,52,51,62,56,2,52,0,0,0,0,0,1
795,7.92,79.0,75.5,1,73,57,84,76,60,56,63,74,68,64,60,47,0,0,0,1,0,0,0,0
796,5.63,76.4,66.3,3,57,54,48,45,60,22,77,64,55,80,75,75,0,0,0,3,0,0,71,0
797,8.02,82.0,83.5,0,74,63,59,61,72,65,62,70,64,50,54,44,1,57,0,1,0,0,0,1
798,7.79,85.8,84.9,0,74,72,62,70,57,48,58,61,63,52,47,48,0,0,0,3,21,17,23,0
799,7.66,82.3,80.2,0,44,35,49,48,47,34,65,56,51,61,56,58,2,50,2,0,0,52,50,0
800,5.74,67.6,68.4,1,71,63,62,62,67,51,52,55,71,62,68,57,0,0,2,0,0,37,10,1
801,9.03,92.6,91.2,0,52,46,49,42,47,55,53,58,50,66,62,52,1,54,0,2,36,53,0,0
802,7.86,88.9,80.6,0,77,77,60,57,56,35,72,72,66,58,59,49,3,45,1,0,62,74,0,1
803,7.5,90.1,83.2,0,68,63,62,64,65,66,63,63,74,54,63,60,0,0,0,1,0,47,0,0
804,6.84,80.5,64.8,3,57,59,56,64,50,40,68,56,58,64,69,61,0,0,0,0,0,0,0,1
805,7.74,92.3,77.4,1,74,57,75,61,75,60,73,76,73,55,67,68,1,53,0,1,48,19,0,1
806,7.52,75.8,78.4,0,79,70,76,67,68,50,69,70,78,54,60,43,2,55,0,0,39,0,0,1
807,8.34,82.2,76.3,0,70,51,65,57,54,46,61,59,57,57,49,62,3,78,1,0,54,39,0,1
808,8.03,79.1,79.4,0,66,53,67,58,60,63,71,61,65,65,53,70,2,78,1,2,0,63,47,1
809,7.3,78.9,75.8,2,77,58,70,72,70,65,78,78,71,53,58,63,1,50,1,2,10,0,0,1
810,6.47,75.7,72.7,3,79,64,63,67,58,55,67,65,64,73,68,70,2,73,1,1,58,47,0,1
811,6.82,81.6,74.4,1,75,59,76,65,57,48,76,62,71,63,60,48,0,0,0,0,60,0,64,1
812,6.9,77.9,69.3,0,68,50,69,57,57,39,75,66,76,75,46,57,0,0,0,2,0,15,62,0
813,7.02,84.5,72.2,1,64,49,60,53,52,47,57,55,60,63,55,50,2,64,0,1,0,21,39,1
814,8.15,85.6,79.6,1,66,57,63,58,61,55,70,67,64,56,58,44,0,0,0,0,44,0,0,1
815,8.22,91.2,78.5,0,66,49,78,56,58,47,79,83,67,66,59,50,1,49,2,1,46,0,27,1
816,6.77,74.2,63.8,0,50,53,55,49,38,50,78,64,63,53,57,53,0,0,1,0,0,0,0,1
817,7.41,83.5,79.6,2,66,64,64,71,66,58,67,64,79,67,63,55,0,0,0,0,12,10,0,1
818,7.38,83.2,87.9,0,58,63,62,57,70,47,68,60,66,60,53,58,0,0,2,0,28,0,0,1
819,6.74,70.5,65.9,1,61,52,51,53,52,28,55,45,50,70,59,63,0,0,0,3,36,0,0,1
820,8.24,79.4,81.8,1,66,73,60,66,60,53,69,61,62,64,66,58,0,0,1,0,77,49,0,1
821,7.36,79.3,79.7,1,66,37,51,50,53,47,63,65,68,62,60,59,0,0,1,0,0,20,0,0
822,7.11,80.9,74.2,1,52,43,46,49,34,36,75,55,60,72,69,61,0,0,1,1,0,54,60,0
823,7.23,86.9,72.9,0,67,60,63,55,72,50,70,66,73,73,65,57,0,0,0,1,0,0,37,1
824,8.55,88.6,83.3,3,55,54,57,56,54,45,66,60,62,59,61,49,0,0,0,1,0,10,20,0
825,7.72,77.4,85.9,0,63,47,63,57,63,36,80,83,69,67,64,65,2,55,0,1,0,0,0,0
826,7.02,82.0,85.0,0,60,55,48,51,60,48,52,54,61,48,55,54,0,0,1,1,36,0,26,0
827,8.47,82.6,81.7,0,67,59,66,60,60,38,71,64,65,48,51,58,0,0,0,1,0,0,0,0
828,7.46,82.4,80.7,2,62,54,65,60,63,66,74,72,62,66,63,56,0,0,1,0,0,61,0,1
829,8.09,85.9,87.0,1,82,70,73,66,64,66,67,69,74,63,61,57,0,0,0,0,0,10,0,1
830,7.54,84.5,76.3,0,60,51,74,55,58,50,62,62,70,60,55,54,0,0,0,2,0,16,0,1
831,8.48,77.9,83.9,3,67,60,70,61,70,53,77,67,69,73,70,67,2,67,2,0,0,44,63,1
832,7.88,79.5,83.0,0,71,58,75,66,70,67,73,78,66,67,67,54,3,68,0,1,38,0,50,1
833,7.42,88.6,78.5,0,73,66,68,67,79,59,71,71,71,67,66,67,3,82,1,1,55,41,0,1
834,7.62,82.5,73.9,1,59,61,57,57,55,60,61,65,70,55,60,55,2,59,1,0,0,28,0,0
835,7.31,76.6,73.7,3,64,43,49,57,64,42,49,55,57,78,61,60,0,0,0,1,0,0,0,0
836,6.49,72.4,65.0,1,75,57,64,73,68,69,48,54,64,56,65,52,0,0,0,0,68,17,0,1
837,8.68,90.9,86.1,1,61,52,67,55,59,61,82,69,72,72,63,69,1,69,1,1,0,70,57,1
838,6.68,74.0,76.9,0,73,65,56,61,68,52,58,59,64,61,54,66,0,0,2,3,56,50,0,1
839,5.09,69.9,68.3,3,71,62,63,71,61,45,65,63,65,79,59,63,4,38,0,0,0,10,47,1
840,6.73,75.8,70.9,1,67,59,61,51,62,45,60,49,59,59,52,58,1,53,1,1,0,44,0,0
841,7.56,82.6,79.0,0,69,58,72,60,66,60,70,70,67,52,57,52,1,53,0,0,0,0,0,1
842,6.97,69.1,76.7,0,60,46,49,61,59,34,38,48,47,59,56,53,2,66,0,0,0,28,0,0
843,6.52,75.6,71.4,1,80,75,75,78,71,61,66,57,78,60,67,55,0,0,1,1,58,0,0,1
844,7.77,76.8,82.6,0,49,49,41,53,55,41,45,53,42,59,58,58,3,50,0,0,0,21,32,0
845,7.55,80.7,80.7,1,65,49,59,62,51,52,71,68,63,70,63,61,4,73,1,0,0,32,0,1
846,7.1,74.3,82.3,2,53,41,46,49,61,51,60,59,51,72,72,70,0,0,1,1,16,10,0,0
847,7.26,79.5,74.4,1,58,59,52,53,58,55,70,57,55,70,57,59,3,59,1,0,0,66,0,1
848,8.01,86.4,85.3,0,75,64,66,67,68,42,56,52,61,55,51,42,0,0,0,0,0,0,0,1
849,8.22,85.9,83.7,1,68,57,61,60,55,55,60,61,50,63,62,65,0,0,1,0,46,0,0,1
850,8.84,84.9,89.8,1,69,59,68,68,78,66,63,64,70,52,60,66,1,79,0,2,36,45,0,1
851,6.62,72.3,69.5,1,57,52,53,47,47,43,70,60,51,54,54,62,0,0,0,1,0,0,0,0
852,7.26,77.3,76.5,3,71,58,64,64,63,53,63,68,69,73,75,67,4,69,0,1,0,0,68,1
853,7.83,88.1,74.2,0,64,62,70,67,74,58,66,73,69,56,67,45,1,95,1,1,90,0,0,1
854,7.46,64.2,71.6,1,63,52,62,54,49,60,64,61,65,51,54,55,3,70,2,0,80,0,0,0
855,7.67,85.7,76.9,3,44,39,53,46,50,50,64,51,53,55,43,54,0,0,2,2,49,42,0,0
856,7.35,87.0,75.2,2,62,64,66,56,57,47,62,61,67,46,61,63,0,0,1,1,65,35,0,0
857,4.65,62.6,60.5,1,53,48,52,49,51,41,60,49,61,45,53,60,0,0,0,2,0,0,0,0
858,7.6,84.2,69.3,0,58,50,53,54,56,52,54,52,68,65,63,52,0,0,0,2,0,0,43,0
859,6.75,70.9,75.4,0,67,57,55,48,61,54,73,71,64,66,55,68,0,0,1,1,47,30,51,1
860,6.48,73.1,66.5,1,68,49,68,71,55,43,72,66,71,52,52,47,3,53,0,1,0,0,0,1
861,7.1,76.4,84.3,0,72,63,67,57,66,47,64,69,65,52,56,60,0,0,0,2,0,37,0,0
862,7.84,84.4,82.6,0,66,55,70,67,64,43,66,67,72,47,51,48,0,0,1,0,58,44,0,1
863,7.43,81.8,86.0,0,62,43,54,47,47,36,64,54,55,65,55,60,0,0,0,3,19,18,52,0
864,7.59,81.7,77.1,1,56,51,56,55,40,47,70,56,61,71,67,63,1,77,1,2,73,0,71,1
865,6.63,85.5,73.5,1,79,66,79,68,73,54,71,65,69,57,61,64,1,66,1,0,46,0,0,1
866,8.3,91.8,81.8,1,64,53,71,57,64,62,59,64,56,52,57,42,1,69,0,1,0,52,0,1
867,7.52,80.2,86.1,0,73,65,69,63,71,54,71,67,62,60,55,62,0,0,0,2,0,0,0,1
868,6.18,81.5,79.2,0,80,76,76,73,80,70,70,67,68,58,58,48,0,0,0,2,0,10,0,0
869,8.36,89.4,74.5,2,51,42,38,41,49,41,56,57,55,67,64,57,2,72,1,0,79,0,41,0
870,6.61,80.8,68.6,0,55,44,53,48,51,17,64,58,47,64,64,61,0,0,0,1,26,20,0,0
871,6.52,79.7,79.3,0,54,39,53,45,36,49,66,58,58,69,46,58,0,0,0,0,66,0,0,0
872,7.27,75.9,79.9,1,63,62,68,48,54,45,75,73,74,73,63,62,1,62,0,1,48,58,0,1
873,6.52,70.4,71.7,0,66,58,64,66,65,57,59,63,70,54,70,56,1,77,1,2,0,63,0,1
874,8.36,91.2,86.4,1,58,44,57,54,51,35,68,58,64,59,58,46,0,0,0,1,0,43,0,0
875,7.55,90.0,88.5,0,71,59,71,64,58,50,69,71,65,63,61,49,1,65,0,2,64,34,0,1
876,7.31,82.8,80.5,1,67,50,58,55,66,42,61,63,62,52,57,46,0,0,0,1,0,0,0,0
877,8.09,91.5,91.4,0,55,58,59,48,49,42,68,62,59,75,69,69,2,59,0,0,51,53,70,1
878,6.73,80.9,72.2,1,73,63,63,69,77,62,54,61,75,60,63,50,3,71,0,0,30,0,0,1
879,7.54,75.9,75.2,0,58,59,54,54,53,53,53,62,52,59,65,65,2,66,1,3,0,30,0,1
880,6.95,82.1,84.7,0,80,69,75,66,66,55,74,76,75,50,62,48,2,71,1,1,65,0,0,1
881,7.31,86.0,79.9,0,85,71,70,75,67,67,55,69,69,58,57,53,0,0,0,2,43,44,0,1
882,5.16,70.6,66.4,0,54,36,52,44,57,39,58,44,47,62,47,59,0,0,0,1,0,0,33,0
883,7.62,84.6,83.1,0,72,61,75,67,81,51,62,60,69,69,67,59,0,0,0,1,0,0,29,1
884,7.08,83.5,82.8,1,60,57,49,62,61,50,55,57,57,57,65,56,0,0,0,0,27,18,43,0
885,6.19,78.2,64.4,1,68,65,62,58,66,63,57,63,59,55,58,54,3,62,2,1,75,0,0,1
886,6.63,76.3,73.7,0,68,54,57,49,54,47,54,57,64,49,56,50,0,0,0,2,12,13,0,0
887,7.27,76.0,76.5,0,56,53,64,51,60,36,58,44,59,69,56,64,0,0,0,3,0,0,40,1
888,6.82,78.5,66.5,1,76,71,69,69,66,77,69,62,73,70,64,70,3,66,0,1,0,47,0,1
889,9.07,88.6,85.0,0,67,51,59,64,51,35,56,54,61,55,50,48,0,0,0,0,0,0,21,0
890,7.5,70.3,72.6,0,61,49,57,49,62,37,58,60,52,73,75,62,1,60,1,1,0,46,0,1
891,7.31,79.2,76.1,0,51,55,53,58,56,52,54,56,43,69,53,39,0,0,1,1,22,15,0,0
892,7.05,73.1,78.0,0,60,57,63,59,70,41,75,69,65,62,69,65,0,0,0,1,67,0,0,1
893,6.89,84.4,72.7,2,43,32,46,29,45,35,47,54,39,56,57,49,0,0,0,2,0,0,0,1
894,8.11,88.1,79.2,2,70,71,72,80,70,47,58,60,68,55,63,50,0,0,0,2,14,0,0,0
895,7.51,75.6,74.7,3,85,78,75,80,69,53,68,78,80,72,70,66,1,75,2,1,61,47,28,1
896,7.37,85.8,82.0,0,62,54,69,55,57,53,70,63,70,68,66,63,0,0,0,1,0,0,0,0
897,8.2,94.0,86.9,0,60,41,55,49,50,34,60,62,46,62,57,54,0,0,1,0,0,26,55,0
898,6.53,74.0,68.9,2,74,52,57,63,61,60,61,60,66,62,51,48,1,85,1,0,65,70,0,1
899,5.94,70.0,62.0,0,73,70,69,70,77,55,53,68,64,36,61,54,0,0,0,1,22,36,0,1
900,7.9,89.0,87.0,1,52,39,45,41,50,39,61,64,49,83,63,61,0,0,1,2,90,51,39,1
901,7.51,79.1,83.5,0,58,45,59,47,55,46,66,63,66,56,59,53,1,46,0,3,0,0,0,0
902,9.26,97.7,88.0,0,63,54,67,65,54,58,74,56,63,52,46,54,0,0,0,1,0,0,0,0
903,7.67,75.8,79.1,0,68,68,67,67,74,67,60,60,70,67,57,73,0,0,0,0,0,0,0,1
904,6.06,74.0,66.3,0,47,35,51,36,36,50,66,51,51,60,57,55,0,0,1,1,0,24,0,0
905,7.73,84.9,86.7,0,78,62,80,63,78,54,81,69,70,53,61,52,0,0,1,0,49,0,29,1
906,6.96,71.5,78.6,1,67,52,52,61,63,46,51,55,55,66,67,66,0,0,1,0,53,54,0,1
907,7.52,75.9,71.2,1,63,62,67,56,71,49,68,70,64,58,56,60,0,0,1,0,41,0,0,1
908,8.0,86.3,83.7,2,73,58,64,59,68,59,71,67,65,66,58,61,0,0,0,0,48,63,0,1
909,6.81,75.2,74.3,1,66,62,63,63,57,49,63,58,72,57,62,49,0,0,1,0,34,0,28,0
910,7.55,76.9,79.5,0,62,62,68,57,56,54,73,52,69,69,64,67,0,0,1,0,37,35,0,1
911,8.01,81.8,82.2,0,61,49,56,53,64,43,77,64,62,51,55,43,1,47,1,2,34,0,0,1
912,6.63,80.5,79.7,0,66,53,69,55,69,50,78,65,66,66,59,61,0,0,0,1,43,0,16,0
913,6.08,58.3,66.5,1,66,55,51,57,58,46,55,57,51,77,68,63,1,60,1,1,13,0,0,0
914,7.94,84.3,87.4,3,65,57,67,63,68,51,67,72,68,66,63,52,2,75,0,0,0,27,0,0
915,8.37,92.9,89.6,0,61,49,63,68,66,57,63,63,60,70,59,62,0,0,0,0,0,0,0,0
916,7.15,86.8,73.4,0,68,50,62,60,70,54,50,52,63,67,66,61,0,0,1,1,36,45,78,1
917,6.61,68.6,68.7,2,60,61,56,62,79,58,67,60,61,61,64,53,0,0,1,0,0,0,0,0
918,7.36,77.1,82.2,1,60,52,58,50,58,45,61,58,65,58,73,59,0,0,1,3,0,55,0,1
919,7.9,84.3,87.7,0,79,57,73,65,74,55,72,71,80,70,53,48,0,0,1,2,0,33,0,1
920,5.75,70.3,69.8,0,56,50,56,48,45,43,68,55,55,45,49,53,1,54,2,2,71,0,0,0
921,6.54,75.2,79.1,0,62,51,57,58,61,55,72,71,58,72,68,58,0,0,1,1,0,30,0,1
922,7.03,80.5,78.9,0,61,52,55,60,70,52,61,65,75,52,51,60,0,0,0,3,10,0,0,1
923,6.99,79.0,80.9,0,68,54,68,56,63,43,73,64,71,57,53,45,1,72,2,2,66,63,0,1
924,7.41,86.4,67.8,0,59,42,59,64,59,37,66,62,62,51,48,36,2,68,0,1,0,0,0,0
925,7.68,80.8,77.1,0,75,66,78,61,78,57,88,76,69,55,58,49,0,0,0,0,85,67,0,1
926,6.35,77.6,70.1,0,70,55,60,55,76,52,67,68,76,60,61,62,0,0,0,0,0,0,0,1
927,7.21,79.0,81.9,0,72,67,61,65,79,54,60,63,69,54,51,54,0,0,0,1,0,56,0,1
928,7.46,79.7,83.9,0,61,56,66,66,71,50,80,71,74,66,58,47,2,69,2,0,0,0,22,1
929,6.41,71.7,75.7,3,46,42,48,47,43,41,52,54,44,57,52,43,0,0,1,0,36,31,10,0
930,5.96,68.1,68.2,3,63,56,61,69,63,52,68,62,67,69,69,63,1,64,0,2,0,43,58,1
931,8.45,87.3,92.7,1,63,52,51,57,52,36,75,72,51,52,53,51,4,66,1,0,45,0,0,1
932,6.27,75.3,71.0,2,70,63,67,58,57,57,66,73,71,70,63,63,0,0,0,0,39,57,53,1
933,7.72,79.5,74.5,2,68,49,59,55,53,32,72,64,62,80,64,67,0,0,0,0,0,10,49,1
934,7.76,80.8,80.1,3,65,50,60,55,62,55,57,59,62,61,60,69,0,0,1,0,0,41,24,1
935,7.62,83.2,87.4,0,62,53,58,60,66,47,57,49,58,63,67,54,0,0,1,0,77,57,0,1
936,7.36,82.8,72.5,2,56,44,69,59,68,52,67,67,61,72,68,61,0,0,1,0,0,0,62,0
937,6.9,78.8,80.9,1,78,61,65,56,58,60,64,67,62,70,57,52,0,0,1,2,0,0,0,1
938,6.38,72.4,73.3,3,79,60,76,69,76,65,65,72,76,41,64,53,0,0,0,0,0,0,0,0
939,8.63,90.9,88.7,1,70,77,73,69,57,50,62,67,68,45,68,46,0,0,0,0,48,64,0,1
940,7.61,80.8,78.4,1,49,58,53,60,55,45,60,56,73,55,53,47,0,0,0,0,0,0,25,0
941,7.34,72.6,78.7,0,62,64,64,58,69,47,76,71,70,52,53,49,2,71,0,1,0,0,0,1
942,7.33,76.5,74.6,1,61,60,69,53,58,40,54,56,54,47,60,45,0,0,0,0,0,0,0,1
943,7.01,69.5,71.3,3,64,52,62,62,69,52,64,62,63,58,57,67,0,0,0,3,24,39,43,1
944,7.03,86.1,74.8,0,65,67,72,62,70,46,70,69,67,50,60,50,0,0,1,1,0,0,0,0
945,6.58,84.7,74.0,2,60,57,65,52,49,51,72,68,63,55,57,56,0,0,1,0,0,53,0,1
946,8.24,83.7,82.6,2,52,47,56,52,55,54,55,65,50,58,53,58,0,0,0,0,0,0,0,0
947,5.77,71.4,63.4,1,65,66,74,66,74,64,64,61,68,68,61,66,0,0,1,0,0,0,45,1
948,8.28,84.7,88.2,0,47,31,32,36,54,34,60,49,51,76,62,73,0,0,1,2,0,10,59,0
949,8.09,90.9,74.1,3,74,68,69,65,75,60,57,66,79,63,62,51,0,0,0,2,0,0,0,1
950,7.6,84.5,86.3,2,59,37,53,53,48,54,64,66,57,57,56,55,0,0,0,1,0,42,0,0
951,8.06,95.4,84.8,2,55,45,61,47,56,42,66,59,65,62,56,57,0,0,1,0,35,26,0,0
952,5.98,60.7,66.1,0,61,49,48,55,64,33,42,55,58,55,49,40,0,0,0,2,0,0,0,0
953,7.24,82.7,76.5,0,73,54,64,61,58,53,58,63,63,59,53,60,0,0,0,0,41,28,0,1
954,8.4,85.7,78.0,1,69,63,62,62,57,45,52,54,63,69,56,53,0,0,1,0,26,27,55,0
955,6.07,75.1,63.8,1,71,62,68,69,70,58,63,66,74,64,67,62,0,0,0,0,0,0,0,0
956,6.41,76.4,72.0,3,63,53,76,67,72,48,72,78,75,61,66,60,3,77,0,2,0,0,0,1
957,7.59,83.9,80.6,3,71,55,68,64,66,68,59,54,70,62,48,48,0,0,1,1,0,0,0,1
958,6.25,68.2,73.1,0,72,74,73,62,79,67,70,73,71,74,71,80,0,0,0,3,18,0,65,1
959,8.26,98.9,95.3,2,66,52,63,63,51,47,65,61,64,55,49,47,0,0,2,0,0,10,31,0
960,7.49,85.7,69.7,0,60,59,57,57,51,56,68,57,52,70,64,72,0,0,1,0,71,59,52,1
961,6.92,79.7,79.9,0,46,31,53,47,40,43,69,56,57,69,61,69,0,0,0,0,41,26,0,0
962,8.65,97.8,88.1,1,56,41,49,42,54,35,69,66,63,63,47,58,1,30,0,0,0,19,0,1
963,7.68,90.9,72.7,0,61,47,55,59,66,50,60,67,56,65,68,56,2,56,0,0,34,0,0,0
964,7.59,78.1,76.5,0,59,67,68,58,64,60,68,65,78,54,57,44,0,0,0,0,15,0,0,0
965,7.22,82.6,73.6,2,72,54,59,60,58,43,59,57,64,78,60,66,0,0,0,1,10,10,42,0
966,7.74,77.7,79.0,1,57,42,50,45,45,35,62,52,59,64,59,51,3,83,0,0,0,0,0,1
967,5.85,75.6,67.3,1,62,54,61,61,60,49,69,60,61,61,71,57,0,0,1,1,47,0,21,0
968,7.67,82.8,79.8,0,57,47,52,46,39,43,74,65,62,61,59,54,0,0,1,1,0,0,21,1
969,6.98,73.4,80.8,1,65,65,58,50,59,45,60,66,61,61,64,49,3,52,0,0,0,30,54,0
970,7.12,83.6,79.4,2,62,58,67,60,62,58,72,62,52,61,49,60,0,0,1,1,61,0,0,1
971,7.0,76.8,78.4,0,48,38,64,50,51,49,64,67,51,49,60,58,1,62,0,0,0,27,0,0
972,6.31,74.4,77.6,0,62,52,67,55,68,52,69,68,58,40,51,46,0,0,0,0,0,0,0,1
973,7.37,77.4,77.8,1,74,65,71,64,63,49,62,60,63,57,56,56,0,0,0,1,0,0,0,1
974,6.85,80.1,76.8,0,52,42,44,50,49,35,53,48,47,43,39,53,0,0,0,2,0,0,0,0
975,8.51,83.1,86.2,0,66,55,54,62,60,50,61,62,62,56,59,47,0,0,0,0,0,0,0,0
976,7.62,77.4,78.9,0,58,39,58,55,46,40,68,65,65,75,50,70,0,0,0,0,0,22,60,1
977,8.14,77.4,86.7,0,74,63,70,67,58,55,60,62,71,60,66,61,0,0,2,0,0,30,0,1
978,7.5,76.9,76.0,0,65,52,49,64,64,51,58,57,59,64,55,54,0,0,0,1,0,0,0,0
979,5.46,73.6,58.9,1,50,42,44,35,50,51,63,66,56,74,55,59,0,0,0,0,10,10,48,0
980,7.42,72.6,78.2,1,63,62,59,56,63,39,53,65,63,69,71,53,0,0,0,1,0,0,0,0
981,7.1,81.3,81.1,0,75,62,67,62,70,66,67,69,77,52,61,58,1,62,1,3,0,55,0,1
982,6.66,77.1,73.6,1,71,60,67,61,66,54,78,61,67,64,58,51,0,0,0,2,32,0,0,1
983,6.7,73.8,73.0,0,73,63,54,74,59,60,60,60,62,62,65,57,0,0,2,2,0,0,0,1
984,8.12,91.4,87.5,0,49,37,50,45,49,38,50,48,49,68,67,63,0,0,0,1,0,0,49,0
985,7.72,82.3,87.7,1,57,57,55,55,70,48,55,52,47,62,54,49,0,0,0,1,0,0,0,0
986,8.46,90.1,82.9,2,73,60,56,60,71,66,55,58,68,60,62,65,1,72,0,0,0,53,0,1
987,7.56,81.4,79.3,0,61,59,62,73,59,58,59,69,72,65,61,58,0,0,0,1,0,0,0,0
988,7.4,83.3,83.6,1,74,63,75,69,72,53,67,66,70,68,54,58,0,0,1,3,73,58,0,1
989,9.4,92.3,82.1,0,72,72,74,75,85,59,68,62,68,68,59,57,0,0,1,0,0,40,0,1
990,7.92,82.8,81.2,1,82,61,76,69,59,63,76,72,78,56,61,67,1,52,0,1,33,0,0,1
991,7.41,74.2,76.5,0,85,55,69,74,67,51,70,72,70,42,63,50,0,0,0,2,0,0,0,0
992,7.72,76.8,80.4,1,61,45,59,59,62,30,81,71,65,52,57,55,0,0,0,2,35,0,0,1
993,7.37,81.1,80.7,1,66,47,63,61,69,52,60,64,61,62,55,62,0,0,1,1,69,70,0,1
994,8.34,90.5,88.4,0,80,67,73,72,83,66,57,63,83,42,61,49,0,0,0,1,56,30,0,1
995,7.34,78.4,70.9,1,74,72,67,72,68,59,58,67,62,61,63,52,1,77,0,2,60,55,0,1
996,8.67,87.9,96.6,3,62,44,47,58,56,41,54,62,53,57,57,51,3,58,1,2,0,0,0,1
997,6.25,66.2,68.1,0,55,53,57,41,54,34,71,64,64,61,60,53,3,48,0,2,0,10,0,1
998,8.41,83.6,82.0,0,55,33,60,39,39,39,72,78,62,50,52,43,0,0,1,1,0,0,0,0
999,8.94,95.9,98.0,0,69,56,56,61,56,55,54,55,56,50,52,55,0,0,0,1,10,0,0,0
1000,7.52,84.1,80.7,0,72,82,68,61,69,59,68,68,69,66,70,57,0,0,0,2,51,31,58,1
1001,7.71,76.1,78.4,1,56,49,63,51,57,32,55,59,54,56,49,63,0,0,0,0,0,0,0,0
1002,6.94,88.8,84.1,1,59,46,62,43,55,51,65,62,68,98,76,88,2,39,0,2,0,0,68,1
1003,7.76,87.5,84.4,0,62,50,63,47,54,43,69,68,68,46,48,48,0,0,2,1,0,41,0,1
1004,7.47,81.9,81.3,0,76,68,70,67,64,61,71,71,68,57,63,57,0,0,1,2,46,0,0,1
1005,6.71,80.8,72.3,0,56,50,62,54,60,44,67,70,59,65,69,66,1,80,1,0,0,0,0,1
1006,9.63,97.6,98.0,1,64,41,60,62,68,38,56,55,62,57,62,60,0,0,0,2,21,0,0,1
1007,8.3,82.5,73.7,2,55,39,49,36,50,43,69,57,59,56,49,57,0,0,2,2,0,11,0,0
1008,7.29,77.0,78.7,0,63,56,71,51,62,41,73,66,66,49,55,53,0,0,2,0,0,58,0,0
1009,8.67,88.7,90.3,3,68,66,60,68,58,47,49,51,57,65,63,55,3,73,0,1,47,32,0,1
1010,8.28,79.5,76.7,0,59,50,61,61,60,40,68,64,67,78,66,61,0,0,2,0,0,76,0,0
1011,6.62,77.7,78.1,0,69,68,70,66,77,51,71,68,67,75,66,68,0,0,0,1,0,0,56,1
1012,7.79,81.6,79.8,0,67,51,63,73,53,51,66,61,56,54,56,47,0,0,0,1,0,0,0,0
1013,7.29,75.8,83.2,0,80,78,74,74,82,73,57,67,80,44,53,32,0,0,2,0,44,34,0,1
1014,8.11,87.5,80.6,0,69,49,72,58,74,52,80,71,79,57,52,56,0,0,1,2,0,0,18,1
1015,5.37,70.1,62.2,0,71,65,66,60,68,49,63,62,62,56,62,55,3,58,0,0,0,47,61,1
1016,6.5,69.5,76.6,0,63,64,59,61,65,52,73,65,61,53,62,48,0,0,0,3,0,0,17,0
1017,7.62,85.7,82.5,0,63,57,64,60,67,50,83,67,78,59,57,47,0,0,1,0,0,0,0,1
1018,8.67,92.9,83.3,0,68,68,71,57,79,57,53,64,72,67,64,58,3,46,1,0,0,25,0,1
1019,8.86,99.0,94.0,3,69,67,70,62,63,55,70,65,63,65,58,45,2,58,0,0,0,18,0,1
1020,7.88,84.1,84.3,1,71,58,63,61,66,52,63,54,75,68,62,64,1,73,0,2,19,25,0,1
1021,6.26,68.5,62.0,0,59,41,51,49,67,71,48,58,58,58,54,47,0,0,1,1,0,0,0,0
1022,7.38,79.7,77.0,3,61,35,50,43,50,36,69,57,54,77,74,73,0,0,0,3,32,26,81,1
1023,7.06,77.3,73.2,1,65,49,61,52,51,56,54,55,53,54,58,52,0,0,0,2,0,10,0,0
1024,7.04,77.6,70.7,2,70,50,55,58,54,55,62,60,61,63,62,65,1,65,0,0,0,0,44,0
1025,5.98,73.1,71.2,0,65,52,75,58,57,47,72,60,66,58,61,71,0,0,0,2,0,0,0,1
1026,7.39,71.2,68.1,0,61,64,58,52,65,46,64,65,64,57,56,60,0,0,0,0,42,0,0,1
1027,7.02,79.8,68.8,3,79,57,60,73,61,61,58,52,71,65,64,55,1,82,0,0,0,0,0,1
1028,7.87,79.1,82.9,0,91,77,65,71,77,64,57,57,77,58,58,53,0,0,1,1,63,0,0,1
1029,6.83,72.1,69.8,0,73,72,68,75,72,82,61,57,58,60,59,55,0,0,2,0,34,0,0,1
1030,8.56,85.0,85.4,2,59,53,64,61,61,52,74,58,61,65,64,59,0,0,0,0,0,0,0,1
1031,7.57,81.7,73.7,1,68,68,71,56,67,66,62,53,53,54,52,58,3,66,1,1,0,75,0,1
1032,4.99,74.9,72.6,1,80,67,76,75,68,55,69,69,73,59,60,54,0,0,0,1,0,44,40,1
1033,7.83,83.5,78.9,0,54,35,40,47,56,44,53,53,53,60,43,55,1,62,0,0,37,26,0,1
1034,7.82,82.8,85.0,1,58,38,64,59,54,56,67,69,58,57,56,59,0,0,0,0,0,14,0,0
1035,7.41,82.5,78.9,0,65,80,67,64,65,66,53,55,55,56,59,57,1,52,0,2,0,0,0,1
1036,6.58,72.8,71.6,0,66,42,70,35,44,43,73,75,56,58,50,56,3,53,0,1,27,0,0,1
1037,7.95,82.3,85.0,1,63,49,52,57,50,48,58,62,61,60,54,63,0,0,1,1,68,56,19,1
1038,8.77,91.8,85.7,0,61,49,66,54,56,37,70,74,59,65,63,60,1,59,0,3,54,0,0,1
1039,8.07,79.4,82.2,0,81,79,77,71,71,69,74,81,77,52,62,47,0,0,0,2,0,0,0,1
1040,6.65,72.7,72.4,0,55,41,42,45,44,38,43,45,46,55,56,51,0,0,0,3,0,0,0,0
1041,7.15,86.8,73.8,2,72,50,58,63,69,61,54,53,65,49,61,55,2,71,0,2,33,0,0,1
1042,5.77,79.9,64.9,0,63,51,64,54,53,51,65,72,67,69,57,56,0,0,2,1,47,0,48,1
1043,9.32,99.0,98.0,0,39,32,51,41,43,27,65,61,55,66,57,60,0,0,0,0,37,0,0,0
1044,6.79,79.7,68.3,0,86,65,67,73,73,58,52,63,66,61,57,49,1,72,0,2,61,0,0,1
1045,6.27,75.0,72.9,2,50,35,51,35,37,35,60,56,45,69,57,77,0,0,0,2,0,19,0,0
1046,5.32,62.9,72.9,0,68,65,74,58,63,55,79,64,72,59,53,55,0,0,1,0,0,0,0,1
1047,8.2,88.3,85.9,0,60,57,68,64,60,45,65,67,68,46,62,60,0,0,0,2,0,0,0,1
1048,8.53,84.6,84.8,0,47,36,47,39,47,37,67,63,52,72,44,62,0,0,1,0,0,10,0,0
1049,7.72,81.3,84.5,0,75,68,63,70,66,49,57,55,61,46,57,50,0,0,0,0,0,10,0,0
1050,7.1,74.8,72.2,0,77,75,72,62,73,69,71,66,65,54,66,54,0,0,0,1,12,0,0,1
1051,7.41,78.9,78.3,0,77,64,71,74,75,54,70,65,71,63,55,54,2,77,1,0,41,0,28,1
1052,8.02,84.6,84.3,0,61,47,67,58,51,46,65,57,60,53,62,51,0,0,2,1,58,0,0,1
1053,7.39,82.8,73.8,0,69,56,61,53,61,52,66,59,70,54,49,48,0,0,1,0,0,0,0,1
1054,6.87,83.4,76.3,1,69,51,73,45,68,61,65,65,65,63,73,55,0,0,2,0,0,60,0,1
1055,8.2,86.0,91.8,2,71,52,59,56,60,52,79,74,75,53,52,50,0,0,1,0,39,46,0,1
1056,7.37,79.4,77.2,0,58,55,61,49,54,48,65,57,60,60,55,51,0,0,1,2,0,0,39,1
1057,8.11,77.6,78.8,0,73,53,60,56,58,50,58,52,55,81,58,55,0,0,0,0,0,36,0,1
1058,8.86,86.5,87.1,1,61,55,72,67,53,50,71,53,65,48,54,43,0,0,0,1,0,0,21,0
1059,9.1,94.1,84.8,0,69,57,73,73,68,58,66,61,59,51,66,66,0,0,0,0,0,10,0,0
1060,6.52,74.3,71.1,0,77,83,73,65,69,60,70,69,65,66,69,63,0,0,1,1,0,0,0,1
1061,7.19,84.4,81.4,1,60,56,67,61,58,46,68,63,55,52,60,54,1,46,0,0,0,0,0,0
1062,6.66,72.5,77.7,1,84,73,72,60,79,63,74,66,75,48,52,37,0,0,0,2,0,0,0,0
1063,8.18,89.2,87.1,1,77,62,67,69,70,56,54,63,68,49,61,39,2,69,0,2,25,10,0,1
1064,6.42,70.9,71.4,0,61,56,61,45,55,54,78,71,68,50,49,45,3,43,0,1,0,10,0,1
1065,8.16,85.6,97.7,2,59,57,47,53,56,45,57,46,53,41,49,33,0,0,0,2,0,10,0,0
1066,7.64,74.0,70.1,0,53,56,55,43,54,46,55,50,51,57,63,50,3,48,2,0,0,0,0,0
1067,8.36,84.8,90.8,0,64,56,59,45,62,45,56,49,66,70,56,58,0,0,1,1,0,0,0,0
1068,8.38,96.6,91.5,1,61,34,62,50,59,43,73,64,58,80,64,60,2,47,0,2,50,0,59,1
1069,6.43,83.8,75.8,0,51,58,62,56,58,37,61,63,68,73,63,68,0,0,0,1,27,0,0,1
1070,8.16,86.9,85.0,1,55,48,56,58,59,43,61,61,57,50,65,63,0,0,2,0,0,28,0,0
1071,7.91,87.0,85.4,0,75,55,68,62,65,58,69,68,64,69,62,72,0,0,1,1,0,0,0,1
1072,7.1,81.9,76.8,0,78,67,82,75,70,66,72,77,79,58,68,64,0,0,1,2,0,0,0,1
1073,7.21,72.5,75.9,0,60,55,60,47,52,46,64,75,61,57,49,56,0,0,1,0,0,53,0,0
1074,7.25,80.1,80.6,1,61,51,60,52,64,42,57,47,56,43,46,47,0,0,2,0,44,0,0,0
1075,6.73,68.8,74.1,0,68,60,65,59,63,44,51,58,63,68,52,59,1,69,0,1,43,52,57,1
1076,7.66,81.7,78.9,0,67,48,59,45,51,56,62,63,59,81,60,60,2,53,0,0,0,26,75,1
1077,8.43,81.8,84.1,0,76,61,69,70,72,61,66,57,66,65,66,53,0,0,0,0,0,0,64,1
1078,6.86,88.5,78.5,1,75,56,53,62,61,62,52,59,64,79,67,67,0,0,0,0,36,31,0,0
1079,7.82,84.4,82.8,1,70,53,61,64,65,53,63,64,73,67,56,56,0,0,0,2,0,0,0,1
1080,7.6,82.0,81.4,0,63,51,66,61,52,51,78,70,73,57,56,60,2,51,0,1,0,0,0,1
1081,7.83,79.0,80.4,0,74,54,70,62,59,52,74,76,74,47,52,47,0,0,1,1,0,0,0,1
1082,8.05,86.5,77.5,0,56,54,60,43,53,48,66,52,62,70,53,59,4,39,0,2,0,0,43,0
1083,7.77,73.3,80.0,1,64,54,56,60,53,57,57,62,59,59,59,51,0,0,0,0,0,0,0,0
1084,7.34,78.3,75.4,0,72,75,72,63,67,63,73,67,61,67,58,61,1,62,0,0,0,0,0,1
1085,7.72,86.7,76.2,2,62,55,67,59,68,63,72,69,75,62,52,56,2,65,0,0,59,0,0,1
1086,6.39,73.4,74.8,1,62,52,50,44,57,37,60,52,52,71,67,67,0,0,0,0,0,0,44,1
1087,8.36,91.2,95.8,0,61,44,56,59,62,55,58,62,72,62,64,60,2,61,1,0,0,0,0,1
1088,7.1,78.9,66.7,1,67,42,57,50,59,43,56,51,54,47,49,48,4,51,1,2,0,0,0,0
1089,7.04,67.9,73.1,1,76,59,59,57,70,56,72,66,70,56,62,49,1,53,0,3,0,0,21,1
1090,8.06,76.9,87.2,0,64,67,55,63,64,62,68,67,66,74,67,55,1,70,1,0,32,37,0,1
1091,5.03,58.3,57.6,1,71,57,79,54,74,54,78,71,71,60,62,62,1,75,2,2,57,45,0,1
1092,7.51,87.8,86.2,0,53,49,52,47,57,55,72,55,54,56,59,49,3,69,1,1,64,0,0,1
1093,5.97,72.2,62.6,1,76,66,65,70,65,64,68,72,65,62,54,51,0,0,0,0,0,0,0,0
1094,5.82,65.5,67.1,0,64,59,63,66,57,59,67,57,54,61,58,58,1,74,1,2,0,83,0,1
1095,8.35,88.6,90.2,0,55,48,60,54,56,62,60,68,60,51,49,61,0,0,0,2,0,0,0,0
1096,7.99,81.6,77.3,1,62,51,60,63,50,50,60,60,62,60,64,63,0,0,1,0,0,0,0,0
1097,6.59,81.1,81.5,1,49,48,30,41,58,47,52,41,52,46,44,49,0,0,0,3,0,0,0,0
1098,7.0,81.0,68.4,0,63,72,60,60,65,55,64,67,63,64,61,57,0,0,2,0,0,0,46,1
1099,6.38,73.9,80.2,0,55,50,60,50,56,42,74,66,65,63,64,53,0,0,2,3,0,31,0,0
1100,8.3,99.0,83.4,0,44,36,61,46,46,48,71,66,58,66,55,53,0,0,1,0,51,0,50,1
1101,7.06,73.7,78.2,1,51,28,51,29,50,45,63,60,50,65,62,55,0,0,0,0,36,32,24,0
1102,7.22,73.3,70.6,1,77,77,58,69,69,58,54,64,65,48,55,51,0,0,0,2,0,10,0,1
1103,7.48,83.1,74.5,2,68,52,65,69,59,53,60,69,65,62,60,65,1,57,1,3,0,0,0,1
1104,7.77,85.2,80.9,1,66,66,69,56,74,44,76,72,69,54,52,57,0,0,0,3,0,0,0,1
1105,6.85,75.8,76.3,2,64,57,74,52,57,53,77,72,69,67,57,59,0,0,0,0,0,0,0,0
1106,7.13,77.4,76.7,2,61,55,58,47,60,51,64,64,54,62,61,60,1,63,1,1,74,79,19,0
1107,7.32,81.7,84.8,1,71,67,66,68,70,61,64,63,67,60,55,60,0,0,0,1,0,0,0,0
1108,7.6,86.7,88.9,2,64,58,60,56,63,48,65,63,62,59,60,66,0,0,0,1,0,23,28,1
1109,7.9,82.2,77.4,2,80,66,76,78,72,67,78,65,78,66,57,61,0,0,0,3,28,0,0,1
1110,7.78,80.4,79.1,3,70,63,65,61,53,48,63,61,65,68,60,60,0,0,0,1,0,0,0,0
1111,7.83,83.6,88.8,0,58,51,57,45,61,39,68,56,54,69,61,66,0,0,0,2,0,11,0,0
1112,7.63,77.0,74.9,0,65,50,66,60,62,46,62,59,55,79,73,73,2,79,0,1,39,0,85,1
1113,8.31,80.7,86.4,2,57,49,50,57,57,47,61,58,65,72,61,54,2,59,1,1,0,0,49,1
1114,6.85,68.7,71.9,1,77,75,67,79,81,72,56,66,81,46,59,48,0,0,0,0,0,0,0,0
1115,7.01,85.4,77.3,0,51,47,44,46,48,41,51,47,45,53,43,44,0,0,0,2,0,0,0,0
1116,7.79,74.2,87.8,0,62,59,69,64,54,49,69,69,66,63,53,50,4,70,1,0,0,50,33,1
1117,6.88,86.8,73.5,0,77,73,72,72,67,60,61,71,78,55,56,51,0,0,0,1,51,0,0,1
1118,7.57,83.5,83.3,3,52,43,61,55,61,43,70,73,57,66,62,57,4,79,1,0,0,43,35,0
1119,8.67,88.6,85.6,0,70,62,65,58,61,48,71,61,71,57,49,54,1,65,1,0,0,0,21,1
1120,5.86,76.7,73.2,0,64,59,53,66,55,55,63,61,59,58,58,45,0,0,0,0,0,0,0,0
1121,6.66,72.1,69.4,0,62,54,62,59,63,53,70,60,70,65,58,43,2,69,1,1,10,0,14,0
1122,7.96,84.5,78.1,0,69,62,55,72,68,55,58,69,58,52,59,40,0,0,0,0,0,27,0,1
1123,7.52,78.5,69.9,0,59,47,64,51,53,53,67,63,62,50,54,55,1,61,0,1,53,43,36,1
1124,7.59,88.5,81.5,0,79,66,73,69,60,58,76,68,78,64,55,59,0,0,0,3,0,0,0,1
1125,7.45,79.8,71.7,0,56,50,57,55,61,40,78,66,71,48,49,54,0,0,1,1,0,25,0,1
1126,6.07,71.9,68.6,0,63,59,57,58,59,52,56,59,68,65,64,58,0,0,2,1,0,0,51,0
1127,7.31,81.0,76.0,0,53,53,50,55,55,50,66,63,48,58,53,60,0,0,1,1,0,0,0,1
1128,7.7,74.9,77.2,0,71,51,70,63,66,62,89,81,58,77,68,61,0,0,1,1,0,0,51,1
1129,7.07,83.1,74.1,0,75,56,66,61,54,49,55,65,63,51,66,62,0,0,0,1,0,0,0,1
1130,7.52,80.6,78.5,1,84,67,67,71,83,66,63,66,75,59,67,59,0,0,0,0,0,0,50,1
1131,7.63,85.4,81.4,0,60,64,68,59,75,43,63,54,69,68,65,61,0,0,0,0,38,0,17,1
1132,7.29,77.1,76.3,1,59,50,54,47,61,65,60,57,65,75,66,65,2,54,0,0,0,48,34,1
1133,8.74,86.6,81.4,2,63,57,63,54,65,64,71,75,74,70,56,61,1,85,0,0,0,0,44,1
1134,7.1,84.1,71.4,1,59,44,51,54,65,41,44,44,48,55,46,51,0,0,0,1,0,0,0,0
1135,9.14,99.0,86.6,0,70,55,58,59,66,56,68,65,63,54,54,51,0,0,0,0,0,0,0,1
1136,5.69,72.0,66.5,3,71,64,64,61,62,51,72,62,64,65,68,58,0,0,1,0,32,0,0,0
1137,7.56,88.7,85.3,1,64,56,76,59,67,50,74,69,67,49,53,58,0,0,2,1,0,0,0,1
1138,8.39,86.5,85.8,0,60,48,46,50,47,45,67,61,53,75,68,56,0,0,0,0,0,0,0,1
1139,7.21,76.3,71.8,1,65,61,59,62,63,40,62,57,68,75,63,71,0,0,2,2,61,37,63,1
1140,6.77,75.4,76.0,0,57,32,50,44,43,44,66,66,65,57,53,65,0,0,0,0,23,0,0,0
1141,6.91,88.4,86.3,2,66,50,67,54,65,51,64,66,69,58,63,41,0,0,0,3,0,0,0,0
1142,7.51,80.4,84.0,0,68,60,61,69,64,55,60,64,64,55,69,49,0,0,2,0,58,59,0,1
1143,8.22,84.4,86.8,0,58,50,47,47,51,43,50,48,50,68,52,63,0,0,0,2,0,0,17,1
1144,7.32,85.8,81.6,3,71,61,62,62,67,43,57,59,59,56,63,46,0,0,0,0,0,41,18,0
1145,5.81,69.0,63.6,1,65,60,61,52,59,41,60,70,61,64,62,62,1,50,1,0,0,55,59,1
1146,7.23,69.2,71.5,0,71,65,65,70,68,64,78,72,71,54,53,50,0,0,1,0,0,0,0,1
1147,7.95,84.1,74.9,0,69,51,62,63,71,61,67,56,62,50,59,46,1,56,0,1,0,52,0,1
1148,6.87,85.0,84.8,0,67,61,64,69,67,68,54,57,55,55,60,62,0,0,0,0,0,0,0,1
1149,5.5,63.5,66.8,2,52,50,43,54,64,48,48,47,51,62,50,58,2,42,0,1,0,0,0,0
1150,8.64,89.3,84.5,2,67,55,64,68,53,58,64,65,64,67,62,60,2,70,2,2,36,0,33,1
1151,7.19,76.6,85.8,0,63,45,62,46,49,34,70,68,63,57,53,54,4,39,1,0,0,10,0,1
1152,6.71,75.6,64.0,0,65,70,50,51,56,45,63,50,60,62,48,47,1,50,1,1,0,36,0,0
1153,6.26,75.6,77.8,1,66,58,59,65,49,66,53,48,57,70,60,66,3,85,0,0,55,90,0,1
1154,8.51,83.1,86.3,1,69,56,66,63,63,58,64,70,65,49,54,44,0,0,1,1,13,40,0,0
1155,7.24,89.7,74.7,3,59,51,74,50,56,49,67,63,61,63,62,71,3,71,1,1,0,0,0,1
1156,6.72,77.3,87.7,0,69,58,58,57,61,39,66,61,67,69,60,57,0,0,0,1,0,0,0,1
1157,8.58,86.1,89.7,0,61,53,60,40,50,53,54,60,62,58,59,54,0,0,0,0,32,10,0,1
1158,7.89,73.9,82.7,2,62,52,60,66,61,47,62,55,71,59,67,57,0,0,1,2,29,10,0,0
1159,7.54,85.5,80.5,1,67,43,56,52,64,50,62,55,65,55,53,54,0,0,2,0,0,48,0,1
1160,7.97,76.8,89.5,0,66,63,67,70,62,58,71,66,64,53,65,61,3,64,0,1,0,40,0,1
1161,7.86,85.0,86.2,1,62,47,55,51,60,47,61,70,67,47,55,51,0,0,1,0,0,27,0,0
1162,6.05,69.4,68.7,0,62,64,66,54,74,55,60,60,65,60,54,56,2,68,0,2,80,53,23,0
1163,7.2,83.3,88.0,1,54,48,57,41,47,46,71,63,62,60,51,55,2,47,0,0,38,0,48,0
1164,7.28,84.8,79.0,0,61,52,56,53,63,43,62,58,62,50,54,54,1,64,0,0,62,0,23,1
1165,7.43,84.7,82.0,2,64,67,68,62,75,59,74,63,68,59,63,57,0,0,0,3,0,56,0,1
1166,6.94,85.0,74.4,0,63,52,57,50,57,49,78,68,72,79,67,69,2,41,0,2,25,26,65,1
1167,7.53,83.6,76.2,1,57,49,56,46,62,39,65,56,61,55,56,60,0,0,0,0,0,0,23,0
1168,8.18,88.9,82.8,1,55,50,55,60,63,53,63,61,72,69,65,59,3,63,1,0,50,39,47,1
1169,7.26,81.2,82.9,0,74,62,65,66,61,53,56,58,68,55,61,61,0,0,1,1,0,54,0,1
1170,7.9,82.7,86.2,0,67,59,60,54,65,54,62,65,61,47,53,53,3,63,2,0,0,0,0,0
1171,6.92,79.3,83.2,0,78,74,65,58,63,53,53,56,69,61,60,52,0,0,0,2,0,0,42,0
1172,8.57,98.1,92.9,0,84,59,66,78,66,70,64,70,77,67,72,53,0,0,1,1,64,77,0,1
1173,6.08,75.9,66.3,0,61,57,52,50,61,41,74,65,63,68,61,56,0,0,1,1,52,73,48,1
1174,8.12,81.4,85.3,0,74,71,69,66,87,62,58,71,75,75,78,60,0,0,1,0,0,19,0,1
1175,6.19,78.0,71.9,1,46,36,45,47,55,46,60,49,48,62,59,64,0,0,0,0,0,0,47,0
1176,8.2,88.0,81.3,2,66,67,64,67,63,61,66,68,66,73,57,55,4,59,1,1,27,49,0,1
1177,7.11,79.7,73.6,1,70,62,73,70,75,56,68,69,68,63,60,52,2,59,1,0,0,0,0,0
1178,5.86,74.8,66.2,0,84,67,82,67,66,63,74,82,69,79,61,58,0,0,1,0,0,25,0,0
1179,7.63,87.7,81.8,1,69,59,68,61,64,69,73,72,67,48,54,53,0,0,0,0,0,0,0,1
1180,7.86,84.9,79.6,1,61,48,62,56,64,52,65,61,58,67,61,60,0,0,0,2,55,65,0,1
1181,7.63,80.1,76.0,1,66,47,61,52,49,48,72,61,62,53,58,48,0,0,0,2,44,47,0,0
1182,6.93,80.0,77.8,1,68,56,51,55,67,58,64,62,49,59,55,53,1,54,0,0,42,0,0,1
1183,7.03,76.6,77.6,1,73,66,57,60,73,48,60,67,55,56,54,43,2,48,0,3,0,22,0,1
1184,6.63,79.3,81.9,0,76,68,75,68,70,49,70,72,68,90,75,64,0,0,1,1,53,55,85,1
1185,8.16,83.9,71.7,1,72,63,69,70,61,59,52,59,65,60,54,47,0,0,0,3,0,31,0,0
1186,7.33,86.0,71.5,0,67,64,65,56,67,57,72,70,69,57,62,65,0,0,0,2,21,0,0,1
1187,7.55,71.2,75.0,1,70,64,63,64,56,53,78,65,66,67,74,54,0,0,0,1,0,11,0,1
1188,7.2,74.6,70.9,0,65,63,71,58,61,50,90,75,70,67,60,66,1,78,1,3,87,90,23,1
1189,7.45,79.5,78.9,1,50,52,50,44,56,32,64,61,54,65,60,55,0,0,0,0,0,10,0,0
1190,8.77,95.0,96.2,1,53,48,56,49,48,46,68,67,52,56,51,60,0,0,0,1,0,0,0,0
1191,6.82,81.1,77.2,0,70,63,79,54,72,56,68,67,64,57,62,49,0,0,1,1,60,0,0,1
1192,7.38,77.8,69.3,0,60,53,76,56,58,46,67,78,61,52,61,42,0,0,0,1,0,13,0,0
1193,6.89,82.0,73.5,0,51,34,39,44,52,42,67,63,62,88,70,61,1,61,0,0,0,0,84,1
1194,8.03,82.2,83.8,1,79,74,63,74,67,47,52,72,69,56,67,52,2,66,0,3,0,43,0,1
1195,5.74,69.9,60.5,1,87,77,78,72,81,76,58,58,71,52,60,48,2,65,0,1,34,0,10,1
1196,6.05,78.6,72.6,0,58,53,66,58,63,53,58,57,56,51,51,60,0,0,1,0,0,64,0,0
1197,6.2,70.3,72.1,0,61,55,52,47,57,38,46,47,40,64,62,56,2,35,0,0,0,0,0,1
1198,6.51,75.3,81.6,0,75,57,69,66,82,63,74,76,76,69,64,51,1,62,0,0,19,0,44,1
1199,8.35,83.7,85.6,0,56,42,53,51,59,46,60,59,47,75,68,59,1,80,1,0,0,72,0,1
1200,7.62,78.3,80.7,0,61,54,65,64,73,51,64,54,63,64,59,54,0,0,0,2,23,0,0,1
1201,7.38,84.7,79.2,1,59,46,47,55,53,47,76,71,66,39,48,46,0,0,0,2,0,14,0,0
1202,7.94,86.3,95.5,0,52,54,64,53,61,47,65,61,61,62,61,59,2,65,0,2,0,34,0,1
1203,7.4,83.4,82.6,0,74,66,68,61,67,60,57,58,65,49,68,50,2,67,0,0,0,0,0,1
1204,8.77,90.1,88.8,0,57,47,56,51,57,42,59,58,62,65,71,60,0,0,1,2,0,10,0,1
1205,8.45,91.5,88.8,2,60,62,62,64,66,47,63,63,51,60,56,63,1,83,2,0,0,74,0,1
1206,6.22,83.5,74.7,0,79,69,64,66,72,52,63,77,64,50,60,56,0,0,0,0,0,0,0,0
1207,7.12,77.7,74.3,1,63,54,67,64,71,53,75,62,74,40,55,52,0,0,0,0,43,10,0,1
1208,6.88,76.8,73.7,1,66,57,70,60,45,42,75,70,61,70,62,59,2,65,0,2,0,0,0,1
1209,7.33,84.3,80.7,1,74,58,49,60,64,56,51,48,58,64,55,67,0,0,0,0,36,31,0,1
1210,6.87,82.4,74.5,0,75,61,68,69,71,56,68,80,77,50,61,55,0,0,0,0,0,13,28,1
1211,8.15,84.4,80.0,0,65,63,65,56,66,49,64,57,72,62,63,67,0,0,0,1,0,0,55,0
1212,7.48,83.8,79.5,0,69,54,56,52,56,54,67,63,59,53,63,44,1,63,1,0,0,51,0,1
1213,6.34,73.0,74.5,0,74,70,76,75,81,66,55,54,72,40,54,36,2,65,1,1,0,49,0,1
1214,7.11,84.7,75.8,0,62,51,53,56,65,49,54,64,57,75,67,68,2,64,1,1,63,50,0,1
1215,7.52,80.2,76.6,0,70,60,77,67,73,61,73,75,65,65,67,73,3,63,1,1,66,58,51,1
1216,8.14,88.2,74.5,0,63,55,57,65,65,61,58,62,73,70,64,60,1,68,0,0,41,50,0,1
1217,7.83,83.5,79.8,2,61,58,57,52,56,45,59,64,61,57,66,53,1,66,1,0,65,77,31,1
1218,6.55,81.0,71.4,0,69,56,51,62,63,52,56,62,66,63,52,62,1,64,0,0,39,49,0,1
1219,6.26,74.9,69.4,1,50,47,53,61,57,59,59,57,54,78,71,85,0,0,1,0,0,0,85,1
1220,6.71,73.3,72.9,0,64,56,49,47,59,41,67,58,61,80,72,76,2,48,0,0,0,0,71,1
1221,7.75,89.4,82.2,2,53,48,46,49,57,45,42,38,33,54,49,56,0,0,0,3,23,0,0,1
1222,7.07,78.9,83.0,0,60,54,65,53,51,50,84,75,73,70,71,79,0,0,0,1,61,0,85,1
1223,7.27,79.5,75.7,2,66,53,67,71,48,54,66,71,63,45,40,44,0,0,0,1,23,0,0,0
1224,7.53,83.0,79.0,0,59,57,56,58,62,54,73,68,60,59,56,56,1,66,2,0,44,0,0,1
1225,6.67,74.0,80.8,0,64,46,71,48,70,50,70,67,61,58,51,59,1,46,0,1,0,32,0,0
1226,7.83,88.0,78.3,0,70,65,63,54,74,64,75,75,63,65,53,52,0,0,1,0,35,0,0,1
1227,7.68,77.6,75.4,0,79,58,69,65,74,62,78,67,73,64,65,69,0,0,0,2,43,0,0,1
1228,8.07,76.7,82.0,2,61,60,70,66,58,56,72,66,80,69,63,64,2,69,2,1,0,30,32,1
1229,7.19,81.4,80.5,0,88,70,66,69,64,90,54,62,76,51,54,46,0,0,2,1,15,0,0,1
1230,7.28,77.9,82.2,0,77,75,68,58,70,65,81,74,77,72,62,70,1,49,1,3,0,77,0,1
1231,7.72,76.2,74.4,0,44,43,51,34,58,24,43,45,55,67,63,49,0,0,0,0,43,14,0,0
1232,7.32,76.7,75.3,0,70,61,76,72,72,70,87,83,76,59,59,45,2,64,1,0,0,39,0,1
1233,6.59,77.4,77.2,0,61,37,62,53,53,39,71,64,57,51,53,52,2,56,0,1,51,54,0,1
1234,6.49,66.5,74.3,0,66,48,50,55,59,40,52,51,48,55,42,57,2,55,0,3,0,0,16,0
1235,6.88,92.5,73.4,0,74,46,70,58,62,47,73,74,73,68,64,60,0,0,0,2,0,10,0,1
1236,6.49,73.0,60.3,0,91,75,68,70,79,68,69,71,85,67,65,69,1,80,0,1,71,86,0,1
1237,7.34,89.0,83.4,0,62,48,52,48,58,35,61,61,57,75,64,64,1,52,1,0,36,0,66,1
1238,5.98,70.3,77.9,0,52,41,62,36,52,41,70,68,56,68,57,59,0,0,0,1,0,39,0,1
1239,7.07,70.5,72.3,0,75,71,72,68,69,53,66,68,70,57,58,54,0,0,1,2,60,49,0,1
1240,7.15,82.2,74.7,3,71,58,71,65,67,57,70,69,71,71,65,53,1,87,1,1,59,40,0,1
1241,8.01,91.4,86.7,0,71,63,68,73,66,55,72,72,67,68,69,60,2,83,1,0,0,45,0,1
1242,7.34,86.3,79.8,0,69,48,66,58,64,49,62,55,72,66,69,70,0,0,0,2,0,0,0,1
1243,7.49,82.4,76.9,0,64,65,69,61,67,63,76,66,71,64,65,71,0,0,0,2,15,32,47,1
1244,6.57,76.2,72.0,0,79,63,80,58,67,66,66,64,67,57,66,61,0,0,2,0,54,0,0,1
1245,8.63,90.4,88.2,1,57,62,63,56,68,46,61,54,59,57,63,53,1,65,1,0,42,35,0,1
1246,7.44,76.8,82.2,0,75,70,64,76,75,68,70,71,66,54,62,61,0,0,1,3,35,31,0,1
1247,7.01,78.3,81.3,1,66,54,56,60,54,62,57,48,58,64,59,63,0,0,0,0,0,0,0,1
1248,7.38,84.4,76.8,2,67,49,63,53,64,55,81,68,63,46,54,60,0,0,0,1,0,17,0,1
1249,8.22,91.5,80.9,0,59,55,71,54,56,40,69,72,64,60,61,47,1,60,1,1,0,0,0,1
1250,9.18,93.3,83.4,0,71,56,69,65,65,49,81,73,68,45,55,55,0,0,0,0,0,10,0,1
1251,8.46,86.3,79.8,0,74,55,79,79,69,67,73,65,80,59,62,62,2,67,0,2,0,0,0,1
1252,8.03,76.9,79.1,0,64,60,58,63,77,52,65,66,63,65,58,64,0,0,0,0,0,0,37,0
1253,8.53,88.7,79.4,0,67,59,65,64,66,38,58,56,56,61,60,56,0,0,0,1,0,10,0,1
1254,6.77,71.6,74.2,1,55,50,65,50,49,41,71,71,61,57,61,54,2,87,1,0,90,90,0,1
1255,7.0,82.1,86.3,2,63,49,54,57,57,58,53,59,55,61,65,56,1,53,2,1,29,33,0,0
1256,7.04,87.7,71.8,2,56,49,53,48,47,38,70,61,54,59,55,55,3,54,1,2,49,28,53,1
1257,7.61,73.0,69.9,2,63,54,56,58,63,58,57,65,62,66,61,55,0,0,1,3,0,0,0,1
1258,7.32,79.7,72.3,0,72,61,65,68,54,41,60,66,55,52,69,62,1,54,1,0,0,56,31,1
1259,8.02,87.6,79.2,1,69,50,60,57,64,51,61,72,54,56,51,68,1,88,1,1,83,0,29,1
1260,8.04,86.7,76.6,1,72,54,75,68,65,58,72,60,69,50,62,53,0,0,1,0,0,0,0,1
1261,7.37,87.0,88.1,1,62,47,72,67,70,66,70,73,69,57,42,44,0,0,0,2,68,63,0,1
1262,5.38,64.8,67.3,0,77,59,63,67,52,54,59,59,64,66,57,62,0,0,0,0,21,11,20,1
1263,8.13,78.1,79.3,1,66,57,60,57,66,54,73,62,65,68,61,58,0,0,2,1,62,0,0,1
1264,6.84,80.4,78.4,2,57,44,58,46,51,59,64,62,58,71,63,71,0,0,0,0,0,26,61,1
1265,8.39,89.0,81.1,0,64,41,57,58,57,57,66,70,61,60,63,50,0,0,0,3,0,0,0,0
1266,5.39,68.0,62.3,1,68,48,52,50,59,44,45,54,56,65,62,60,0,0,0,0,0,0,0,0
1267,7.37,84.9,78.7,2,61,65,57,64,63,57,64,64,57,59,56,55,1,48,1,2,62,53,0,1
1268,7.43,77.2,77.3,0,77,54,74,75,73,61,78,79,77,53,66,51,0,0,1,0,0,20,0,1
1269,7.23,80.3,71.7,0,50,33,33,41,47,39,53,45,42,54,42,49,0,0,0,0,0,0,0,0
1270,7.86,76.1,81.4,0,53,36,53,38,42,37,72,57,62,69,46,59,0,0,1,2,41,53,0,1
1271,8.91,87.2,81.5,0,58,47,65,44,57,51,64,59,57,42,43,42,0,0,0,1,0,0,0,0
1272,6.52,63.6,70.9,1,59,43,51,60,60,52,54,53,59,56,59,60,0,0,0,1,53,0,0,0
1273,7.38,68.2,73.9,0,71,73,64,64,78,61,60,60,66,62,59,46,3,61,0,0,0,0,0,1
1274,6.99,75.9,67.9,1,76,72,64,76,75,65,54,59,60,78,68,77,0,0,1,1,43,0,0,1
1275,6.19,74.2,73.6,1,64,56,68,50,60,51,73,64,60,59,67,66,0,0,0,0,0,0,0,1
1276,6.9,73.2,87.8,0,73,62,59,62,68,62,67,69,71,70,62,69,2,61,1,3,0,30,0,1
1277,7.53,77.3,82.7,0,70,57,69,58,53,45,64,62,66,59,63,50,0,0,0,1,52,0,0,1
1278,6.53,77.1,79.3,0,63,53,47,48,56,48,53,47,59,52,53,53,0,0,0,2,0,30,0,1
1279,6.75,76.9,78.5,1,72,54,72,65,73,61,74,68,76,69,58,61,0,0,1,1,0,58,32,1
1280,7.89,79.1,75.0,0,74,68,70,64,59,49,76,62,71,51,51,61,1,93,2,3,85,61,0,0
1281,7.78,82.2,89.4,0,62,52,56,57,54,42,63,51,63,71,53,51,0,0,2,1,0,50,34,1
1282,7.74,85.6,77.4,1,49,58,51,55,57,36,63,51,55,51,49,53,3,42,0,0,43,47,0,0
1283,7.02,78.4,73.8,0,70,54,62,61,67,58,67,69,54,69,59,61,0,0,0,0,0,0,52,1
1284,6.96,76.0,72.7,0,86,70,63,66,75,63,76,72,74,81,65,62,0,0,0,2,33,20,0,1
1285,8.21,81.5,83.8,1,72,65,69,68,56,61,72,69,59,57,55,52,0,0,0,1,0,0,0,1
1286,5.83,65.7,57.3,0,64,47,55,61,55,44,60,63,70,59,59,50,0,0,0,0,0,0,0,0
1287,6.29,68.8,77.6,0,65,54,67,58,55,65,75,75,71,52,57,51,4,66,1,2,61,0,0,1
1288,8.34,83.9,78.0,0,53,43,57,42,44,30,65,59,64,57,48,45,0,0,1,0,0,0,0,0
1289,8.12,89.4,80.0,1,56,44,73,64,63,44,81,61,62,42,50,36,0,0,1,0,0,0,0,1
1290,7.48,86.2,79.9,0,76,62,69,58,78,60,52,63,63,64,58,70,0,0,1,0,0,0,0,1
1291,7.82,77.1,86.1,0,65,68,66,70,60,55,62,60,69,92,72,78,0,0,1,1,0,0,85,1
1292,7.46,83.1,88.7,2,69,60,65,65,62,61,66,73,72,62,62,55,0,0,1,1,0,0,35,1
1293,6.78,87.6,77.6,1,63,63,69,63,70,41,64,71,68,74,69,70,2,85,1,0,89,54,0,1
1294,6.81,84.7,84.2,2,69,57,58,55,61,60,51,62,60,55,63,58,0,0,1,0,0,0,0,1
1295,7.28,77.2,79.1,0,50,32,47,40,44,37,54,56,49,54,63,51,0,0,0,1,0,0,0,0
1296,8.01,82.8,81.5,0,61,50,73,59,61,63,71,65,73,59,56,55,4,57,0,3,0,0,0,1
1297,8.41,85.3,89.3,0,66,67,71,59,65,54,67,60,71,55,60,48,3,77,1,0,62,0,0,1
1298,7.25,74.6,81.0,1,68,52,69,65,57,62,50,44,60,70,69,68,0,0,1,2,52,52,0,1
1299,7.36,73.5,82.3,0,60,46,64,55,62,59,68,68,58,56,50,55,0,0,1,0,41,39,0,1
1300,9.35,92.6,87.6,0,63,46,58,41,51,41,65,59,57,65,52,56,0,0,0,0,0,0,31,0
1301,8.88,91.1,94.5,0,71,62,69,66,68,46,74,66,53,54,51,44,0,0,2,0,59,33,0,1
1302,6.39,61.7,73.3,1,72,62,67,69,69,57,56,61,69,54,58,58,0,0,2,0,0,0,44,1
1303,7.7,84.0,82.2,0,58,34,61,36,62,47,63,54,49,30,57,48,0,0,0,0,0,0,0,0
1304,7.73,84.1,81.0,2,80,72,61,66,70,63,46,54,55,55,62,51,2,74,1,2,41,63,0,1
1305,8.67,88.8,89.9,0,76,60,74,67,76,67,73,62,68,52,46,50,0,0,0,0,0,0,0,1
1306,7.65,81.7,72.9,2,64,56,62,64,74,50,68,70,66,66,56,53,1,66,1,0,62,61,0,1
1307,6.03,68.4,69.8,1,69,58,65,67,64,49,69,69,66,65,64,67,2,69,1,2,44,48,0,1
1308,7.93,86.2,74.1,3,64,62,57,61,54,51,67,56,58,51,50,47,0,0,0,1,0,10,0,0
1309,8.26,85.3,88.5,0,59,64,61,49,61,48,67,62,61,71,68,62,0,0,0,2,0,0,0,1
1310,8.26,85.4,87.8,0,72,64,73,66,73,60,70,67,80,55,51,47,0,0,1,2,12,0,29,1
1311,5.22,67.4,65.3,1,42,29,42,37,44,37,63,50,45,58,62,50,0,0,1,0,0,0,0,0
1312,7.99,84.7,83.7,0,72,56,57,65,68,59,59,63,63,65,69,59,0,0,1,1,0,49,0,1
1313,8.06,83.0,78.5,2,91,86,87,76,89,71,85,79,82,55,62,49,1,76,0,1,49,29,41,1
1314,7.13,78.8,78.5,0,75,58,78,72,63,51,71,71,72,65,53,58,0,0,1,1,0,0,31,1
1315,7.8,78.6,81.4,0,73,61,64,69,57,56,67,63,68,63,64,61,0,0,1,2,0,10,0,1
1316,7.36,73.1,78.0,3,85,81,69,63,78,69,67,73,67,50,70,51,0,0,0,1,0,0,10,1
1317,8.17,85.4,84.5,0,69,55,60,57,65,60,54,56,54,68,60,46,0,0,0,2,0,16,51,1
1318,6.12,69.2,68.6,1,73,55,74,65,61,59,55,69,70,60,70,48,0,0,1,2,0,18,21,0
1319,7.3,82.6,84.4,0,75,63,72,68,69,54,56,57,69,54,61,50,0,0,0,1,0,0,10,1
1320,7.38,78.0,77.6,2,63,60,60,66,55,40,64,59,63,82,68,60,1,66,0,2,0,0,0,1
1321,6.22,68.3,68.7,0,72,71,71,62,73,58,69,72,72,67,58,58,2,69,0,0,68,32,0,1
1322,7.17,79.5,76.1,1,52,42,53,46,44,36,59,70,53,67,56,59,1,80,0,2,0,48,0,1
1323,8.11,90.9,73.6,0,81,64,86,69,67,51,72,76,75,56,50,52,0,0,0,1,0,0,0,1
1324,6.03,67.2,70.5,0,61,52,63,53,57,58,68,71,58,54,64,51,1,49,0,0,43,0,0,1
1325,7.53,71.4,73.4,0,59,52,64,58,67,46,62,62,61,47,54,58,0,0,0,0,48,44,0,0
1326,6.77,83.4,75.6,3,65,49,60,58,57,47,71,61,62,50,61,63,0,0,1,1,38,35,13,0
1327,7.01,80.8,78.0,1,65,58,66,60,61,58,68,62,66,40,56,41,0,0,0,2,0,0,0,1
1328,7.73,83.1,76.0,0,78,74,75,65,65,60,74,65,80,64,57,53,0,0,0,0,0,0,0,1
1329,6.35,73.8,73.8,0,72,52,68,58,74,58,61,65,69,52,64,59,0,0,1,0,0,0,62,1
1330,8.41,80.2,79.9,0,72,66,71,76,78,70,68,75,71,62,56,52,0,0,0,2,41,0,0,1
1331,8.15,80.3,74.2,0,64,48,63,61,60,49,64,69,67,45,52,44,0,0,0,1,0,0,0,0
1332,6.85,79.5,77.1,0,70,54,59,59,65,54,61,61,65,65,65,61,3,72,0,1,0,0,0,1
1333,7.67,79.6,77.7,1,91,68,80,69,69,68,63,63,76,62,62,53,0,0,0,0,0,0,0,1
1334,8.37,86.6,81.6,0,72,54,63,63,69,55,67,68,63,44,59,58,2,71,0,0,0,58,0,1
1335,7.74,80.8,73.3,0,68,66,65,71,67,54,70,62,65,59,61,52,0,0,0,1,0,0,0,1
1336,6.1,68.8,75.9,1,74,70,68,76,64,64,80,78,75,56,69,53,0,0,0,2,0,10,0,0
1337,8.78,92.9,89.7,0,65,52,65,60,71,40,60,60,56,69,64,64,1,69,1,0,49,0,0,1
1338,6.87,79.5,68.8,1,63,57,55,46,65,44,70,79,60,63,65,62,3,49,0,2,0,0,0,1
1339,7.29,78.8,69.4,0,74,75,68,56,68,52,68,62,74,58,61,51,0,0,0,1,0,0,0,0
1340,7.32,80.2,79.8,0,69,65,75,71,66,55,73,65,58,69,66,60,0,0,1,0,61,79,50,1
1341,8.76,89.1,82.2,0,74,71,72,76,84,69,65,64,74,67,65,62,1,73,2,1,0,32,41,1
1342,7.46,83.8,71.5,0,65,62,67,50,61,49,65,68,59,56,64,71,0,0,1,0,58,0,0,1
1343,8.65,84.1,90.9,0,50,33,50,48,40,36,77,68,54,58,56,53,0,0,1,1,42,0,0,0
1344,7.61,78.6,76.3,0,57,56,62,54,62,48,72,65,59,63,52,61,1,89,1,0,58,64,48,1
1345,6.62,74.7,72.3,1,90,67,85,74,84,66,78,75,79,51,61,46,1,69,0,0,57,39,0,1
1346,6.56,74.6,73.7,1,69,61,57,74,75,57,63,66,70,70,68,72,0,0,1,0,51,0,0,1
1347,7.58,81.1,85.1,0,68,57,64,59,61,53,70,70,59,53,55,51,1,61,2,0,33,0,0,1
1348,8.76,88.9,87.2,1,62,56,63,54,59,44,69,72,76,70,51,57,0,0,0,2,0,0,0,1
1349,7.93,80.1,87.0,2,60,57,59,51,53,58,61,64,69,55,56,49,0,0,0,0,0,0,17,0
1350,8.15,94.6,88.6,0,69,61,70,59,72,65,68,66,73,73,72,58,0,0,2,3,34,0,65,1
1351,7.97,84.4,83.6,1,75,51,66,68,69,66,53,51,55,62,60,61,0,0,0,0,26,0,37,1
1352,7.02,76.6,72.3,1,70,69,72,62,67,54,59,54,61,45,59,50,1,69,1,0,0,0,0,1
1353,7.33,85.7,79.4,0,34,34,41,31,38,26,63,57,39,45,30,51,1,44,0,0,0,21,0,0
1354,7.33,75.7,85.1,1,59,41,54,44,53,46,50,39,63,45,38,39,0,0,0,0,13,0,0,0
1355,7.92,78.2,80.4,0,64,50,62,54,61,53,59,57,73,66,63,49,3,66,0,0,0,55,0,1
1356,7.7,79.1,81.4,0,50,43,70,43,48,41,84,74,64,56,54,55,0,0,0,1,0,10,0,0
1357,6.77,70.9,75.7,0,64,53,60,58,69,52,49,55,54,52,57,55,3,64,0,1,54,45,10,0
1358,7.01,74.6,73.3,2,66,57,66,59,57,54,55,52,51,70,70,68,0,0,0,1,40,21,64,1
1359,6.4,71.3,64.6,0,56,58,64,55,54,50,73,68,57,66,52,53,0,0,1,0,42,0,28,1
1360,6.8,78.7,70.9,1,77,55,68,69,69,57,77,67,67,46,57,51,1,52,0,0,0,0,0,1
1361,7.48,85.5,84.1,1,64,69,61,60,59,62,59,57,61,66,63,65,0,0,2,1,44,0,80,1
1362,7.56,81.7,83.5,1,55,54,56,56,58,62,70,51,60,64,63,57,0,0,0,2,37,0,0,1
1363,7.6,89.8,79.7,1,65,60,63,53,66,54,74,72,79,68,56,64,1,84,0,1,74,55,0,1
1364,7.94,83.1,89.1,1,79,64,72,65,72,57,82,79,62,60,57,57,0,0,0,1,0,0,22,1
1365,8.29,83.3,85.1,0,70,53,65,63,54,55,81,69,65,58,68,61,0,0,0,0,0,0,0,1
1366,6.13,65.3,68.6,0,69,53,72,60,58,53,71,70,69,51,53,53,4,55,0,3,0,0,0,1
1367,6.76,70.3,77.3,0,45,40,49,44,51,33,66,61,61,54,57,44,0,0,0,0,0,10,0,1
1368,8.24,86.9,90.9,0,56,47,58,49,52,46,65,62,56,55,55,58,0,0,0,1,0,0,0,1
1369,7.52,85.9,77.1,0,58,72,61,62,58,52,60,66,61,63,60,65,1,74,0,0,0,51,0,1
1370,5.68,70.5,72.4,3,56,57,65,53,69,54,63,46,68,54,65,62,0,0,0,1,43,23,0,0
1371,8.01,87.1,82.9,0,63,50,62,52,61,44,56,61,64,58,49,61,0,0,1,0,0,32,0,1
1372,6.85,77.1,81.8,3,76,65,55,61,68,67,47,46,60,75,78,71,0,0,1,2,0,25,59,1
1373,8.31,92.7,91.3,0,79,54,67,63,68,56,67,66,71,37,48,42,0,0,1,2,0,18,0,0
1374,8.2,85.0,82.7,0,65,61,64,62,69,47,56,65,64,70,65,74,0,0,0,0,0,0,64,0
1375,8.06,88.2,89.5,3,44,36,49,37,63,45,68,57,42,44,56,57,0,0,0,1,54,48,0,0
1376,6.78,77.4,71.1,0,62,40,55,50,60,40,75,68,69,58,47,49,4,51,1,0,0,0,0,1
1377,6.57,77.5,73.0,0,70,67,64,65,63,64,65,68,68,55,64,59,0,0,1,0,0,0,31,1
1378,5.93,66.4,63.6,1,64,61,59,53,60,50,64,67,68,61,64,49,0,0,0,0,0,0,0,0
1379,7.3,85.7,80.7,1,67,51,62,63,72,59,57,60,61,53,58,61,0,0,0,2,14,0,0,0
1380,8.85,89.9,78.9,0,70,67,54,53,67,44,60,59,71,68,52,63,0,0,0,0,0,0,0,1
1381,6.24,74.0,73.6,0,53,54,46,46,63,39,59,56,59,49,51,55,3,59,1,0,42,0,0,0
1382,9.9,95.9,86.7,2,58,40,46,50,58,34,62,63,61,48,61,56,0,0,0,3,19,0,20,0
1383,7.58,81.5,80.2,0,75,47,67,64,54,51,69,65,70,56,55,55,1,56,2,2,10,0,0,1
1384,6.81,73.4,77.6,1,65,53,68,57,65,44,81,67,63,49,56,62,0,0,0,0,0,0,0,0
1385,8.42,83.3,79.5,1,80,69,74,67,71,70,78,77,78,58,62,55,1,73,0,0,0,75,0,1
1386,6.97,72.7,76.7,0,64,61,58,56,65,37,72,71,64,53,56,59,0,0,0,0,0,0,39,1
1387,7.35,79.5,73.7,1,62,53,58,56,62,42,62,62,66,74,59,70,0,0,0,0,0,0,39,0
1388,8.38,83.2,81.7,3,63,52,55,56,61,52,56,43,60,52,60,50,2,59,0,0,0,0,10,1
1389,7.05,71.9,76.9,0,72,56,74,65,66,58,81,65,69,54,54,56,1,54,1,0,43,0,0,1
1390,8.72,96.0,73.0,0,63,57,46,47,53,41,58,48,52,66,59,57,0,0,0,1,0,39,56,1
1391,7.34,82.7,78.0,1,54,60,49,56,53,50,58,63,61,70,54,55,0,0,0,1,0,10,0,0
1392,7.91,78.7,87.4,0,65,43,67,50,57,41,72,65,68,77,58,60,2,79,2,0,73,0,0,1
1393,7.59,77.8,80.2,3,74,57,73,61,58,56,62,61,57,47,58,58,2,64,0,0,44,0,0,0
1394,6.32,67.8,72.1,1,71,64,48,60,67,56,51,65,51,42,61,47,0,0,0,0,0,28,0,0
1395,8.52,94.7,88.2,3,54,39,46,43,45,30,65,48,53,70,71,49,0,0,0,3,0,0,27,1
1396,7.2,80.4,73.1,1,67,56,77,58,55,41,72,66,62,49,62,55,1,54,0,1,57,31,0,0
1397,8.4,84.4,80.1,1,78,59,82,62,58,55,81,68,77,47,57,56,0,0,1,1,0,41,0,1
1398,7.3,80.2,73.5,1,65,51,60,60,51,55,71,65,59,60,54,58,0,0,2,2,0,0,33,1
1399,6.67,80.2,79.7,0,65,58,62,66,60,61,57,53,60,66,61,71,0,0,0,3,0,0,47,0
1400,7.22,84.7,78.7,0,66,54,64,63,54,52,63,56,63,59,52,50,2,73,0,1,0,0,0,1
1401,7.42,75.4,82.4,0,60,52,47,62,47,38,53,58,52,57,53,54,0,0,0,0,0,10,0,0
1402,8.35,85.9,68.7,1,75,54,56,60,67,48,64,60,66,45,53,41,0,0,0,2,0,0,0,1
1403,6.35,72.6,70.7,1,62,50,63,56,71,55,65,59,57,70,61,70,0,0,1,1,39,0,58,1
1404,6.45,72.8,68.7,1,72,60,72,62,66,67,74,67,72,61,64,52,0,0,2,0,49,33,0,1
1405,6.99,80.5,76.2,0,85,59,73,78,72,74,63,68,80,60,72,60,2,51,0,1,0,45,0,1
1406,7.15,84.1,75.5,3,59,60,63,54,61,34,67,67,59,74,56,66,3,77,1,3,81,90,0,1
1407,5.18,69.8,67.1,3,37,39,44,40,44,44,60,52,53,55,53,42,3,39,1,3,57,0,0,0
1408,6.58,71.8,73.9,1,56,47,51,54,53,43,61,62,62,58,51,60,2,57,1,1,0,0,0,0
1409,6.49,80.2,82.0,2,86,59,68,66,76,54,67,63,64,57,58,55,0,0,1,0,49,0,16,0
1410,7.47,90.1,73.5,0,73,58,70,68,76,58,78,66,66,56,65,60,1,69,0,0,0,63,62,1
1411,6.94,83.3,84.0,1,77,64,84,62,52,63,78,69,79,62,61,52,0,0,0,2,64,61,0,1
1412,7.69,77.3,76.4,0,51,35,57,48,50,35,66,49,57,75,58,66,0,0,0,1,0,0,83,0
1413,7.59,80.6,75.8,1,73,61,70,65,56,42,58,55,71,48,53,61,0,0,2,2,0,0,0,0
1414,8.08,78.9,82.1,0,73,69,79,70,72,54,57,60,75,61,68,63,0,0,0,0,0,0,39,1
1415,8.71,94.4,83.7,1,69,64,59,66,52,46,63,57,61,66,62,54,0,0,1,0,54,0,0,0
1416,6.98,81.0,66.6,0,70,56,69,64,59,63,64,71,72,54,50,48,0,0,0,1,0,0,0,1
1417,7.61,78.1,77.3,0,44,51,37,37,30,44,61,59,43,52,46,59,0,0,0,1,0,0,0,0
1418,7.47,81.6,76.5,1,58,51,59,42,46,44,68,63,61,61,49,50,0,0,0,2,0,10,0,0
1419,7.21,78.8,71.6,0,71,72,63,58,68,50,67,67,75,55,60,54,2,74,1,1,48,48,0,1
1420,6.76,88.6,81.2,1,56,61,56,63,59,56,59,56,56,54,58,58,0,0,1,1,74,58,0,1
1421,8.31,84.1,85.2,0,62,58,70,57,61,50,77,77,73,67,57,48,0,0,0,0,0,10,0,1
1422,8.08,89.3,87.8,0,56,55,46,56,56,46,63,57,50,61,50,50,0,0,0,1,0,10,0,0
1423,7.55,81.2,79.5,0,51,23,45,51,44,45,47,53,53,75,63,68,0,0,0,2,0,0,49,1
1424,6.03,76.4,68.9,0,62,67,68,66,64,45,81,71,65,56,53,58,2,62,1,3,0,36,0,1
1425,7.58,85.1,72.5,2,75,59,57,70,66,70,54,58,67,71,60,60,0,0,0,0,0,0,0,1
1426,7.56,83.9,82.2,0,65,49,71,55,51,51,71,64,67,61,63,49,1,72,2,0,52,63,46,1
1427,6.99,78.6,73.5,0,75,61,73,67,67,57,59,60,61,53,65,55,0,0,2,0,0,0,23,1
1428,7.93,87.6,77.9,2,70,76,65,65,72,56,66,60,67,51,57,59,2,60,0,0,40,0,0,0
1429,7.41,76.6,85.6,2,69,70,70,68,61,53,84,74,73,60,53,46,0,0,2,1,0,37,0,1
1430,5.9,63.4,69.0,1,58,55,51,52,55,34,51,57,53,70,71,60,0,0,1,1,79,49,0,0
1431,5.99,70.2,71.5,0,68,60,61,55,65,64,65,55,68,64,63,65,0,0,0,0,0,0,45,1
1432,6.1,77.1,68.2,0,57,44,49,56,54,46,57,64,56,55,48,40,1,76,1,1,82,79,0,0
1433,7.61,88.2,87.9,0,41,30,38,31,50,29,59,63,45,84,76,71,2,52,0,0,0,0,0,1
1434,8.29,87.1,79.1,3,67,48,56,65,57,42,72,70,67,49,63,61,0,0,0,0,30,0,20,1
1435,6.34,78.1,69.3,1,77,71,68,68,73,65,59,58,71,61,61,55,0,0,1,0,22,0,0,1
1436,7.52,86.4,76.7,3,50,38,50,54,41,49,56,54,41,68,61,54,0,0,0,0,10,42,65,0
1437,6.19,71.7,72.1,0,54,44,74,61,64,47,83,76,72,72,56,62,2,55,0,0,0,0,0,1
1438,6.83,84.5,74.7,0,62,56,65,63,55,53,61,65,63,57,58,64,0,0,1,3,30,38,0,1
1439,7.12,80.6,81.3,0,56,33,66,52,58,47,75,70,54,55,60,55,0,0,1,1,0,0,0,1
1440,6.47,78.8,74.1,0,64,41,55,51,58,46,67,56,59,45,43,47,0,0,2,0,0,13,0,0
1441,8.49,80.0,89.1,0,74,64,63,63,71,48,52,54,65,66,57,59,0,0,1,0,25,44,62,1
1442,6.75,69.9,71.8,0,60,46,61,51,67,54,61,57,65,53,58,39,0,0,0,0,28,0,0,0
1443,5.91,75.2,76.6,0,54,34,55,43,38,36,61,52,51,61,53,63,0,0,1,2,0,10,0,1
1444,8.49,89.9,84.4,1,68,46,59,53,59,55,66,67,58,67,65,67,0,0,1,2,57,0,30,1
1445,6.54,75.3,68.8,0,67,50,58,50,62,50,73,67,69,62,57,66,0,0,2,0,73,0,43,1
1446,6.91,80.0,63.7,1,43,34,50,42,54,38,64,62,50,39,46,56,0,0,2,0,0,50,0,0
1447,7.48,81.6,80.5,0,59,54,60,51,49,44,76,67,59,70,57,58,0,0,1,0,0,0,0,1
1448,6.38,85.3,74.1,1,75,64,72,73,71,54,78,63,70,46,59,41,0,0,0,1,0,0,0,1
1449,9.18,94.8,90.8,0,54,48,58,53,59,50,63,63,65,48,53,44,0,0,0,1,0,0,0,1
1450,6.02,70.4,72.7,0,54,46,59,45,45,43,45,54,51,77,75,70,0,0,0,0,48,0,78,1
1451,6.17,69.8,78.8,2,68,57,66,56,70,57,63,59,58,66,63,57,0,0,0,0,40,18,29,0
1452,7.8,78.9,77.9,0,65,59,61,65,62,55,70,60,62,59,63,50,0,0,1,1,64,56,0,0
1453,6.77,68.2,67.7,2,59,52,48,57,54,57,62,52,59,64,69,55,4,55,1,1,62,43,0,1
1454,7.36,81.1,79.1,0,67,54,48,47,57,45,64,67,69,58,56,57,3,67,0,0,0,0,0,1
1455,7.14,84.5,83.1,0,45,50,54,45,57,48,66,63,57,57,49,44,1,63,1,1,29,0,28,0
1456,7.19,79.8,74.4,1,68,65,68,73,69,51,65,71,67,53,58,57,2,42,0,2,34,0,0,1
1457,5.97,72.4,63.6,0,69,54,54,47,56,40,58,58,55,62,61,47,0,0,0,0,0,0,0,0
1458,8.18,91.4,87.5,1,73,65,67,65,70,63,52,61,68,59,59,60,2,77,0,1,0,63,30,1
1459,7.11,76.5,77.8,1,61,46,57,48,56,47,61,55,58,66,70,72,1,59,1,0,60,40,75,1
1460,6.65,73.4,80.1,0,62,60,60,60,60,51,75,68,61,40,54,46,0,0,0,0,27,18,0,0
1461,7.6,83.0,79.9,2,67,68,68,64,64,42,59,67,70,55,49,54,0,0,0,1,0,31,0,1
1462,7.67,87.3,86.1,0,79,66,66,61,70,65,69,61,59,49,59,56,0,0,1,0,0,0,0,0
1463,7.48,81.1,77.1,1,58,57,73,48,55,53,76,76,77,68,67,63,0,0,0,0,0,0,51,1
1464,6.76,78.3,72.4,3,68,43,58,67,70,56,60,58,62,61,52,57,0,0,0,3,38,36,0,1
1465,8.35,94.0,80.2,1,76,77,67,69,76,55,60,55,71,71,68,53,0,0,0,1,0,0,0,1
1466,8.24,80.0,76.0,1,49,40,54,48,45,44,63,49,46,55,51,65,0,0,0,1,0,0,0,0
1467,7.91,87.3,84.5,0,81,67,63,62,59,58,61,66,62,59,64,54,2,80,1,2,0,56,0,1
1468,8.63,83.6,84.2,0,60,50,65,49,53,43,68,59,65,54,57,59,0,0,1,3,0,0,0,1
1469,8.43,83.3,82.8,0,66,39,55,59,65,63,61,56,55,61,56,50,0,0,0,0,0,0,0,0
1470,7.56,90.3,84.1,2,71,60,58,67,63,45,63,61,53,57,52,46,0,0,0,0,0,61,0,0
1471,7.07,80.2,72.8,2,63,61,67,68,59,56,67,76,68,68,66,67,0,0,1,1,68,0,51,1
1472,8.19,92.7,92.9,0,81,73,70,70,71,67,73,67,80,60,63,48,2,81,1,1,0,0,13,1
1473,7.2,82.9,79.3,1,70,62,73,73,67,62,93,78,59,54,56,50,1,44,0,0,10,0,28,1
1474,6.05,71.3,57.4,0,59,51,64,56,66,53,47,52,65,68,58,58,0,0,0,0,0,33,0,0
1475,6.63,81.2,61.9,1,61,56,58,69,61,67,69,59,66,57,49,61,0,0,0,1,34,0,0,0
1476,7.78,87.2,77.5,2,68,58,69,68,63,63,73,75,77,57,65,47,0,0,0,0,0,0,0,1
1477,7.19,75.2,74.3,0,65,49,63,56,59,58,63,57,61,63,58,61,0,0,0,0,35,0,39,0
1478,7.08,75.5,69.3,0,60,41,42,48,57,47,55,60,55,60,59,54,0,0,2,1,57,26,0,0
1479,6.63,79.7,79.7,0,55,41,53,41,50,38,55,43,66,67,59,63,4,30,0,0,0,0,53,1
1480,6.06,73.6,68.9,0,68,66,69,67,58,57,70,64,67,62,55,61,0,0,0,2,0,0,37,0
1481,6.2,78.5,67.1,2,68,69,67,59,67,54,72,61,68,54,43,55,0,0,0,0,31,44,0,0
1482,7.51,86.9,78.6,0,63,55,57,58,54,48,61,63,63,74,61,60,1,70,0,1,0,0,0,1
1483,8.16,90.9,89.1,0,63,58,59,56,57,45,58,60,61,36,41,46,0,0,0,1,19,0,0,1
1484,7.22,74.8,72.8,2,58,41,55,45,35,34,61,56,55,68,62,63,0,0,2,2,0,39,0,0
1485,7.16,75.4,86.1,0,54,51,60,52,55,42,65,62,55,73,64,67,1,59,0,2,39,0,54,0
1486,8.5,84.8,89.5,2,61,31,64,42,48,25,62,69,62,67,60,67,0,0,2,0,0,32,0,0
1487,9.81,99.0,88.4,1,61,63,71,62,61,55,68,64,65,58,58,60,0,0,0,1,0,0,0,1
1488,7.19,84.2,78.8,0,71,62,66,67,59,51,71,66,75,55,59,49,1,52,0,0,10,0,0,1
1489,6.66,77.3,70.5,0,69,49,68,50,55,49,73,67,63,50,59,43,0,0,1,0,0,0,0,0
1490,7.04,73.4,75.1,1,45,34,41,42,44,42,59,55,46,63,53,60,1,32,0,1,0,0,0,0
1491,7.93,90.7,83.1,0,97,67,73,82,80,69,73,75,86,58,59,50,3,59,2,1,0,0,30,1
1492,8.79,82.5,83.2,0,69,47,52,45,53,49,56,62,52,56,60,66,0,0,0,1,56,58,0,0
1493,7.22,76.8,75.9,1,75,66,72,63,66,44,62,59,72,60,67,70,0,0,2,3,33,0,0,1
1494,6.55,67.6,72.5,0,67,48,66,56,65,51,68,71,64,54,58,50,2,40,0,0,0,0,23,1
1495,6.86,74.0,70.9,2,61,48,52,58,65,47,56,53,53,70,62,69,0,0,0,1,0,0,0,0
1496,7.14,79.0,77.6,0,68,69,62,67,64,59,60,63,69,54,64,57,0,0,0,2,0,0,24,0
1497,7.03,78.0,70.0,1,72,62,68,59,61,51,60,68,60,57,59,45,0,0,0,1,0,0,0,0
1498,7.59,81.9,78.6,3,71,50,60,66,68,50,58,63,60,59,67,65,1,45,2,0,0,55,0,1
1499,7.67,86.3,89.3,1,68,51,57,58,64,42,67,58,65,75,65,66,0,0,1,1,0,0,64,1
1500,7.2,80.5,72.9,0,67,55,73,62,52,42,76,60,64,67,66,60,0,0,1,0,0,0,57,1
1501,6.85,77.3,77.8,0,67,48,67,60,52,48,59,66,66,58,55,53,0,0,0,1,0,0,0,1
1502,6.36,78.4,75.4,2,66,54,54,51,61,55,55,46,54,61,49,50,0,0,0,3,0,12,0,0
1503,8.67,85.2,77.6,1,58,44,57,49,49,31,69,60,61,94,73,77,1,67,0,1,0,45,0,1
1504,7.11,76.9,75.7,1,65,57,65,61,64,51,70,65,74,54,55,57,0,0,0,1,25,0,0,0
1505,5.66,74.3,65.2,0,66,53,73,65,78,58,67,69,67,52,54,65,0,0,0,0,0,10,25,0
1506,6.26,72.3,72.9,0,61,54,57,58,59,48,62,57,58,72,64,69,0,0,0,0,25,10,60,0
1507,7.63,76.9,77.3,0,64,39,55,48,53,52,61,55,68,56,49,54,1,56,1,1,0,20,0,1
1508,6.59,69.7,81.5,1,60,47,62,56,48,50,63,60,61,67,69,60,2,46,1,1,0,0,0,1
1509,7.9,90.8,80.4,1,59,55,57,64,62,44,67,54,67,62,65,55,0,0,0,3,65,76,45,1
1510,8.69,92.3,85.8,0,70,74,62,67,62,58,65,61,55,48,54,46,0,0,1,0,0,0,0,1
1511,7.33,80.9,80.2,0,63,65,49,55,63,54,56,56,55,51,54,47,3,64,2,0,49,36,0,0
1512,6.78,91.8,73.5,1,61,45,55,40,46,32,68,58,61,86,73,70,0,0,1,2,78,60,65,1
1513,5.92,68.3,68.1,0,83,78,71,67,74,63,54,61,77,55,69,57,3,62,1,1,0,0,0,1
1514,5.98,65.5,67.3,3,75,62,62,63,65,54,66,59,70,53,66,52,0,0,2,2,68,35,0,1
1515,7.01,74.6,74.8,2,65,53,63,55,56,50,64,65,55,58,62,55,2,67,0,2,0,0,0,1
1516,5.76,75.0,70.6,2,64,46,53,59,52,47,60,73,58,44,48,58,1,63,1,2,0,0,0,0
1517,8.71,90.7,89.3,1,62,55,69,62,65,55,66,60,60,65,54,59,0,0,0,0,10,0,0,0
1518,8.33,91.6,79.1,3,76,61,66,66,73,51,63,71,81,58,46,56,0,0,0,0,52,43,0,1
1519,7.33,79.0,73.7,1,63,68,69,73,74,64,73,70,68,61,65,59,0,0,2,1,80,26,0,1
1520,6.17,76.0,72.9,2,72,73,84,64,61,53,82,88,67,58,63,61,1,55,0,0,0,0,0,1
1521,6.61,74.2,73.0,1,80,69,66,84,75,65,59,67,80,53,60,56,0,0,0,3,0,0,0,0
1522,6.35,66.3,66.5,0,64,56,62,66,68,47,77,73,73,64,56,54,0,0,0,1,0,0,0,0
1523,7.48,81.0,72.9,1,57,58,59,52,56,49,60,55,57,53,52,44,0,0,0,1,0,0,0,0
1524,6.79,76.1,78.9,2,57,43,51,47,54,43,62,58,45,43,52,36,0,0,0,0,0,0,0,0
1525,8.59,89.9,98.0,0,73,58,66,60,57,47,79,67,70,56,57,43,0,0,2,0,45,43,10,1
1526,6.37,71.8,72.4,0,71,72,64,61,62,57,52,68,69,73,60,52,0,0,0,0,10,10,0,0
1527,7.42,81.0,76.3,1,68,42,53,60,49,44,65,64,53,71,55,78,2,57,1,2,0,0,71,1
1528,7.39,87.0,71.1,1,54,57,57,49,56,47,70,65,59,70,67,61,0,0,2,1,0,0,58,1
1529,8.6,88.3,90.3,1,65,39,69,59,55,55,74,65,62,43,44,34,0,0,1,0,52,33,0,1
1530,6.32,73.7,76.7,1,69,65,67,66,72,45,58,58,58,55,59,49,0,0,0,2,0,0,45,0
1531,7.9,95.0,80.6,3,85,75,78,75,92,64,79,80,86,64,65,62,0,0,0,0,0,0,56,1
1532,7.88,77.8,82.2,0,74,71,71,72,72,57,69,77,70,53,62,49,0,0,0,0,39,0,0,1
1533,8.29,92.9,83.7,0,74,70,70,58,72,64,83,71,76,57,67,55,1,53,0,2,0,38,0,1
1534,8.95,92.9,98.0,0,56,43,58,42,48,49,69,63,64,68,56,59,0,0,1,0,11,0,0,1
1535,6.38,78.5,68.5,1,61,45,49,49,58,33,59,55,47,55,56,43,0,0,0,1,0,0,0,0
1536,8.55,91.7,85.8,1,68,62,55,51,59,59,59,60,60,67,68,59,0,0,0,2,42,0,37,1
1537,7.18,81.8,71.6,1,57,40,66,46,42,35,80,59,57,49,50,58,0,0,1,1,57,57,0,0
1538,8.77,91.0,85.6,2,60,42,60,51,47,46,76,63,62,65,57,69,0,0,0,0,34,0,0,1
1539,7.04,86.2,73.3,2,65,56,67,64,60,50,62,60,65,72,54,55,0,0,0,1,63,57,0,1
1540,7.24,76.7,76.9,2,77,63,60,74,82,65,54,57,62,52,56,64,0,0,0,1,0,23,0,0
1541,6.4,78.1,76.3,0,67,57,60,59,64,41,62,65,62,62,63,66,2,78,0,1,0,0,0,1
1542,8.06,92.3,88.6,0,67,50,61,53,63,53,54,58,61,55,57,48,0,0,0,0,10,0,0,1
1543,6.68,74.5,71.0,0,64,51,63,65,62,49,71,69,66,59,58,51,0,0,0,3,0,0,0,1
1544,6.8,76.2,74.4,2,64,54,49,48,53,49,54,50,58,67,69,63,2,72,1,2,59,64,0,1
1545,6.3,67.6,69.4,2,69,58,69,62,70,55,66,69,75,54,57,51,0,0,0,1,53,0,0,1
1546,6.19,71.2,72.9,1,65,58,58,68,61,55,62,60,71,54,58,60,0,0,1,2,0,0,0,0
1547,6.32,73.4,65.3,0,62,44,59,52,65,42,60,61,51,54,50,48,0,0,2,0,0,0,0,0
1548,7.11,77.9,71.6,3,61,51,54,48,61,54,73,59,60,50,59,47,0,0,2,0,0,0,0,0
1549,6.21,77.5,76.1,1,80,71,81,64,62,62,75,75,80,75,77,63,2,71,0,2,0,44,63,1
1550,6.73,79.7,79.4,3,59,60,69,59,57,47,76,62,62,63,60,63,3,57,1,0,50,0,0,1
1551,6.63,68.9,65.2,2,67,53,69,61,66,47,70,69,67,56,59,50,0,0,0,0,0,32,0,0
1552,7.56,89.1,81.6,3,68,47,72,60,54,52,87,85,74,53,59,51,0,0,1,1,76,78,63,1
1553,6.57,69.8,69.8,2,66,64,64,64,65,58,67,63,64,61,58,60,1,59,1,1,35,49,0,0
1554,7.23,77.2,72.9,1,64,61,59,53,59,58,52,55,55,74,67,63,2,61,1,0,0,54,52,1
1555,7.95,89.9,84.9,1,49,37,48,51,45,40,45,39,50,59,60,41,0,0,0,2,0,0,0,0
1556,6.28,55.2,65.5,0,69,62,62,52,64,52,57,54,69,55,53,35,2,73,2,1,41,40,0,1
1557,7.4,76.3,80.5,0,68,44,69,53,62,47,76,72,64,65,57,60,0,0,0,0,31,33,0,1
1558,7.63,86.2,80.3,1,70,57,54,64,60,48,62,60,57,62,53,54,0,0,0,1,24,0,0,1
1559,6.53,77.4,70.6,3,50,39,45,35,57,31,54,54,47,68,53,44,2,41,0,1,0,43,41,1
1560,6.57,79.5,76.2,0,73,62,79,66,72,45,72,65,71,61,63,50,0,0,1,0,59,44,0,1
1561,7.2,81.6,76.8,0,68,62,63,64,64,50,51,57,61,64,59,68,0,0,0,0,10,0,17,0
1562,8.65,89.3,88.2,0,46,39,52,50,51,46,68,65,55,63,68,61,2,59,1,0,0,39,44,1
1563,6.82,82.4,84.1,0,68,54,64,62,71,69,55,53,63,72,69,60,0,0,1,1,48,74,0,1
1564,7.73,70.9,75.7,0,70,65,71,66,59,58,68,62,72,57,60,51,0,0,0,0,0,25,17,1
1565,7.37,80.2,83.1,0,71,48,58,49,71,51,58,55,60,57,56,49,0,0,0,3,18,15,14,0
1566,7.12,68.3,76.9,0,67,70,71,64,74,58,63,70,73,67,69,52,0,0,1,2,81,52,0,1
1567,5.91,69.2,72.0,0,65,62,60,55,59,46,61,55,65,54,52,59,0,0,1,1,0,31,0,0
1568,6.1,82.6,66.4,0,73,68,64,66,74,60,65,65,65,80,76,63,0,0,1,2,49,52,66,1
1569,7.81,89.7,92.7,0,61,47,57,47,56,43,71,71,71,47,48,46,0,0,1,3,27,0,0,1
1570,6.83,75.0,77.3,0,61,49,65,50,51,42,68,60,58,63,59,52,0,0,1,1,51,0,58,1
1571,8.07,82.9,76.4,0,70,60,69,74,65,54,53,62,68,69,68,55,0,0,0,1,59,24,0,0
1572,8.69,88.6,88.2,1,56,39,49,51,61,47,63,61,64,69,50,63,0,0,0,1,0,0,0,0
1573,6.7,78.2,73.4,1,64,48,72,57,62,56,71,69,73,54,55,46,0,0,0,2,0,0,0,0
1574,7.07,76.2,86.1,0,64,57,57,63,62,51,53,58,57,60,59,58,0,0,0,1,50,56,10,0
1575,7.63,84.0,77.9,1,63,58,55,59,60,50,65,65,56,42,55,53,1,49,1,0,0,38,0,1
1576,7.61,89.6,80.3,1,72,61,69,65,49,46,78,67,70,61,57,52,0,0,1,0,48,27,0,1
1577,5.55,69.6,64.4,3,66,55,63,49,72,61,67,63,65,67,70,68,0,0,1,1,0,0,40,0
1578,5.48,64.0,72.3,0,59,53,54,55,47,45,67,70,60,58,67,61,0,0,0,1,36,10,39,0
1579,7.72,82.2,81.3,1,55,56,49,48,54,48,46,44,51,79,75,64,0,0,0,0,38,0,85,1
1580,7.57,84.0,82.3,0,54,44,54,43,56,48,67,66,63,56,52,47,1,60,1,1,55,65,0,1
1581,7.61,90.1,79.6,2,72,51,63,59,68,52,61,67,67,48,55,45,1,77,1,0,77,76,0,1
1582,6.51,78.0,81.6,0,63,58,59,57,57,54,62,65,59,45,56,58,0,0,0,0,0,0,0,0
1583,7.25,81.2,74.2,0,66,45,63,63,54,40,71,55,67,75,60,59,0,0,1,0,0,17,0,0
1584,6.63,76.7,63.8,0,60,63,59,55,69,46,54,63,70,59,55,65,3,54,1,0,29,26,50,1
1585,7.58,84.2,83.8,1,79,79,74,75,72,64,82,83,75,54,58,60,0,0,1,0,0,27,10,1
1586,8.59,86.8,90.6,2,56,46,40,52,57,37,67,52,56,68,61,55,2,62,0,1,0,0,0,0
1587,7.12,81.0,77.6,0,65,71,60,66,66,50,58,61,68,60,66,55,1,67,1,1,0,0,0,1
1588,7.48,73.3,74.9,2,68,76,70,66,73,59,66,72,62,72,70,73,2,62,1,2,0,0,85,0
1589,7.34,88.4,80.0,0,58,52,48,57,63,35,53,56,56,49,54,43,0,0,2,3,0,62,0,0
1590,8.18,84.9,81.9,1,66,56,68,66,64,54,71,65,71,54,57,49,0,0,0,1,0,0,0,0
1591,6.91,74.6,77.8,3,67,56,58,60,51,44,68,76,67,70,61,52,0,0,0,1,0,38,0,1
1592,6.83,77.2,69.0,0,53,44,58,54,55,33,69,50,57,61,53,35,1,69,1,1,0,62,0,1
1593,6.99,69.9,75.4,1,68,64,72,60,64,58,71,59,66,64,64,65,0,0,1,2,0,33,48,1
1594,8.34,88.3,83.8,1,58,47,52,52,58,43,65,60,53,51,55,56,1,53,0,1,0,21,0,1
1595,6.95,83.5,73.9,0,82,69,67,69,69,59,66,73,77,56,64,54,0,0,0,0,0,0,0,1
1596,8.05,80.2,79.0,1,74,63,64,68,69,67,53,65,76,72,60,58,0,0,0,0,10,10,0,0
1597,7.79,87.7,83.2,3,76,67,74,59,53,69,72,70,72,47,61,44,0,0,0,2,0,0,0,0
1598,6.37,72.3,65.0,1,56,37,53,52,54,37,70,68,57,69,67,65,0,0,0,2,0,0,46,1
1599,7.13,84.3,82.9,2,69,59,68,70,73,61,60,74,61,68,74,60,0,0,2,2,90,86,0,1
1600,7.5,79.0,69.9,1,58,54,61,48,47,51,54,63,54,56,52,63,0,0,1,1,0,43,0,0
1601,6.45,75.4,70.4,1,66,55,66,52,69,53,55,52,59,55,60,69,0,0,0,0,10,0,26,0
1602,5.71,64.0,68.5,1,60,44,59,57,48,41,81,68,67,83,72,69,1,52,0,3,0,33,85,1
1603,8.03,80.8,72.8,0,67,67,71,59,64,55,64,64,70,76,63,57,2,51,1,2,0,0,0,1
1604,7.65,81.0,84.3,1,68,60,59,64,66,52,57,56,58,54,60,48,0,0,1,3,0,0,0,0
1605,7.63,77.0,79.3,1,71,70,66,72,62,60,54,60,64,53,60,46,0,0,1,1,47,52,0,1
1606,6.79,74.4,65.3,1,64,60,62,56,62,53,59,57,62,67,67,60,0,0,1,0,0,10,60,0
1607,8.37,89.3,90.1,0,71,53,69,58,62,54,62,69,61,73,68,61,1,68,0,1,0,47,52,1
1608,7.29,88.3,80.3,0,58,68,71,72,52,41,73,64,67,47,45,54,0,0,1,0,0,0,0,1
1609,5.73,59.5,61.5,2,62,59,69,59,57,55,63,59,58,60,59,61,0,0,0,3,0,54,47,0
1610,7.4,79.9,77.1,0,77,72,74,69,66,75,74,66,66,59,49,62,1,69,1,1,0,49,29,1
1611,7.81,87.6,77.9,3,57,43,58,56,64,32,66,65,63,56,61,55,0,0,0,1,0,0,0,0
1612,6.68,73.3,77.6,2,71,63,64,65,76,58,67,58,74,58,68,54,0,0,0,1,0,53,0,1
1613,7.56,81.6,77.5,0,62,49,72,57,52,45,77,75,66,46,51,48,0,0,0,2,0,0,0,1
1614,6.99,88.0,73.2,0,82,67,72,71,74,72,65,63,72,68,68,52,3,67,0,1,0,23,58,1
1615,6.43,71.2,74.3,0,62,58,61,58,65,47,72,64,67,63,64,55,1,49,0,0,0,43,60,0
1616,7.84,82.0,81.5,3,61,54,57,49,63,44,61,60,65,66,60,62,0,0,1,0,60,0,45,1
1617,7.01,85.0,86.5,0,48,45,53,47,49,37,62,64,52,60,61,57,1,38,0,0,34,0,33,1
1618,8.07,79.2,83.2,0,58,34,55,48,53,52,57,54,60,64,59,55,0,0,0,0,0,0,0,0
1619,6.55,67.8,79.0,0,69,58,70,60,65,66,74,70,71,55,55,56,0,0,0,3,33,16,16,0
1620,7.64,86.3,77.1,0,46,41,41,34,45,31,53,47,46,57,45,56,0,0,0,1,47,0,0,1
1621,8.3,85.9,81.1,1,65,60,57,47,51,45,54,59,62,65,66,49,0,0,0,3,43,0,49,1
1622,7.2,79.1,84.8,2,65,59,53,65,73,64,49,50,67,55,64,59,0,0,0,0,0,0,0,0
1623,8.38,91.7,92.8,1,65,63,67,64,71,51,81,78,73,44,62,49,0,0,2,0,36,32,0,1
1624,7.93,89.1,78.4,1,57,54,63,51,53,46,67,64,54,73,67,63,2,65,1,2,59,60,0,1
1625,7.97,85.0,79.0,0,71,54,67,60,62,47,67,64,60,56,61,64,0,0,2,1,0,0,0,1
1626,7.16,75.8,69.6,0,66,62,65,60,72,55,64,62,69,60,51,66,0,0,0,1,0,0,0,1
1627,8.07,90.7,85.3,0,59,48,54,60,60,55,50,51,60,46,57,41,0,0,0,0,0,0,0,0
1628,8.66,88.0,86.7,2,62,57,61,64,42,45,65,50,63,55,55,56,0,0,0,1,0,17,21,0
1629,6.99,78.2,69.8,1,34,29,45,36,47,33,68,60,47,66,56,58,1,50,1,0,0,0,70,1
1630,6.12,67.7,69.7,0,75,48,58,70,54,56,54,53,68,51,46,45,2,81,0,2,72,78,0,1
1631,8.15,84.3,83.8,0,59,60,68,48,47,51,72,67,67,78,54,53,0,0,0,0,0,39,45,1
1632,7.32,81.2,80.3,0,77,67,69,76,88,68,64,60,83,61,62,66,2,53,0,0,0,0,0,1
1633,8.99,91.9,86.2,1,58,57,51,57,60,30,48,52,60,60,61,56,0,0,2,2,29,0,23,0
1634,8.64,94.8,94.5,0,55,42,60,46,33,45,68,62,57,62,58,45,0,0,0,1,0,0,0,0
1635,6.5,72.6,73.6,0,43,33,52,35,50,28,49,53,46,64,47,62,0,0,0,1,16,0,0,0
1636,7.55,78.4,77.4,0,78,69,74,76,67,59,71,70,68,60,68,56,1,51,0,1,53,56,25,1
1637,6.76,78.0,79.3,0,78,69,72,62,66,63,75,59,81,59,61,57,0,0,1,2,54,0,0,1
1638,5.24,61.1,68.0,1,52,51,57,54,68,58,57,62,57,48,50,39,0,0,1,0,0,0,0,0
1639,6.8,84.9,80.3,1,72,68,74,51,54,51,73,72,70,60,68,59,1,62,1,0,74,0,0,1
1640,7.65,75.1,79.9,1,65,54,55,59,72,66,59,53,58,55,54,52,3,61,2,1,49,63,0,1
1641,7.32,75.2,82.1,0,61,54,70,52,51,40,70,69,75,87,67,70,2,57,1,0,48,0,60,1
1642,6.82,67.7,78.6,0,51,32,50,50,52,42,56,62,47,75,69,72,0,0,0,0,0,63,0,0
1643,8.67,80.2,92.1,1,73,60,65,63,69,53,60,57,66,71,73,79,0,0,0,0,0,25,50,0
1644,6.4,74.6,64.7,1,51,31,50,38,62,33,61,53,53,55,49,49,0,0,0,0,0,0,0,0
1645,6.67,66.6,63.6,1,69,71,72,57,70,55,63,62,65,52,53,47,0,0,0,3,49,0,0,0
1646,6.93,77.5,82.7,0,57,50,62,48,50,54,62,70,59,75,61,68,0,0,0,0,0,0,0,1
1647,6.9,74.2,71.7,1,46,41,40,43,49,33,42,54,53,44,45,38,0,0,1,0,0,0,0,0
1648,8.24,87.9,87.6,1,73,60,69,74,71,53,69,63,74,68,67,58,0,0,0,0,66,60,0,1
1649,7.18,84.1,74.0,1,75,57,70,68,56,41,58,63,56,71,65,55,0,0,0,2,0,0,0,1
1650,6.84,73.1,64.7,0,62,53,62,50,61,55,75,67,63,83,83,71,1,62,1,0,37,36,0,1
1651,7.87,79.9,75.6,0,86,73,71,85,71,74,67,82,75,54,62,37,0,0,1,0,0,45,0,1
1652,8.75,88.2,80.7,0,78,66,72,66,78,52,61,64,60,60,58,58,0,0,0,1,0,0,48,1
1653,8.38,88.8,75.3,2,74,56,60,70,65,65,66,59,60,65,62,56,1,66,1,0,54,30,0,1
1654,8.3,85.6,80.2,3,70,62,63,60,68,51,74,73,73,59,65,52,0,0,1,1,0,10,25,0
1655,7.18,83.5,75.3,1,67,57,65,57,54,70,54,57,57,65,65,76,0,0,1,1,0,0,53,0
1656,6.77,73.3,74.7,0,66,61,67,56,61,55,64,63,63,44,58,61,0,0,1,0,46,53,0,1
1657,7.29,76.5,75.0,0,62,57,56,63,58,41,80,73,58,61,61,49,0,0,0,0,0,0,54,1
1658,7.91,81.2,80.6,0,65,41,49,44,60,46,64,57,62,63,57,57,0,0,1,1,0,0,37,1
1659,8.25,84.0,82.9,0,49,33,61,40,42,51,80,70,64,69,54,53,1,58,0,0,0,0,39,1
1660,7.17,78.2,72.2,0,43,40,43,34,34,16,51,53,46,62,52,62,0,0,1,0,11,0,49,0
1661,6.58,71.5,71.0,2,53,42,49,43,51,44,60,62,46,69,62,57,0,0,1,0,0,0,25,1
1662,8.54,82.4,83.9,1,65,56,68,53,51,57,70,62,62,50,61,54,0,0,1,2,0,0,0,0
1663,8.34,86.6,82.5,0,67,47,74,58,60,58,75,66,76,59,53,48,3,58,0,1,33,33,0,1
1664,6.45,74.3,73.5,0,84,79,79,79,80,68,81,84,81,60,71,53,3,68,0,0,80,59,0,1
1665,6.97,77.0,70.6,0,75,61,72,63,66,46,70,70,69,63,73,56,0,0,1,0,0,0,23,1
1666,6.87,83.3,74.7,2,60,50,60,67,60,40,63,67,57,65,58,57,2,69,1,2,65,62,28,0
1667,6.59,67.4,75.8,0,72,54,67,58,63,51,75,74,63,65,72,71,0,0,1,2,56,0,65,0
1668,7.27,82.1,74.9,1,66,60,66,67,52,54,65,61,57,64,56,59,1,94,1,1,90,90,40,1
1669,9.09,90.2,84.8,3,82,67,65,68,80,72,62,64,78,70,61,64,0,0,0,0,0,0,42,1
1670,7.58,77.6,78.1,0,74,58,71,62,68,68,63,61,57,58,47,56,0,0,1,0,77,63,0,1
1671,5.66,69.1,60.3,0,49,38,49,43,60,41,53,55,45,56,52,50,0,0,0,1,0,0,0,0
1672,6.95,75.8,87.0,1,67,48,63,69,65,65,63,74,69,70,65,66,3,59,1,2,43,41,0,1
1673,8.86,97.6,97.5,0,69,62,49,56,53,46,61,61,57,55,60,48,0,0,0,1,22,0,0,1
1674,8.61,88.1,89.5,3,60,35,48,52,50,51,71,57,60,62,58,49,1,50,0,0,0,0,0,0
1675,8.14,89.5,80.6,0,56,45,51,42,39,38,77,63,64,52,45,47,0,0,2,3,28,23,0,1
1676,7.7,72.8,79.8,3,54,48,55,47,63,46,62,56,53,58,62,59,0,0,1,2,0,10,0,1
1677,6.27,65.5,70.5,1,68,56,61,59,60,43,60,50,65,48,54,48,0,0,1,0,0,0,0,0
1678,7.28,78.4,83.7,0,72,54,74,75,69,72,69,69,65,55,57,54,0,0,0,0,0,0,0,1
1679,7.23,75.0,70.1,0,53,52,62,54,58,52,56,55,59,70,63,65,0,0,1,1,0,35,0,0
1680,7.9,82.1,80.0,1,54,50,57,46,57,43,70,70,51,67,64,65,4,54,1,1,0,90,0,1
1681,6.21,76.7,71.8,0,46,56,46,43,47,35,56,57,54,48,49,49,1,62,2,0,0,49,0,0
1682,7.57,79.0,86.1,0,52,41,40,42,40,33,53,52,55,61,52,63,2,40,0,3,13,0,0,0
1683,6.91,78.5,71.1,0,60,52,70,50,58,45,59,66,60,46,54,43,1,55,1,0,0,0,0,1
1684,6.99,75.1,66.0,0,66,63,65,66,63,56,66,72,79,63,59,53,0,0,1,0,86,74,0,1
1685,5.89,70.3,68.3,0,75,65,67,59,64,71,56,58,77,78,63,71,0,0,0,1,47,28,0,1
1686,7.17,82.4,88.6,0,59,46,59,39,51,46,60,59,66,53,59,51,0,0,0,0,0,0,0,0
1687,7.76,84.4,75.3,0,81,68,71,74,76,78,67,66,76,44,58,56,3,82,2,1,81,90,0,1
1688,8.11,88.9,83.9,0,63,46,57,52,63,46,56,51,66,61,63,57,0,0,0,2,0,0,0,0
1689,6.86,79.8,76.7,1,78,73,72,72,68,64,62,67,66,45,55,49,0,0,0,2,0,29,0,1
1690,9.59,95.5,92.9,0,50,51,58,48,62,46,69,52,61,52,53,55,0,0,0,1,0,0,10,0
1691,7.5,88.8,77.2,0,83,80,79,76,84,61,60,63,79,53,49,38,2,55,0,0,10,0,0,0
1692,8.75,99.0,92.5,0,66,55,58,51,71,42,63,58,65,69,70,69,0,0,0,2,0,0,65,1
1693,7.77,87.9,83.2,1,61,53,60,52,66,55,65,65,66,63,56,53,1,61,1,0,0,0,0,1
1694,6.77,75.7,72.7,1,72,67,58,65,69,48,60,69,69,60,64,53,1,85,1,0,81,65,21,0
1695,6.6,78.2,68.2,0,64,50,59,65,62,68,51,62,57,46,53,46,0,0,0,1,10,0,0,0
1696,5.95,77.7,69.0,0,66,57,62,70,61,51,65,56,62,79,63,61,0,0,0,0,0,51,59,1
1697,5.79,69.2,63.4,0,58,39,51,61,56,56,60,61,58,76,60,59,0,0,1,1,23,0,0,0
1698,7.11,77.4,79.1,1,68,72,64,62,68,38,66,64,61,71,64,52,1,61,1,1,0,0,0,1
1699,6.86,76.4,76.5,0,67,59,56,54,55,45,63,59,67,68,59,54,0,0,1,0,0,0,0,1
1700,7.0,85.3,76.3,0,41,44,55,46,49,33,67,67,53,56,56,48,0,0,0,2,18,0,18,1
1701,7.04,86.0,75.7,0,52,45,52,53,49,37,73,65,61,65,57,57,0,0,0,1,0,0,65,0
1702,7.42,76.2,70.0,0,82,62,69,75,61,74,59,49,65,70,65,58,0,0,1,0,0,48,32,0
1703,8.18,82.2,72.2,1,55,42,51,48,45,35,63,59,60,59,55,48,0,0,0,0,0,0,0,0
1704,6.9,69.9,59.9,0,65,50,45,62,56,48,66,60,64,53,61,48,0,0,0,0,0,0,0,0
1705,6.0,71.1,68.1,1,42,28,38,36,37,20,45,50,39,62,52,54,0,0,0,0,0,0,0,0
1706,6.76,75.4,67.2,0,69,64,58,55,65,65,70,66,72,56,59,50,0,0,2,0,0,41,0,1
1707,6.56,79.0,77.9,0,46,41,51,43,51,37,64,54,52,55,52,44,2,43,0,1,0,0,0,0
1708,8.26,82.9,83.2,1,65,54,67,58,62,66,69,77,65,51,63,50,0,0,0,3,0,62,0,1
1709,7.09,75.5,68.9,1,59,50,55,53,69,50,55,58,53,77,59,64,1,71,1,0,68,74,0,1
1710,7.57,81.7,86.4,0,67,62,77,60,51,48,79,76,70,70,68,63,0,0,1,0,39,55,0,1
1711,8.17,86.6,87.8,0,60,42,59,47,55,30,80,70,60,70,57,69,0,0,0,0,0,0,57,1
1712,7.23,79.9,71.0,1,74,65,84,62,74,64,64,69,67,63,71,56,1,56,0,1,0,55,34,1
1713,7.98,84.4,80.2,1,84,82,80,78,89,68,67,80,78,70,73,60,0,0,0,0,0,0,0,1
1714,6.62,75.5,73.5,0,72,61,61,63,66,51,53,63,66,67,66,65,4,70,0,0,0,0,0,1
1715,6.37,72.3,64.9,1,75,62,72,56,61,64,57,61,55,48,53,33,0,0,0,2,0,0,0,0
1716,7.66,81.4,69.5,3,58,37,45,39,52,35,57,55,59,49,57,42,0,0,0,0,0,0,0,0
1717,7.18,80.1,77.3,3,70,54,56,69,57,37,64,56,62,62,62,53,2,58,1,3,60,70,0,1
1718,8.49,84.6,80.8,0,63,67,59,53,53,54,69,63,60,58,55,51,0,0,0,0,0,58,0,1
1719,8.42,89.0,85.7,0,58,46,51,61,60,52,57,51,63,65,55,69,0,0,0,0,34,35,0,0
1720,7.27,83.3,74.1,0,68,61,66,65,68,56,64,71,70,61,67,61,0,0,0,0,30,17,40,1
1721,7.43,80.3,76.8,2,74,55,74,59,59,56,76,64,64,48,45,55,0,0,0,2,0,0,0,0
1722,7.37,84.0,79.1,0,56,54,60,43,56,33,61,60,61,84,67,74,0,0,0,0,0,49,0,1
1723,6.17,64.1,70.2,0,58,49,57,55,66,45,62,55,63,76,59,60,1,39,0,3,0,23,0,0
1724,7.64,87.1,91.5,0,69,58,68,57,64,50,61,59,62,44,49,59,0,0,0,0,0,0,0,1
1725,7.79,76.5,86.3,0,70,56,69,73,60,68,77,75,80,44,55,54,0,0,0,1,0,10,0,1
1726,6.92,77.4,73.3,0,63,59,64,64,74,52,77,80,64,58,61,57,0,0,1,0,25,0,0,1
1727,6.54,74.7,75.9,0,64,63,63,58,63,41,65,68,71,73,62,74,0,0,0,1,0,12,0,1
1728,6.49,87.8,76.7,1,72,54,68,63,65,52,72,60,70,70,56,51,0,0,0,0,0,0,0,1
1729,5.77,60.1,60.2,1,71,60,60,66,68,55,44,45,64,61,58,50,2,69,2,1,0,19,0,0
1730,6.95,88.0,76.0,0,66,48,73,49,67,57,82,76,65,69,55,66,1,68,0,0,26,0,0,1
1731,5.34,64.1,67.3,2,71,57,62,69,68,64,56,63,56,63,59,55,0,0,1,2,57,65,0,1
1732,7.92,82.8,81.3,0,60,56,60,55,68,43,64,62,63,66,59,56,0,0,1,2,38,0,0,1
1733,6.39,67.9,64.7,1,63,44,49,49,66,43,57,63,54,77,60,66,1,64,0,1,0,0,78,1
1734,6.34,83.7,71.0,0,60,52,53,56,61,52,59,68,69,71,63,60,3,79,1,1,0,70,42,1
1735,7.55,87.6,83.5,0,69,62,61,54,59,43,66,64,69,59,56,69,4,41,0,0,0,42,0,0
1736,7.62,84.7,75.8,0,70,73,73,62,74,42,72,72,70,60,56,50,0,0,1,3,14,0,0,1
1737,8.68,82.6,83.2,0,63,57,51,55,73,55,73,53,65,57,55,50,4,66,1,0,0,0,0,1
1738,6.99,87.3,74.0,0,53,38,57,44,50,42,55,57,56,35,49,38,0,0,1,1,0,0,0,1
1739,7.61,92.5,90.2,0,63,50,62,57,53,44,60,64,69,75,65,74,0,0,0,0,35,51,0,1
1740,6.85,70.6,69.1,1,70,56,60,63,70,44,59,65,68,66,63,58,0,0,0,2,0,0,0,0
1741,7.45,80.3,79.8,1,55,48,52,58,48,52,65,64,67,73,57,78,0,0,0,1,0,44,35,0
1742,5.72,70.2,61.2,0,59,49,54,45,48,45,63,50,58,60,57,41,1,58,0,0,43,41,0,0
1743,7.9,81.8,82.6,1,78,68,78,68,63,64,74,64,70,50,52,52,0,0,1,3,38,15,0,1
1744,7.31,80.5,79.1,0,66,55,65,69,53,60,75,64,72,53,58,50,1,60,1,1,0,53,0,1
1745,7.94,84.9,90.5,3,65,54,69,64,75,49,62,66,73,49,59,46,0,0,0,0,0,0,0,1
1746,7.84,81.4,74.9,2,76,54,67,68,61,62,73,52,68,83,66,62,0,0,1,2,57,55,0,1
1747,7.61,85.8,66.3,0,51,53,59,48,42,52,61,58,57,61,54,49,0,0,0,1,66,90,36,0
1748,7.2,79.7,77.0,1,66,48,61,71,57,41,55,59,62,63,70,59,4,82,1,0,78,43,0,1
1749,6.83,73.3,73.5,0,76,60,69,63,63,54,74,76,73,62,62,60,0,0,2,1,0,0,0,1
1750,7.15,76.2,72.9,1,80,59,71,61,67,60,71,67,75,67,59,56,2,61,1,1,32,0,45,1
1751,7.04,80.9,73.8,0,76,64,64,70,76,74,59,60,77,78,74,67,0,0,0,0,46,48,54,1
1752,7.41,84.6,72.9,0,78,65,78,71,74,58,66,66,74,70,61,44,0,0,1,1,46,41,0,1
1753,6.13,70.9,68.4,2,57,51,52,56,63,53,69,53,73,84,62,68,0,0,2,0,39,0,85,1
1754,7.1,78.1,78.7,0,67,71,68,53,61,49,69,71,72,65,67,48,3,57,1,2,0,0,0,1
1755,5.7,77.0,74.3,1,61,51,68,47,61,47,64,56,54,31,52,51,1,48,2,0,0,0,0,0
1756,9.27,94.0,91.1,3,62,66,67,48,60,56,65,56,67,63,64,59,1,73,1,1,0,0,0,0
1757,8.25,77.0,84.0,0,67,63,65,65,68,64,60,68,65,53,53,44,1,57,0,1,57,53,0,1
1758,7.14,89.1,88.5,1,67,63,57,53,48,40,54,52,64,79,62,57,1,42,0,0,0,13,84,1
1759,7.8,74.8,68.3,1,67,44,66,62,68,43,60,61,61,46,60,51,0,0,0,2,0,0,16,1
1760,6.36,66.8,76.0,0,57,48,53,39,37,30,70,59,51,53,50,50,0,0,1,0,0,16,0,0
1761,8.55,83.5,86.3,0,62,51,58,47,61,39,61,58,59,79,67,63,2,57,0,0,0,50,77,1
1762,5.23,67.9,64.4,0,51,42,54,43,46,39,65,59,47,46,47,56,0,0,1,2,0,0,0,1
1763,7.06,73.0,70.2,0,74,74,69,63,67,55,71,72,77,61,66,64,0,0,2,1,53,60,57,1
1764,6.23,71.6,66.3,0,59,59,76,55,63,38,63,67,60,57,58,59,2,44,1,1,0,47,0,1
1765,5.45,65.8,63.1,2,52,46,57,49,52,36,68,55,55,59,52,55,0,0,1,0,0,0,0,1
1766,6.79,74.3,80.4,1,70,67,67,62,64,58,70,62,70,46,51,52,0,0,0,0,34,0,0,0
1767,6.47,74.7,66.7,2,71,64,67,63,55,45,56,59,73,67,71,71,0,0,2,2,50,42,0,1
1768,7.53,81.8,81.2,0,64,59,61,56,68,47,65,65,54,55,50,45,0,0,0,3,0,49,0,1
1769,6.17,77.1,64.8,3,68,56,53,50,58,56,49,51,60,57,63,54,2,59,0,1,0,0,0,0
1770,7.44,70.8,78.1,0,72,66,73,66,70,70,74,71,67,50,63,42,1,51,0,1,0,0,0,1
1771,7.94,77.4,73.7,0,62,45,61,59,58,47,62,65,57,60,60,58,3,61,0,1,0,10,0,1
1772,5.84,63.1,64.9,1,61,61,57,46,54,44,73,65,58,70,63,62,2,54,0,0,34,0,0,1
1773,6.51,81.4,82.8,0,67,53,73,74,75,70,64,70,68,69,70,63,1,76,0,1,74,69,0,1
1774,7.24,76.2,82.8,3,54,33,53,50,54,46,68,58,69,72,66,66,3,54,0,2,0,0,67,0
1775,7.56,80.4,88.5,1,70,61,65,64,64,63,61,54,66,64,64,66,0,0,0,1,0,0,0,0
1776,8.22,87.5,83.2,0,60,52,77,53,69,42,76,63,71,65,72,65,0,0,1,0,0,0,0,1
1777,8.29,87.9,86.9,0,70,63,66,62,64,77,65,62,74,53,57,47,0,0,0,0,10,10,0,1
1778,6.34,69.1,70.8,3,67,60,66,56,66,59,59,63,72,80,62,65,2,57,0,3,0,0,67,1
1779,8.29,87.3,91.0,0,59,47,44,46,58,44,59,60,55,71,67,70,0,0,0,2,0,10,29,1
1780,7.08,76.8,81.7,0,71,66,55,73,73,52,53,49,61,72,64,51,0,0,0,1,0,10,0,0
1781,8.27,81.7,87.1,0,75,65,83,59,69,61,70,72,68,64,61,56,1,76,0,1,38,0,0,1
1782,7.92,85.1,87.7,0,69,48,54,53,55,60,68,68,53,69,59,59,0,0,0,3,0,0,45,1
1783,8.58,88.2,92.3,3,74,54,73,68,70,48,64,63,62,59,66,65,0,0,0,1,30,32,26,1
1784,8.3,91.8,87.7,0,68,57,69,52,68,53,57,66,67,69,72,64,3,55,0,1,51,0,45,1
1785,7.68,73.8,79.6,2,69,46,57,59,67,42,64,55,58,62,62,63,0,0,0,1,0,0,0,0
1786,7.08,82.9,75.1,1,74,61,61,66,59,44,64,62,68,77,65,69,2,75,1,1,0,85,50,1
1787,7.9,80.4,88.5,3,66,53,67,67,61,52,73,69,56,44,47,40,0,0,0,2,0,0,0,1
1788,8.58,88.6,79.1,0,69,50,68,67,64,55,72,71,72,59,62,57,0,0,0,1,28,0,29,1
1789,5.81,68.4,60.0,0,75,56,60,62,65,60,60,59,62,70,56,60,0,0,0,1,0,39,23,1
1790,7.04,81.9,76.6,1,66,70,70,73,72,57,62,68,73,52,64,46,1,73,1,2,21,0,20,1
1791,7.99,89.5,85.1,0,57,58,60,43,45,64,58,62,67,64,64,54,0,0,2,2,32,0,0,0
1792,6.5,75.5,64.5,0,77,73,71,63,54,49,67,67,68,50,57,47,4,68,0,3,53,44,0,1
1793,7.63,84.6,90.7,0,50,49,60,37,51,41,71,67,67,43,52,48,0,0,0,1,0,0,0,0
1794,7.29,80.7,76.4,2,61,39,49,43,46,44,64,65,57,53,47,48,0,0,1,0,62,76,0,0
1795,7.29,83.9,77.4,0,58,43,71,50,64,47,72,68,66,55,58,48,0,0,2,3,75,44,41,1
1796,6.73,78.9,77.0,1,63,53,56,58,70,59,62,59,65,69,58,58,0,0,0,1,0,0,0,0
1797,7.95,81.1,78.7,0,56,41,57,52,45,40,70,63,61,67,65,62,0,0,0,1,0,10,35,1
1798,7.38,81.6,81.6,0,53,48,52,48,52,35,52,57,59,74,63,65,0,0,0,1,45,0,0,1
1799,5.72,75.0,56.7,0,86,70,79,71,75,80,77,65,78,70,59,48,0,0,1,0,36,0,0,1
1800,7.47,75.8,76.5,2,56,41,68,48,56,53,65,62,50,49,52,47,1,60,0,1,0,0,0,0
1801,8.28,87.4,80.8,0,64,64,60,55,58,57,67,56,66,62,65,59,0,0,1,2,48,45,0,1
1802,7.23,77.2,75.3,2,82,80,72,69,78,70,52,76,82,72,71,59,3,76,1,0,75,51,41,1
1803,6.91,77.6,77.1,0,63,56,63,44,60,42,70,62,51,73,51,59,2,41,0,1,35,0,0,0
1804,7.53,84.7,80.3,1,65,48,55,58,63,56,67,63,64,48,46,50,0,0,0,2,23,26,0,0
1805,8.36,92.1,88.6,0,66,57,59,67,62,58,55,57,63,43,55,50,0,0,1,1,0,0,0,0
1806,8.43,92.7,82.3,0,71,70,68,63,72,53,69,69,76,70,64,75,0,0,0,1,47,0,51,1
1807,6.07,65.7,65.4,0,66,53,51,61,70,46,51,54,63,63,56,58,4,70,1,3,0,0,0,1
1808,7.56,80.4,89.0,3,65,58,61,50,54,46,56,59,59,70,53,59,1,63,0,2,29,0,52,1
1809,7.7,83.5,68.4,2,57,46,55,56,55,52,65,63,51,56,49,56,4,51,1,0,45,0,50,0
1810,6.68,74.0,66.5,0,73,53,58,52,56,60,60,62,54,71,67,65,0,0,0,1,0,0,40,1
1811,9.33,94.6,90.7,0,53,46,49,50,42,45,66,63,59,73,65,64,0,0,1,0,34,34,0,0
1812,7.14,85.2,72.7,0,86,69,65,65,58,65,69,56,74,50,64,49,2,56,0,2,0,44,0,1
1813,6.89,83.1,74.1,3,42,35,44,44,62,39,63,58,59,57,55,61,0,0,0,0,0,0,0,0
1814,6.05,75.3,72.1,2,66,41,64,47,60,40,72,67,62,71,68,56,2,60,0,0,0,0,51,1
1815,6.53,81.6,76.3,0,64,55,65,54,70,52,69,54,65,73,70,60,1,57,0,0,60,55,0,1
1816,8.05,84.6,80.1,0,48,54,46,49,55,46,57,59,55,54,47,46,2,76,1,2,0,0,0,1
1817,7.77,77.7,87.9,3,63,58,71,61,63,43,77,76,73,50,45,36,0,0,1,0,34,0,0,0
1818,8.1,82.1,85.1,1,56,39,56,50,60,29,71,69,62,67,48,61,0,0,1,1,10,0,47,1
1819,7.53,78.2,76.9,2,79,63,57,66,61,64,68,69,72,58,49,51,2,35,0,3,0,0,0,1
1820,7.84,78.7,70.4,0,55,39,51,53,61,36,62,51,57,67,66,55,2,46,2,0,0,10,61,1
1821,7.89,85.7,84.4,3,56,41,60,47,63,50,82,63,61,64,70,55,0,0,0,0,0,0,0,0
1822,7.8,86.8,87.4,3,79,65,76,70,68,50,66,64,61,61,61,61,2,67,1,2,0,54,0,1
1823,7.81,84.5,79.1,0,76,71,61,74,58,71,69,68,68,55,54,53,0,0,0,2,54,29,0,1
1824,6.64,77.8,80.3,1,56,47,64,58,62,69,75,73,60,63,60,59,0,0,2,2,0,26,26,0
1825,8.76,89.7,84.7,0,70,55,54,56,57,57,63,62,69,57,59,49,0,0,0,1,59,0,0,1
1826,8.33,83.3,86.7,0,67,57,68,63,63,47,70,67,58,68,68,61,1,74,0,1,76,0,42,1
1827,8.39,87.9,76.5,0,76,65,79,66,71,45,69,72,72,43,61,58,0,0,0,2,42,50,0,1
1828,7.33,85.5,72.3,1,58,47,50,40,46,46,53,32,39,54,48,52,3,43,2,2,0,22,27,0
1829,4.97,63.6,57.4,2,48,33,44,49,42,35,53,47,52,57,58,54,0,0,0,0,30,0,0,0
1830,6.04,73.7,65.3,1,64,51,65,57,49,40,60,64,70,60,58,51,0,0,1,0,0,36,24,0
1831,7.4,84.2,78.5,0,59,51,60,59,55,68,60,65,69,40,49,31,0,0,0,0,0,62,0,0
1832,7.49,80.8,81.9,2,85,70,85,74,75,61,66,64,64,51,62,42,1,63,0,1,0,31,0,1
1833,8.11,82.7,75.8,0,67,59,69,59,74,44,65,76,66,67,61,56,0,0,0,0,0,25,43,1
1834,6.75,88.5,75.6,0,71,76,82,71,61,67,77,71,78,75,56,71,0,0,0,2,0,57,0,1
1835,7.05,78.9,69.9,1,68,59,70,66,74,43,68,70,71,64,64,73,2,79,0,1,31,0,44,1
1836,6.0,60.5,62.7,0,61,58,64,60,67,57,65,70,65,70,64,72,0,0,1,3,0,24,67,0
1837,7.12,81.0,77.1,0,67,56,69,53,53,57,68,58,65,69,67,68,0,0,0,0,0,61,60,1
1838,7.22,83.0,70.0,0,65,59,61,63,49,56,63,60,63,60,53,66,3,71,1,2,0,70,0,1
1839,6.81,80.9,62.5,0,69,50,66,64,67,54,66,63,67,60,60,57,1,73,1,0,63,44,16,1
1840,7.34,86.6,78.0,1,63,56,64,55,57,56,72,62,61,52,58,53,0,0,0,1,10,0,0,1
1841,6.16,69.5,60.8,0,71,58,75,61,80,44,69,61,65,46,58,47,0,0,0,1,36,22,0,0
1842,6.92,79.2,74.7,0,68,61,58,47,69,47,69,60,69,77,72,68,0,0,0,1,0,15,63,1
1843,7.53,76.0,80.4,0,70,57,63,61,67,61,74,59,64,41,38,36,4,53,0,1,0,0,0,0
1844,6.66,86.6,74.1,1,54,45,53,50,58,38,69,50,48,63,57,52,0,0,2,2,0,31,0,1
1845,6.59,79.1,75.7,0,79,71,71,62,67,62,70,68,68,48,53,54,0,0,1,1,0,0,0,1
1846,6.38,74.3,72.4,0,54,48,55,62,53,48,69,63,58,48,49,45,2,57,1,0,0,37,0,0
1847,7.78,84.2,79.7,3,78,60,63,73,62,60,51,56,71,70,58,63,3,75,1,2,60,0,40,1
1848,8.06,90.9,76.9,1,73,66,61,72,75,61,70,67,67,63,56,55,1,65,1,0,0,0,0,0
1849,7.19,88.4,80.1,0,58,49,65,61,49,54,84,71,68,79,67,61,0,0,0,0,0,0,73,1
1850,7.75,85.9,75.0,2,83,71,76,73,79,64,69,76,72,71,63,58,0,0,0,0,0,65,53,1
1851,7.42,84.6,80.2,0,70,59,65,71,67,52,92,81,71,81,65,63,0,0,1,0,0,61,65,1
1852,7.27,87.0,75.4,0,66,74,56,61,63,39,50,59,54,60,61,63,4,54,0,1,25,0,0,1
1853,6.44,76.6,68.0,3,74,63,66,67,61,52,61,63,70,65,62,59,0,0,0,0,10,12,64,0
1854,6.73,80.9,84.3,0,59,51,63,52,43,42,62,51,60,76,69,61,1,54,0,1,0,0,0,1
1855,7.08,78.1,74.6,0,58,49,58,47,46,43,61,58,59,60,59,59,0,0,1,1,0,0,0,1
1856,7.17,81.2,80.6,1,65,65,72,59,59,60,77,84,56,69,66,54,1,60,0,3,27,0,27,1
1857,7.28,82.4,75.1,2,71,63,66,63,72,71,58,56,68,54,56,52,0,0,0,1,67,70,0,1
1858,7.74,89.7,84.6,0,60,69,57,52,71,57,60,60,53,67,64,53,0,0,1,1,12,0,0,1
1859,6.47,80.9,68.1,1,58,43,62,53,51,44,78,79,67,71,61,62,0,0,0,1,0,31,0,1
1860,7.05,75.9,70.3,0,64,40,55,59,65,47,67,55,66,63,58,58,0,0,0,2,35,0,0,0
1861,7.95,88.8,86.2,0,62,43,70,53,63,46,69,75,60,54,64,50,0,0,0,2,0,59,0,1
1862,5.92,71.9,64.8,0,64,55,51,55,57,40,53,64,61,64,60,65,1,45,0,3,22,0,0,1
1863,8.1,94.9,90.8,0,54,38,56,43,47,30,80,70,53,61,55,60,0,0,1,1,25,0,0,1
1864,8.24,88.8,81.3,1,59,54,64,51,65,59,65,72,65,53,55,55,0,0,0,0,0,0,0,1
1865,7.54,78.0,74.7,0,77,67,71,73,62,60,67,63,69,66,66,60,3,74,0,1,67,30,0,1
1866,7.18,74.4,65.1,1,44,38,45,27,33,49,64,64,38,55,51,56,0,0,0,2,0,22,0,0
1867,7.04,74.2,71.0,3,67,64,71,69,58,50,77,73,71,59,47,62,0,0,1,1,62,54,0,1
1868,9.27,85.7,98.0,0,64,49,63,52,61,52,69,61,67,66,51,58,0,0,0,1,46,25,40,1
1869,6.44,72.6,63.1,0,65,56,64,58,66,53,67,66,71,76,60,76,2,85,0,3,71,0,77,1
1870,8.65,94.4,84.4,0,71,56,60,65,69,47,70,70,59,65,63,53,0,0,0,0,0,0,0,1
1871,6.83,80.2,69.3,0,57,44,58,45,57,48,62,73,52,60,59,52,0,0,0,2,67,41,0,0
1872,7.87,91.0,92.6,2,75,69,62,73,70,57,58,57,66,66,68,65,0,0,0,1,10,0,65,0
1873,7.58,81.1,74.1,3,91,68,78,85,82,87,66,76,75,62,59,56,0,0,1,0,71,0,47,1
1874,8.26,86.1,90.0,1,63,48,61,59,56,48,71,62,62,69,58,63,0,0,1,0,0,65,63,0
1875,7.83,80.1,79.6,0,69,59,66,72,55,52,59,72,75,62,63,52,2,64,0,1,0,0,0,1
1876,7.65,93.0,83.1,0,70,50,74,58,71,51,67,68,74,48,53,51,2,55,1,0,10,23,0,1
1877,5.53,61.2,67.2,2,38,26,45,36,43,37,60,56,43,87,59,79,0,0,0,2,10,31,0,0
1878,9.24,98.5,92.5,1,63,47,61,59,49,45,56,63,63,60,60,54,0,0,0,1,42,37,0,0
1879,7.22,87.3,78.0,2,77,60,66,59,65,54,79,69,74,66,56,61,0,0,1,3,60,0,0,1
1880,7.54,77.0,81.3,2,71,59,60,57,62,71,65,63,73,63,58,57,0,0,1,0,26,13,0,0
1881,8.31,83.9,85.7,1,68,61,72,76,81,53,69,70,75,71,68,73,1,69,2,0,42,0,62,1
1882,6.34,67.6,71.1,1,75,60,67,72,67,51,49,51,64,76,68,65,0,0,1,2,0,0,63,1
1883,9.6,92.1,88.4,0,59,44,65,56,66,30,70,60,59,77,60,64,0,0,0,1,29,46,49,1
1884,4.69,63.9,54.7,0,65,51,73,63,58,59,77,71,80,57,66,61,0,0,0,1,39,0,0,0
1885,8.14,82.7,77.7,1,63,53,61,63,52,48,54,49,60,52,56,61,3,57,1,3,0,53,0,1
1886,6.18,76.3,69.5,0,49,47,54,52,53,50,49,54,57,73,61,64,0,0,1,2,0,60,28,0
1887,6.99,79.0,68.3,0,50,52,47,46,46,33,46,48,43,61,58,53,3,52,0,1,55,0,0,1
1888,8.18,92.1,81.0,0,73,62,72,77,64,61,69,74,70,76,69,60,3,63,1,2,0,59,66,1
1889,8.31,81.8,88.7,0,81,70,72,74,68,67,60,56,67,58,67,69,1,62,1,0,0,12,0,0
1890,7.61,75.5,75.2,0,64,49,58,57,61,47,62,55,67,71,62,69,0,0,1,0,0,0,46,1
1891,6.74,80.0,70.7,1,72,61,59,59,59,52,68,74,71,67,65,49,0,0,1,0,37,33,34,1
1892,6.96,83.8,88.1,0,61,50,64,74,71,54,66,61,61,72,75,75,0,0,1,0,0,0,81,1
1893,7.72,78.7,83.2,0,77,52,69,60,63,45,52,59,67,52,61,51,0,0,0,0,44,32,0,1
1894,5.98,86.2,67.5,0,63,58,65,46,60,41,77,68,60,55,54,65,0,0,1,0,10,0,42,1
1895,7.17,80.2,83.8,0,72,41,54,68,74,56,65,67,68,64,66,73,0,0,1,1,42,0,0,1
1896,6.3,71.4,71.8,0,58,57,58,58,54,44,65,67,72,54,55,52,0,0,0,0,0,50,0,1
1897,6.55,78.2,70.7,0,51,55,53,54,38,46,70,65,52,85,68,61,0,0,0,0,0,0,0,1
1898,7.06,75.3,73.9,0,72,56,59,56,58,48,78,71,81,81,62,70,0,0,0,0,0,49,0,1
1899,7.91,84.9,83.7,0,66,52,58,50,56,46,76,77,67,60,60,56,0,0,0,0,0,19,35,1
1900,6.93,74.5,73.3,0,60,43,58,44,58,43,75,66,62,51,56,51,0,0,0,1,0,0,0,0
1901,5.96,68.9,69.9,0,71,66,75,61,64,48,82,75,76,44,56,56,0,0,1,2,0,52,0,1
1902,6.36,73.1,72.6,1,70,68,72,62,69,58,64,58,69,71,59,51,3,59,1,1,0,0,0,1
1903,6.78,74.6,73.9,1,64,58,67,51,59,53,71,61,66,67,59,56,0,0,0,1,0,0,59,1
1904,7.01,71.7,68.1,0,81,82,81,76,81,73,74,68,77,55,60,56,0,0,1,0,0,42,0,1
1905,7.54,89.1,85.0,0,76,63,67,64,57,46,75,68,73,55,51,44,0,0,1,0,0,0,0,1
1906,7.38,82.2,80.7,3,63,58,54,60,51,45,60,64,55,54,59,63,1,60,1,0,32,15,0,1
1907,6.68,65.7,71.3,1,64,64,71,61,51,44,74,69,73,72,71,69,1,67,1,2,0,0,62,1
1908,7.06,80.5,75.3,0,55,47,58,58,42,38,67,65,63,61,48,57,0,0,0,0,0,70,0,1
1909,6.7,82.4,77.6,1,74,62,67,53,58,56,56,65,71,70,59,56,0,0,0,2,68,70,0,1
1910,7.28,77.1,69.4,0,75,60,55,58,60,56,62,72,66,65,52,49,3,63,1,0,32,0,0,1
1911,7.8,90.7,83.6,0,79,55,74,58,68,52,67,71,69,64,63,55,0,0,2,2,76,0,43,1
1912,6.91,83.8,77.2,0,74,76,72,66,70,58,69,72,75,58,56,57,2,74,1,1,0,0,0,1
1913,7.87,86.0,79.4,0,72,67,77,55,61,53,74,64,69,50,60,51,0,0,1,1,43,0,0,1
1914,7.84,81.5,81.9,0,62,32,49,45,61,55,53,51,43,77,65,70,1,49,0,1,0,0,0,1
1915,6.16,77.4,71.4,0,61,45,47,51,69,53,55,50,68,67,60,57,0,0,0,2,0,0,36,0
1916,7.62,86.7,79.9,0,61,61,65,55,63,47,70,67,59,61,60,54,0,0,0,3,0,0,0,0
1917,7.39,84.5,78.7,1,78,55,78,70,74,61,68,66,70,60,52,48,0,0,1,0,47,0,0,1
1918,6.94,77.8,77.4,0,57,28,41,38,57,39,58,52,57,54,55,60,1,51,0,2,0,22,0,0
1919,7.22,82.8,83.3,0,56,43,52,46,42,45,57,50,55,63,59,49,0,0,0,0,27,0,0,1
1920,8.51,92.3,80.7,0,55,49,64,48,48,39,52,54,52,57,65,59,4,79,0,0,51,0,47,1
1921,6.94,79.7,78.3,0,73,55,67,69,63,68,73,68,65,64,62,58,0,0,0,1,0,0,52,1
1922,7.35,84.0,88.6,0,72,69,66,63,57,55,59,61,69,55,60,53,0,0,1,1,0,0,0,0
1923,6.69,77.2,69.5,1,64,54,66,58,61,43,81,77,67,60,60,58,3,54,0,1,0,0,31,1
1924,6.58,77.2,76.4,2,67,63,70,62,78,50,48,64,69,55,54,52,0,0,1,0,0,0,0,0
1925,7.26,84.5,75.8,0,62,42,56,55,52,50,61,63,60,47,56,55,0,0,2,1,0,29,16,1
1926,6.96,69.0,73.5,1,72,59,65,58,66,54,54,61,67,55,61,47,0,0,0,0,0,0,0,0
1927,8.19,90.8,84.3,0,60,53,54,59,51,58,59,63,56,65,62,56,0,0,0,2,0,0,27,0
1928,5.58,68.4,68.0,1,82,77,69,71,80,67,75,68,75,50,62,55,0,0,1,0,0,0,46,1
1929,6.81,74.3,72.9,2,68,68,81,69,62,66,80,73,71,53,58,53,0,0,0,0,24,0,27,1
1930,6.59,76.2,72.0,0,43,30,48,43,50,42,68,56,48,67,54,61,0,0,1,3,0,49,53,1
1931,8.55,88.8,86.5,2,53,56,49,54,70,40,57,61,52,56,60,61,0,0,0,0,0,0,0,0
1932,7.35,73.1,73.5,0,77,62,69,70,84,60,64,71,73,52,62,45,0,0,0,0,0,0,0,1
1933,7.67,79.2,75.6,0,72,61,69,65,61,57,72,66,73,61,55,54,0,0,0,0,0,36,28,1
1934,8.2,89.5,78.3,0,67,56,59,62,58,47,57,47,58,52,51,53,0,0,0,1,0,0,0,0
1935,6.1,69.9,62.4,0,56,46,43,45,61,62,61,50,39,59,53,53,0,0,0,1,0,0,0,0
1936,6.05,76.7,62.5,0,62,52,65,62,59,48,58,64,59,59,57,68,1,59,1,2,47,57,0,1
1937,7.44,77.4,79.5,1,64,50,55,52,63,53,71,62,63,62,58,67,2,95,1,0,0,0,0,1
1938,8.21,84.4,85.3,3,55,62,65,58,48,34,65,59,61,65,68,59,1,59,0,0,0,0,0,0
1939,6.75,75.1,86.3,0,49,48,44,52,59,49,53,53,44,47,68,54,0,0,0,1,0,0,0,0
1940,7.95,76.0,79.6,1,72,67,56,56,62,57,55,45,63,58,66,56,1,54,0,3,41,10,0,1
1941,6.33,71.5,63.7,0,65,48,56,45,53,48,67,66,58,79,60,54,3,45,2,2,0,0,0,1
1942,7.97,86.9,79.0,1,69,61,66,63,78,71,84,82,72,49,56,34,0,0,1,0,0,0,10,1
1943,7.95,79.8,85.0,1,62,48,71,56,66,59,76,63,64,63,60,58,0,0,2,1,0,0,0,1
1944,8.52,86.3,83.8,0,67,57,69,56,69,59,74,64,70,60,63,65,3,80,1,0,52,33,54,1
1945,7.98,84.1,85.9,1,62,44,49,48,50,42,42,39,47,69,65,57,1,61,0,2,29,0,28,0
1946,6.23,73.5,68.7,0,62,56,64,54,50,47,61,60,60,64,61,55,2,79,2,0,52,47,0,1
1947,7.2,79.7,78.0,2,55,44,51,44,57,34,67,64,66,72,59,58,0,0,0,2,0,0,0,0
1948,7.84,76.8,77.7,0,77,56,51,65,64,46,60,62,54,58,55,57,0,0,1,1,0,10,49,0
1949,6.02,72.3,71.5,1,62,55,61,48,59,50,62,61,69,55,61,53,0,0,0,0,40,33,0,0
1950,8.01,84.3,75.3,2,57,52,59,46,40,54,72,67,65,45,65,43,2,58,0,1,71,0,0,1
1951,6.56,73.5,69.6,1,66,40,61,49,54,54,72,58,60,71,60,53,0,0,0,0,19,27,72,1
1952,8.33,91.3,83.4,1,61,52,60,47,49,43,66,60,67,70,61,60,4,69,0,1,54,67,0,1
1953,8.16,84.5,71.4,0,76,66,72,60,65,48,58,63,70,72,62,59,0,0,2,2,54,0,0,1
1954,8.11,85.9,75.8,0,70,59,67,58,72,52,70,70,66,78,63,63,0,0,1,1,48,29,0,1
1955,9.35,96.1,90.2,1,68,64,75,67,60,60,65,70,67,52,55,49,2,53,0,2,0,0,10,0
1956,7.16,77.6,67.4,0,65,48,61,60,61,52,72,65,62,64,57,54,1,61,1,0,0,73,23,1
1957,8.57,85.2,95.1,0,64,54,64,58,58,40,76,65,61,63,64,66,3,72,0,0,54,65,0,1
1958,7.56,70.3,78.8,1,72,63,61,67,69,57,59,65,68,59,60,45,0,0,1,0,75,0,0,1
1959,6.32,61.5,69.7,1,65,52,61,56,64,53,69,61,63,65,68,52,1,73,2,0,0,71,0,0
1960,7.87,83.7,81.8,2,56,58,55,45,51,45,51,52,56,66,63,51,0,0,0,0,0,0,0,1
1961,8.0,81.3,72.3,3,73,68,67,67,60,44,60,53,61,66,62,61,2,68,0,3,0,21,0,1
1962,6.02,77.2,66.6,0,76,68,81,69,83,79,79,83,71,71,69,70,4,67,0,1,59,39,0,1
1963,7.34,81.8,71.2,0,77,71,59,62,59,64,55,58,57,49,50,43,0,0,0,0,0,0,0,1
1964,6.63,75.4,75.6,0,83,73,73,71,82,63,71,65,62,48,56,59,1,89,2,0,0,0,0,0
1965,9.85,97.3,95.1,2,49,43,64,38,51,23,66,67,58,54,51,52,0,0,1,1,0,0,25,1
1966,7.51,83.9,73.5,0,51,40,62,54,51,39,78,66,67,60,62,71,1,63,0,0,65,0,25,1
1967,9.24,95.4,93.8,0,72,50,57,62,68,49,57,56,69,57,58,62,0,0,1,2,26,0,0,1
1968,8.48,88.1,89.2,0,60,49,51,57,56,53,63,71,61,76,80,69,0,0,0,0,0,0,61,1
1969,7.89,83.8,89.0,1,58,50,48,49,60,42,49,56,54,54,56,51,0,0,0,0,0,0,0,0
1970,7.85,76.7,90.0,0,83,70,59,68,80,68,58,58,69,67,63,56,2,74,0,1,42,23,0,1
1971,7.09,83.2,80.4,0,52,48,65,51,52,50,58,59,53,65,53,59,0,0,1,0,42,33,65,1
1972,9.45,98.2,90.2,0,69,65,63,60,65,61,44,52,55,56,49,57,0,0,0,1,0,0,10,1
1973,7.63,82.2,80.3,0,66,56,67,53,58,46,60,61,59,74,62,67,0,0,0,1,0,20,52,1
1974,8.85,92.7,81.5,0,60,47,62,55,55,37,69,66,68,69,60,64,0,0,0,0,21,27,0,1
1975,7.46,88.3,85.4,0,57,47,37,47,44,40,45,56,56,80,68,71,0,0,2,0,0,53,85,1
1976,5.97,70.0,69.3,0,56,50,63,45,57,38,73,72,63,64,51,60,0,0,2,0,0,18,39,1
1977,7.91,82.9,77.8,0,58,40,65,62,47,48,71,69,61,66,56,61,0,0,2,2,36,0,0,0
1978,6.14,71.5,67.9,0,47,53,53,47,43,35,60,61,50,56,47,47,0,0,0,0,0,0,0,0
1979,7.86,84.8,86.1,1,62,66,63,52,64,55,69,58,67,93,70,67,0,0,0,1,35,0,85,1
1980,7.46,80.8,75.4,0,70,65,56,54,58,49,61,57,69,54,53,48,0,0,0,0,0,32,0,1
1981,7.5,82.6,81.5,0,59,61,59,58,60,49,68,69,57,49,61,54,1,51,0,2,44,45,0,1
1982,7.0,78.9,78.4,0,54,38,48,41,50,45,62,61,52,53,44,48,0,0,0,0,23,0,0,0
1983,9.52,90.4,97.0,0,45,24,35,30,39,38,54,62,51,54,34,45,1,39,0,1,0,0,0,0
1984,7.49,83.8,78.1,1,65,41,59,55,55,51,62,67,50,60,52,59,3,55,0,1,0,0,0,0
1985,8.11,83.0,82.9,0,65,54,56,61,56,38,65,72,68,81,59,63,0,0,2,1,0,58,85,1
1986,7.37,74.2,71.7,0,73,76,68,64,66,70,66,60,74,63,61,63,0,0,1,2,0,27,0,1
1987,8.24,85.9,87.1,1,70,48,56,60,61,49,46,60,69,55,56,57,2,58,1,2,42,42,0,1
1988,7.42,80.4,80.0,0,67,58,64,50,59,48,53,56,59,63,66,61,0,0,2,2,0,0,55,1
1989,7.77,80.2,84.0,0,64,43,60,52,62,55,63,70,56,49,47,38,0,0,0,1,0,0,0,0
1990,7.45,84.5,74.2,1,70,52,58,66,66,63,62,64,68,65,67,68,2,75,1,0,85,74,60,0
1991,7.72,85.5,87.4,1,71,56,77,69,70,68,72,66,65,77,69,70,0,0,0,0,0,0,72,1
1992,7.03,75.3,66.8,0,54,42,49,44,48,37,38,30,43,39,43,51,0,0,0,1,0,0,0,0
1993,7.63,87.1,72.0,0,47,36,54,36,52,45,66,64,50,73,60,61,3,51,1,2,42,0,0,0
1994,8.46,96.4,87.1,0,59,58,58,56,56,47,66,59,69,72,57,63,0,0,0,0,0,16,0,1
1995,7.66,82.1,84.0,0,71,57,65,65,58,62,55,54,57,64,63,56,1,59,1,1,51,60,0,1
1996,6.86,74.1,75.7,0,67,67,57,71,66,59,68,57,70,55,67,59,1,61,1,1,0,0,0,1
1997,6.59,79.9,65.5,2,57,44,60,49,46,50,68,59,47,65,65,48,2,66,1,2,0,0,52,1
1998,7.04,75.4,79.6,0,48,49,57,52,52,45,64,64,55,46,55,60,2,60,0,0,65,0,0,1
1999,6.97,75.5,76.9,1,70,66,67,74,75,59,61,58,55,58,59,50,1,66,1,2,37,0,30,1
2000,6.24,78.6,77.2,0,56,47,56,60,50,45,71,75,65,66,59,63,3,63,1,3,0,39,55,1
2001,6.81,75.9,67.2,3,68,63,65,57,57,53,56,65,58,74,60,61,1,67,0,3,64,17,0,0
2002,6.4,76.3,79.4,3,63,56,56,52,61,37,62,59,51,65,61,47,4,59,0,0,36,0,24,1
2003,7.66,75.1,77.6,0,75,65,74,65,72,51,62,61,68,58,69,50,2,72,1,2,49,0,0,1
2004,8.47,88.4,92.0,1,65,57,72,67,64,52,53,56,68,70,59,61,0,0,0,0,44,52,0,1
2005,6.86,72.4,74.4,2,64,50,67,59,60,51,62,66,65,55,59,58,0,0,0,2,0,54,0,1
2006,6.8,70.5,68.0,1,70,63,68,56,64,53,54,64,56,61,65,66,0,0,0,0,27,12,44,0
2007,7.0,70.3,78.2,0,51,58,57,47,57,38,60,64,49,71,57,77,0,0,1,0,42,0,0,1
2008,7.01,85.2,72.0,1,76,66,73,63,62,65,84,74,66,73,62,50,0,0,1,3,0,48,44,1
2009,8.23,82.4,83.7,3,69,60,72,51,59,44,82,66,72,59,50,55,0,0,1,1,46,0,0,1
2010,8.04,85.1,98.0,1,58,53,53,52,59,38,59,51,49,71,69,65,0,0,0,1,69,0,61,1
2011,7.08,80.9,78.3,1,64,72,57,55,68,67,72,64,59,57,58,50,0,0,0,2,0,0,0,0
2012,7.18,80.4,76.5,1,51,60,61,46,60,47,69,70,64,56,55,61,0,0,1,1,0,43,0,1
2013,8.38,84.4,78.2,1,58,56,51,54,59,28,47,55,54,43,57,38,0,0,0,1,58,54,12,0
2014,6.65,69.7,76.0,2,63,61,63,57,54,48,68,55,61,71,62,63,0,0,1,1,0,69,42,1
2015,7.65,82.9,87.6,0,77,70,72,73,75,67,79,79,73,65,55,50,0,0,0,1,24,0,0,1
2016,8.61,77.3,79.7,0,73,59,67,61,66,62,65,55,65,68,69,62,1,68,0,2,58,34,65,1
2017,6.4,69.9,65.8,2,58,48,67,37,61,47,84,69,67,67,60,54,0,0,2,3,0,53,10,1
2018,6.73,78.7,75.2,0,54,50,55,48,60,63,60,57,55,58,59,62,2,53,0,1,34,0,60,1
2019,8.14,85.8,79.9,0,53,33,36,45,47,43,54,47,42,57,58,52,0,0,0,1,0,0,0,0
2020,7.04,73.1,67.0,2,75,58,67,66,63,49,69,67,78,52,59,41,0,0,1,3,0,19,0,1
2021,8.43,87.6,83.3,0,63,43,59,54,56,58,58,57,62,56,61,50,0,0,0,3,0,0,0,1
2022,6.42,70.5,67.8,3,59,53,75,64,60,51,72,79,61,77,67,68,0,0,0,0,0,0,54,0
2023,8.22,89.5,82.3,0,64,59,57,65,58,43,57,64,61,56,57,60,0,0,1,1,0,11,31,0
2024,8.45,92.6,87.0,1,67,52,70,59,51,55,70,71,68,57,63,58,0,0,0,2,21,0,0,1
2025,7.12,86.6,76.5,1,60,51,55,49,64,34,53,65,58,70,63,65,0,0,1,0,35,28,38,0
2026,6.93,75.9,67.0,0,62,44,63,57,61,41,68,62,59,60,57,60,1,63,0,3,0,0,51,1
2027,8.76,87.4,89.3,0,68,56,52,53,56,43,58,58,65,59,67,57,0,0,0,1,0,0,0,1
2028,7.71,80.3,79.8,0,65,42,45,45,47,43,56,55,56,50,49,44,0,0,0,1,52,41,0,0
2029,7.28,85.1,86.9,1,72,78,55,68,69,49,56,53,70,57,53,49,0,0,1,0,0,47,0,0
2030,7.72,90.6,70.4,3,72,55,67,58,70,45,70,68,73,58,59,40,2,59,0,1,0,27,0,1
2031,7.05,88.2,76.1,1,56,42,60,60,71,54,64,60,67,77,72,73,0,0,1,2,0,0,63,1
2032,6.5,80.7,70.8,0,63,59,66,54,53,54,75,70,70,69,67,59,0,0,0,0,0,0,37,1
2033,8.37,87.5,80.1,0,58,46,56,50,61,39,57,58,55,49,54,56,0,0,0,0,0,0,0,0
2034,7.02,82.2,79.2,1,61,62,62,56,60,49,55,64,72,58,60,61,0,0,0,3,61,57,0,0
2035,7.2,81.3,82.7,1,72,64,66,63,59,56,57,56,51,52,65,55,0,0,1,1,0,28,0,1
2036,7.99,86.9,80.6,0,67,61,54,63,61,47,69,74,69,66,63,65,0,0,1,2,0,0,0,0
2037,6.78,68.3,64.2,0,55,46,53,50,58,58,59,64,54,82,66,72,0,0,1,0,0,0,84,1
2038,7.73,96.2,87.1,1,50,44,43,53,50,44,49,51,58,51,53,56,0,0,1,0,0,0,0,0
2039,7.95,82.3,80.4,0,75,63,72,60,66,62,84,75,75,67,59,62,0,0,0,1,24,0,42,1
2040,7.47,82.4,82.1,1,73,65,74,60,74,55,67,65,61,63,69,65,0,0,0,2,0,0,0,1
2041,7.81,92.2,80.0,2,64,59,64,50,57,34,86,74,67,53,41,60,0,0,0,1,10,0,12,1
2042,9.1,82.9,86.4,0,54,53,58,44,53,40,80,52,75,76,69,58,0,0,1,0,0,0,73,1
2043,6.03,75.9,67.3,1,63,50,59,57,54,45,52,55,65,76,64,69,0,0,0,1,0,63,82,1
2044,7.89,85.8,82.2,1,70,54,62,60,68,52,59,72,61,50,58,50,1,68,0,1,0,0,10,0
2045,8.94,99.0,80.5,0,73,54,68,63,68,45,79,67,65,79,75,73,0,0,0,0,0,0,75,1
2046,8.12,91.2,86.4,1,66,63,46,64,60,57,63,70,57,72,67,72,2,56,0,3,0,0,73,1
2047,6.31,76.9,66.3,2,65,64,60,60,62,57,75,72,68,67,54,58,3,66,1,2,0,43,0,1
2048,7.3,82.0,71.4,0,49,43,54,44,39,46,72,57,48,49,46,44,0,0,0,1,0,0,0,0
2049,7.74,86.5,66.0,0,63,44,63,64,57,44,69,66,62,68,66,56,0,0,1,2,45,41,0,1
2050,6.28,74.7,64.7,0,51,45,53,34,53,34,61,59,48,78,62,67,0,0,0,2,0,22,64,0
2051,6.86,75.0,72.0,1,65,55,54,60,63,40,52,61,57,56,65,51,0,0,0,2,0,0,0,0
2052,6.6,75.4,74.7,0,68,45,68,56,57,43,68,67,68,49,56,53,2,61,1,1,42,10,0,1
2053,7.73,86.8,76.4,1,75,67,65,65,80,65,70,61,68,76,61,66,2,82,1,0,0,0,61,1
2054,7.62,78.1,78.1,1,66,49,64,60,54,56,52,48,62,60,73,57,0,0,0,0,29,0,0,1
2055,8.13,87.7,83.2,0,50,35,46,41,44,42,66,64,51,74,49,65,0,0,0,1,20,0,0,0
2056,6.32,77.5,73.1,1,60,51,46,61,50,51,54,58,61,64,50,52,0,0,1,2,0,0,0,0
2057,7.41,87.2,75.7,0,56,46,54,56,58,39,53,48,51,39,54,53,0,0,1,0,44,34,0,0
2058,7.36,83.9,77.6,0,65,53,55,51,51,41,64,66,52,64,62,47,1,59,0,0,40,32,0,0
2059,8.34,87.8,84.3,0,79,57,77,66,72,64,80,70,71,63,66,57,0,0,0,2,0,43,0,1
2060,9.24,99.0,80.1,1,57,42,47,55,62,39,55,50,56,61,54,65,0,0,1,0,0,0,0,1
2061,7.64,80.8,83.3,2,69,60,77,60,66,44,75,74,66,59,62,53,0,0,0,1,0,29,18,1
2062,5.8,73.1,62.4,1,75,63,73,67,61,55,80,71,79,53,65,63,0,0,0,0,0,33,0,1
2063,6.73,67.6,67.8,0,71,62,60,50,68,58,71,68,72,34,47,44,1,76,0,2,0,0,0,0
2064,6.75,80.8,78.1,1,69,57,58,65,64,62,72,62,75,78,65,73,0,0,1,1,0,0,55,1
2065,7.51,77.8,69.3,0,65,54,57,47,55,50,73,66,63,64,61,53,0,0,1,1,47,0,0,1
2066,7.79,72.5,76.6,0,71,61,71,61,63,54,83,70,72,63,59,54,0,0,2,3,19,10,18,1
2067,7.59,72.4,79.6,1,69,52,72,63,62,58,70,59,65,36,47,48,0,0,1,0,52,0,0,0
2068,7.33,73.0,81.1,1,76,68,78,71,72,45,72,73,66,56,64,62,1,41,0,1,0,0,0,1
2069,5.8,77.5,61.7,0,80,62,69,84,76,75,53,63,74,63,66,64,0,0,0,1,0,38,47,1
2070,8.65,80.3,84.8,1,65,56,59,60,67,46,70,57,67,68,49,62,0,0,1,2,0,0,37,0
2071,7.25,78.7,83.5,0,57,56,61,50,52,38,77,77,67,71,60,53,3,64,1,0,84,0,56,1
2072,7.53,83.3,81.6,1,66,55,66,68,67,40,65,67,61,68,58,49,0,0,0,2,0,14,18,0
2073,5.6,70.3,64.4,2,87,70,55,68,71,55,57,61,69,59,64,50,0,0,1,0,36,0,34,1
2074,5.5,66.0,58.3,1,58,48,69,54,66,40,61,69,55,49,51,42,0,0,1,1,0,0,0,0
2075,6.74,72.9,67.5,0,59,48,48,59,60,44,48,47,53,67,73,67,1,36,0,1,10,0,0,0
2076,7.14,83.3,80.9,0,59,60,59,47,67,53,72,65,69,75,56,68,0,0,0,2,34,0,42,0
2077,9.58,93.1,92.7,0,60,64,64,61,58,63,59,57,58,52,54,40,0,0,0,0,44,40,0,0
2078,6.11,69.0,69.1,1,54,39,56,54,64,39,62,62,60,46,57,52,0,0,0,0,10,0,0,0
2079,7.45,81.7,72.7,3,53,39,48,44,34,43,58,46,54,50,40,48,0,0,0,0,0,0,0,0
2080,7.88,86.0,80.2,1,65,58,61,63,59,56,55,57,58,59,72,61,0,0,1,0,0,0,41,0
2081,8.4,87.1,93.6,0,73,51,51,67,69,56,57,55,56,56,60,53,0,0,1,1,0,0,28,0
2082,7.54,80.2,72.0,2,50,39,55,48,51,43,59,51,66,56,52,62,2,77,0,0,47,45,0,0
2083,7.22,78.8,75.9,2,80,68,72,69,72,57,76,68,84,52,57,45,0,0,0,0,49,0,0,1
2084,7.25,78.0,75.0,0,53,45,59,51,54,40,65,57,63,77,54,70,0,0,0,0,0,49,57,1
2085,8.39,88.0,86.5,2,55,41,63,54,55,38,58,59,60,51,58,63,1,53,0,3,35,11,0,1
2086,7.13,81.4,82.9,3,69,57,70,50,64,49,73,68,70,66,52,60,1,68,1,2,66,46,30,1
2087,8.61,91.1,89.8,0,60,40,58,55,53,35,66,59,64,60,52,59,0,0,0,1,28,0,0,1
2088,8.58,89.5,86.0,0,65,56,65,70,59,52,63,58,64,52,56,51,0,0,0,1,0,0,0,1
2089,6.76,76.6,74.8,1,52,41,57,50,46,45,57,56,56,54,57,50,0,0,1,0,0,10,0,0
2090,7.5,82.6,79.4,0,74,62,54,55,55,54,63,65,73,55,60,47,0,0,0,2,0,67,0,1
2091,9.1,93.4,92.5,3,72,66,67,72,67,53,82,80,70,70,62,49,0,0,1,0,63,74,46,1
2092,7.05,79.9,81.3,0,63,58,63,68,70,65,61,67,72,64,60,56,0,0,0,2,33,0,0,1
2093,7.81,79.8,73.8,0,69,59,59,65,66,67,63,61,62,55,59,45,1,58,0,0,0,0,0,1
2094,7.87,84.4,81.3,1,57,57,70,58,61,56,65,67,54,59,64,57,0,0,0,1,34,0,0,1
2095,7.59,82.2,75.1,3,69,54,61,61,64,50,58,55,67,60,55,66,2,61,1,1,0,0,0,1
2096,7.27,75.1,71.5,2,81,75,77,75,87,70,62,65,73,57,59,61,0,0,0,2,0,10,0,1
2097,6.99,77.6,72.9,1,68,62,62,73,69,46,66,69,64,49,59,46,0,0,1,1,0,0,0,1
2098,7.51,84.5,81.1,0,81,79,75,70,76,68,70,74,87,63,64,50,0,0,1,1,38,0,0,1
2099,7.81,88.9,82.3,1,52,58,50,50,56,42,66,57,57,57,56,57,0,0,0,1,15,34,0,0
2100,7.15,77.6,78.6,0,71,46,70,56,70,57,59,59,58,60,55,68,3,70,1,0,0,0,0,1
2101,7.69,83.7,83.4,0,51,37,54,46,30,50,59,50,60,81,57,59,0,0,0,0,0,13,61,0
2102,6.28,73.9,61.0,0,76,62,69,80,57,47,67,72,75,66,69,61,0,0,1,1,56,51,53,1
2103,8.41,80.3,90.1,0,54,46,65,55,57,53,68,61,60,61,58,56,0,0,1,1,0,0,47,1
2104,7.59,75.2,77.6,0,71,54,53,54,76,59,67,60,61,73,71,55,2,73,1,0,41,35,69,1
2105,7.45,88.0,81.4,3,66,48,60,62,60,51,63,59,75,51,64,53,0,0,0,0,0,0,28,0
2106,7.74,91.7,80.1,1,65,47,60,51,59,46,57,51,61,62,57,60,0,0,0,0,0,0,15,0
2107,6.61,76.3,73.3,0,64,45,50,48,49,48,56,63,59,68,63,64,1,61,0,1,0,41,85,1
2108,7.36,81.2,75.9,0,72,68,67,66,66,53,66,75,69,56,59,58,0,0,0,2,0,10,0,1
2109,7.39,76.5,79.9,0,74,54,54,62,70,54,52,54,55,56,61,55,4,77,2,1,90,90,0,1
2110,7.17,81.4,75.1,1,59,45,56,51,57,46,73,59,58,66,53,58,1,78,1,2,53,61,0,1
2111,8.21,94.4,85.7,0,64,43,53,48,60,39,63,67,55,65,61,65,1,49,0,3,15,0,56,0
2112,8.41,82.5,82.3,0,64,75,59,68,79,50,62,65,66,50,63,46,0,0,0,2,0,0,0,0
2113,9.19,99.0,97.7,2,52,39,51,43,53,24,49,49,56,51,43,61,0,0,0,1,0,0,0,0
2114,8.66,92.0,89.4,1,48,32,46,40,41,41,62,46,49,54,57,43,0,0,0,3,0,0,0,0
2115,5.42,74.1,74.0,2,73,66,63,73,75,55,68,66,65,65,63,51,2,73,0,0,0,30,0,1
2116,7.32,84.5,69.1,1,58,56,49,46,64,40,55,53,57,60,62,56,0,0,0,1,0,18,0,0
2117,7.31,83.6,82.2,1,65,51,60,62,73,50,64,51,60,59,65,51,0,0,0,0,0,24,0,1
2118,7.1,82.4,76.3,0,67,58,65,55,60,57,74,69,69,75,65,72,0,0,0,3,0,0,0,1
2119,7.5,78.5,84.4,1,71,60,70,71,68,69,66,58,74,63,70,65,1,82,1,0,69,56,51,1
2120,6.86,77.4,74.0,0,68,52,58,56,61,53,66,69,70,68,65,69,0,0,0,2,33,33,50,1
2121,8.74,93.3,93.5,0,51,43,52,49,52,22,56,54,58,65,53,64,0,0,0,2,0,35,43,1
2122,7.6,82.7,71.5,0,69,70,80,66,75,57,80,73,70,48,59,54,1,62,1,1,44,28,0,1
2123,7.59,88.8,86.9,1,69,64,68,67,64,67,61,65,60,51,64,44,0,0,1,0,0,0,0,1
2124,7.55,76.9,70.9,0,59,46,45,46,58,49,56,59,53,57,51,54,0,0,0,0,0,0,0,1
2125,6.46,75.9,82.2,3,77,53,65,49,64,46,63,60,60,77,69,64,0,0,0,1,0,0,50,0
2126,7.32,89.2,77.7,0,60,54,60,57,61,44,74,63,60,52,55,49,1,60,0,1,0,23,0,0
2127,7.6,81.7,80.8,0,65,44,53,61,74,56,57,63,69,68,58,54,0,0,1,1,20,0,0,1
2128,7.02,85.7,83.0,0,65,60,68,62,56,47,87,83,71,54,52,49,0,0,0,2,0,0,0,1
2129,6.9,78.3,72.6,1,74,64,83,65,69,65,64,71,64,58,53,50,0,0,0,2,58,53,0,1
2130,6.95,79.2,73.5,1,57,54,51,51,63,49,64,54,54,63,63,51,0,0,0,0,0,0,0,0
2131,6.42,72.8,68.0,0,69,53,59,58,68,44,68,63,66,44,48,35,0,0,0,0,0,0,0,0
2132,7.19,82.5,77.0,1,73,59,61,59,76,51,66,55,56,54,58,61,0,0,1,0,49,41,54,0
2133,8.36,83.0,85.2,3,48,41,46,49,57,24,56,52,45,45,44,61,0,0,0,1,0,0,0,0
2134,7.75,83.8,81.7,0,84,66,76,69,75,70,70,76,68,57,65,53,2,66,0,1,0,50,0,1
2135,8.79,73.8,88.2,3,61,67,54,58,65,50,58,62,64,56,56,52,0,0,0,0,0,0,0,0
2136,6.22,71.6,72.4,2,84,64,63,69,66,63,58,67,77,57,54,49,0,0,0,1,0,10,0,1
2137,8.57,91.7,86.3,0,61,50,64,53,70,60,69,66,55,69,77,64,2,85,0,1,47,45,0,1
2138,8.11,80.5,72.9,0,63,52,61,51,58,44,68,58,63,57,58,60,0,0,0,1,49,0,43,1
2139,7.57,85.9,78.5,0,53,44,60,33,55,35,75,62,54,73,64,64,3,62,1,0,0,43,0,1
2140,6.97,79.0,70.5,0,57,48,59,49,46,38,69,69,60,61,49,51,1,50,0,0,0,11,0,0
2141,7.83,84.2,80.2,1,61,47,66,56,57,53,58,57,69,73,60,73,2,62,0,0,0,0,59,1
2142,6.4,73.7,74.5,0,67,52,69,66,62,50,72,72,67,66,69,66,1,71,1,1,0,0,0,1
2143,7.8,79.9,68.9,2,56,51,49,48,49,46,65,56,56,55,52,56,1,41,1,2,0,0,0,1
2144,6.99,76.0,73.1,1,55,43,54,45,47,32,55,63,50,74,60,65,0,0,0,3,0,0,0,0
2145,8.21,93.7,79.2,0,60,25,63,55,58,35,67,51,64,36,43,42,0,0,2,1,36,0,0,1
2146,6.42,71.3,76.1,1,61,58,66,60,66,43,71,58,66,66,66,66,0,0,0,1,0,0,0,0
2147,7.12,87.0,81.3,0,54,47,58,46,61,41,59,61,57,59,49,52,0,0,0,1,0,0,27,0
2148,7.29,75.9,75.0,3,62,71,70,67,70,63,69,71,73,50,63,64,0,0,0,0,68,61,0,1
2149,7.88,80.9,75.3,1,83,59,75,80,88,65,56,76,75,70,63,61,2,55,1,0,0,0,0,1
2150,9.05,91.2,79.4,3,51,42,46,43,42,35,59,51,49,72,61,56,0,0,1,3,33,18,66,1
2151,7.6,78.7,75.6,0,47,44,52,44,50,46,63,53,55,48,55,47,1,53,0,2,18,0,0,0
2152,7.62,80.1,79.7,0,77,59,57,61,60,56,58,58,57,67,62,62,0,0,0,0,0,0,0,0
2153,7.84,82.5,84.4,1,71,73,66,73,77,70,65,55,67,69,59,57,2,85,2,1,35,45,0,1
2154,6.35,74.1,74.1,2,47,39,46,38,54,34,47,48,50,45,51,51,1,62,0,1,58,56,0,0
2155,7.26,79.1,74.4,2,75,56,65,77,64,56,53,56,67,67,67,71,0,0,0,1,55,0,0,1
2156,7.77,79.4,78.4,0,58,47,58,54,58,29,49,45,51,58,48,47,1,73,1,1,0,63,0,1
2157,6.96,81.9,76.1,1,65,62,76,60,70,53,66,77,72,64,69,50,1,59,0,3,0,0,0,1
2158,6.87,70.5,75.8,1,76,73,74,58,75,58,69,66,70,46,60,40,0,0,2,1,0,0,0,1
2159,7.73,77.1,81.6,2,73,56,62,56,71,64,53,49,58,68,65,63,1,52,0,0,0,41,0,1
2160,6.34,66.4,72.8,0,74,61,76,73,68,62,73,67,84,59,53,60,0,0,0,0,40,0,35,1
2161,6.33,82.0,72.7,0,76,66,60,67,63,49,55,63,67,64,69,54,0,0,2,1,54,31,0,1
2162,6.28,81.1,67.9,0,72,61,62,63,62,62,57,55,62,67,66,64,0,0,1,0,0,52,50,0
2163,6.81,79.8,79.9,3,51,51,64,65,57,26,77,70,57,61,59,58,1,49,1,0,46,0,0,1
2164,6.22,69.5,66.2,0,71,74,58,72,75,71,58,61,64,62,62,62,0,0,1,1,31,55,0,1
2165,7.35,80.0,70.0,0,69,53,63,51,65,52,56,57,60,78,70,73,1,62,1,1,42,48,69,1
2166,8.98,91.1,85.9,1,65,41,56,59,59,40,64,53,53,51,55,63,0,0,0,3,0,10,0,1
2167,9.01,85.2,90.7,0,76,66,63,65,67,60,53,55,64,65,59,63,0,0,0,0,0,0,0,0
2168,9.47,92.0,91.5,0,56,35,54,37,53,51,62,59,46,58,50,50,0,0,1,0,14,41,0,0
2169,6.33,74.1,73.4,0,77,57,79,79,69,55,76,67,77,56,64,48,2,61,1,1,0,38,0,1
2170,7.06,76.6,73.7,1,64,62,74,68,69,62,62,78,77,62,65,66,0,0,0,2,0,0,0,1
2171,8.31,87.2,84.6,0,76,65,74,58,67,55,74,77,81,57,49,47,2,79,1,0,58,0,0,1
2172,7.04,75.6,69.5,0,90,68,79,71,84,65,87,69,71,54,70,59,1,79,1,0,72,54,0,1
2173,6.78,87.7,76.4,1,73,70,72,77,69,60,67,67,71,73,64,55,0,0,1,2,23,0,0,1
2174,6.99,76.2,72.9,1,55,41,60,49,48,41,72,63,61,80,63,70,2,33,0,1,0,0,57,1
2175,8.59,98.9,91.6,0,77,69,66,59,72,61,65,69,73,42,49,63,3,58,0,0,0,0,0,1
2176,7.3,81.6,74.5,0,72,69,56,57,63,50,62,58,58,62,58,70,1,54,0,1,0,0,0,1
2177,6.87,85.3,76.4,0,72,57,68,62,68,58,56,69,59,73,58,59,2,93,1,0,73,57,0,1
2178,9.07,88.2,89.5,0,60,54,63,61,50,52,59,53,66,44,47,47,0,0,0,0,0,0,0,1
2179,6.42,82.2,77.9,0,52,52,46,46,57,48,40,52,37,71,60,55,0,0,0,1,30,0,0,0
2180,6.48,75.0,68.7,1,60,57,65,61,65,47,68,64,65,58,54,56,0,0,0,0,0,0,0,1
2181,7.5,85.3,72.0,0,70,47,64,53,61,54,62,63,53,63,59,60,0,0,0,1,30,10,39,1
2182,8.14,87.7,78.5,0,60,38,51,52,56,41,55,51,47,53,53,46,0,0,0,1,0,0,0,0
2183,8.17,83.8,83.0,0,77,53,67,64,71,60,60,55,73,71,68,52,0,0,0,0,0,43,0,1
2184,7.49,89.7,85.4,0,59,47,66,58,57,48,73,66,66,68,68,61,1,71,0,0,51,29,47,1
2185,8.76,93.1,87.1,2,67,64,55,68,63,46,52,48,56,63,55,52,4,49,0,1,34,0,0,1
2186,6.28,74.6,71.7,0,80,65,78,74,71,64,58,69,63,51,59,49,2,80,0,3,0,0,0,1
2187,6.52,80.1,76.0,0,61,38,60,54,55,37,65,60,58,57,47,53,1,56,0,2,0,51,0,1
2188,7.95,93.6,79.1,1,57,41,55,51,56,54,55,60,71,65,58,55,0,0,0,0,0,18,0,1
2189,6.87,79.1,71.4,1,83,80,80,65,80,67,73,74,74,50,59,40,4,66,1,0,0,52,0,1
2190,5.67,71.6,66.4,3,65,42,60,55,60,51,75,67,64,80,74,66,0,0,0,2,0,0,0,1
2191,5.68,70.4,59.2,0,69,56,70,59,67,53,43,46,60,66,66,52,0,0,0,1,0,0,0,0
2192,6.34,70.9,62.1,2,58,46,46,48,51,48,61,58,54,62,54,61,0,0,0,2,0,0,0,0
2193,6.07,70.9,67.5,2,57,43,51,49,51,40,53,57,51,51,55,59,1,50,0,0,0,40,0,0
2194,7.18,89.4,81.5,0,70,67,76,67,66,56,75,77,69,57,53,50,0,0,0,1,11,0,0,1
2195,6.82,82.8,76.2,0,60,57,60,54,60,45,67,69,62,57,57,62,2,73,0,1,0,0,0,0
2196,8.04,89.1,77.8,0,55,50,63,55,54,53,69,60,55,64,65,59,0,0,0,0,0,0,0,1
2197,8.0,79.8,84.1,0,59,47,59,55,40,54,69,67,73,68,55,67,1,44,0,0,0,58,0,1
2198,7.52,80.4,86.3,1,83,78,82,77,82,66,63,67,76,75,69,66,0,0,1,1,56,0,45,1
2199,6.21,65.3,75.0,0,46,42,46,34,47,38,58,44,45,72,52,57,2,82,2,2,51,48,0,1
2200,7.03,83.0,72.4,0,64,59,52,55,50,45,61,61,69,56,58,66,0,0,0,1,0,0,39,0
2201,9.0,88.1,87.7,0,55,34,57,50,46,40,68,66,60,65,58,69,2,62,0,0,0,0,33,1
2202,6.24,71.9,77.8,0,57,49,54,41,56,46,53,58,53,41,40,52,2,53,1,0,66,35,0,0
2203,6.81,70.6,64.1,0,62,53,69,55,62,49,68,69,67,65,72,66,1,69,0,0,0,0,58,1
2204,7.13,81.6,77.0,0,63,55,59,55,52,54,57,57,61,62,63,50,0,0,0,2,53,71,10,0
2205,6.36,77.5,72.8,0,68,55,75,63,71,51,74,61,77,76,60,61,2,61,1,1,45,0,0,1
2206,6.01,72.1,66.7,0,50,38,64,59,45,46,66,59,50,64,59,52,0,0,2,0,0,30,0,0
2207,8.6,86.4,79.5,0,70,69,70,72,68,62,56,66,77,61,71,54,0,0,0,2,23,44,0,1
2208,6.72,78.9,72.2,0,60,54,57,62,57,49,67,55,61,63,63,65,0,0,0,1,11,0,48,1
2209,7.46,70.5,80.9,0,70,67,74,70,68,62,70,72,74,69,64,56,0,0,0,3,0,0,0,1
2210,7.97,89.7,82.1,0,61,59,58,55,59,38,56,63,62,62,53,55,4,56,1,0,49,0,0,1
2211,7.43,75.2,73.0,0,71,54,63,57,65,58,73,68,60,63,62,57,1,59,0,2,0,10,0,1
2212,8.48,91.5,81.8,1,61,58,59,41,65,59,82,79,67,69,56,53,1,60,1,0,54,0,0,1
2213,8.08,83.3,85.0,1,60,50,53,45,51,41,69,65,65,41,54,59,3,69,1,2,71,53,0,1
2214,8.67,97.3,98.0,0,61,62,66,55,56,50,71,57,60,47,60,47,0,0,0,0,0,0,0,1
2215,9.28,96.2,90.6,0,74,71,59,61,59,59,62,52,65,64,64,57,0,0,2,0,23,0,0,1
2216,6.74,81.0,75.9,3,72,59,73,62,67,65,62,65,62,65,63,70,0,0,0,2,38,0,0,1
2217,6.57,79.8,79.1,1,66,56,56,55,58,57,55,62,61,56,60,59,0,0,0,0,15,0,0,0
2218,7.48,85.4,83.4,1,75,67,70,64,76,53,58,62,69,70,64,57,0,0,1,1,60,45,63,1
2219,8.37,85.1,77.7,0,62,52,61,57,50,58,78,67,70,55,59,66,4,88,0,0,0,86,0,1
2220,7.28,75.9,80.6,0,74,58,78,66,64,50,75,68,74,53,50,39,0,0,0,0,46,37,0,1
2221,7.52,78.2,76.6,0,74,64,70,60,69,62,70,68,82,49,55,47,0,0,0,1,0,0,0,1
2222,9.35,93.6,94.2,0,75,64,62,68,51,46,63,48,62,50,54,51,0,0,0,1,0,0,0,1
2223,7.13,82.1,77.7,0,75,66,73,72,58,61,70,69,72,62,62,54,0,0,0,0,0,0,46,1
2224,6.0,76.8,71.8,1,57,28,43,45,55,27,48,44,49,63,60,63,0,0,0,2,59,0,10,0
2225,8.25,86.0,70.2,0,64,59,64,57,74,46,59,53,67,64,67,53,0,0,0,0,0,0,30,1
2226,7.74,77.1,80.8,2,76,70,71,62,68,51,71,65,68,56,71,66,0,0,0,0,24,0,37,1
2227,7.92,77.3,83.9,1,52,45,52,48,49,51,53,53,57,67,46,43,0,0,0,1,0,0,0,1
2228,7.56,73.7,78.9,0,70,56,68,72,63,51,54,59,60,54,56,52,0,0,0,2,36,0,0,0
2229,7.04,79.3,78.8,0,68,58,61,63,64,56,69,66,72,63,68,65,2,38,0,1,0,14,45,1
2230,8.28,88.3,83.5,0,77,64,83,73,69,54,82,74,78,53,51,58,0,0,0,0,0,0,0,1
2231,8.53,91.5,94.6,0,63,53,63,55,64,44,69,64,70,45,62,53,0,0,1,1,53,69,0,1
2232,7.44,78.6,82.3,0,82,83,68,84,78,59,58,50,72,60,70,45,0,0,0,0,66,0,0,0
2233,8.24,86.0,83.6,3,62,47,58,63,58,45,69,70,71,67,67,62,2,50,2,0,0,0,0,1
2234,6.49,80.7,83.1,1,60,52,50,60,53,48,48,53,67,60,57,42,0,0,1,0,12,0,0,0
2235,7.76,81.3,73.0,0,74,63,83,58,71,59,79,69,73,61,54,64,3,57,2,1,0,0,0,1
2236,8.94,94.1,97.6,1,55,52,45,45,65,40,70,61,62,56,51,46,1,50,2,1,43,47,0,1
2237,8.75,88.1,89.6,1,53,36,48,52,53,30,51,49,52,42,44,47,0,0,0,1,0,0,0,0
2238,5.96,68.9,72.5,0,73,66,82,64,73,67,80,68,83,44,68,55,0,0,1,1,60,0,0,1
2239,6.59,80.5,73.9,0,71,56,65,71,74,76,70,67,68,73,71,68,2,49,1,3,63,30,53,1
2240,6.32,80.6,75.8,0,70,58,75,67,73,50,73,72,80,45,48,48,0,0,0,0,0,0,15,0
2241,9.9,99.0,98.0,1,62,52,64,70,55,61,58,64,56,54,58,54,0,0,0,1,0,0,31,1
2242,7.96,93.9,80.2,1,69,58,64,68,57,55,78,68,69,51,58,53,1,57,0,2,50,34,0,1
2243,8.81,94.6,83.5,1,54,42,52,56,55,44,62,53,55,52,53,53,0,0,2,0,0,0,0,0
2244,7.32,82.5,74.5,1,58,49,51,56,59,44,66,67,63,61,55,54,2,79,0,0,33,32,30,0
2245,6.55,74.3,74.4,1,52,42,67,43,48,42,77,72,72,43,60,54,1,79,0,1,62,51,0,1
2246,8.14,85.5,81.3,0,78,71,70,70,77,54,69,70,68,64,72,64,1,76,1,0,0,51,0,1
2247,6.58,76.1,84.6,0,74,58,69,63,75,45,66,67,62,57,50,50,0,0,0,1,0,0,0,0
2248,7.95,82.6,70.2,1,81,65,66,68,70,60,75,63,70,63,79,70,0,0,1,1,14,0,0,1
2249,5.99,79.2,69.8,0,65,56,62,59,54,40,60,65,61,49,48,49,0,0,0,3,21,10,10,0
2250,7.89,81.8,83.2,0,73,48,71,58,57,69,71,70,70,49,53,54,0,0,0,1,0,28,0,1
2251,7.21,75.5,78.7,2,52,34,47,45,50,39,59,59,60,72,68,70,1,55,0,3,50,60,72,1
2252,9.33,99.0,93.1,0,77,55,67,51,64,54,71,65,64,57,60,53,0,0,0,0,40,32,0,1
2253,7.83,83.0,86.2,3,62,49,63,52,63,46,67,65,71,64,64,62,0,0,2,1,41,0,0,0
2254,7.9,80.7,79.5,0,70,64,66,71,69,60,70,76,63,69,62,60,0,0,1,0,0,0,0,1
2255,6.3,69.8,72.9,0,52,45,50,42,46,46,49,47,53,56,56,48,0,0,0,2,0,0,34,1
2256,7.55,80.2,87.1,1,48,29,53,38,51,29,64,54,60,66,49,54,0,0,0,1,0,42,33,0
2257,5.89,75.9,76.3,0,55,39,53,46,42,43,49,54,63,69,53,64,0,0,0,0,25,19,0,0
2258,7.82,82.9,80.0,0,60,46,53,56,61,61,64,64,59,65,70,66,2,59,1,3,55,0,54,1
2259,7.9,76.3,81.0,2,72,60,53,58,59,47,66,49,59,54,53,45,1,58,0,0,0,0,0,0
2260,6.64,72.3,82.7,0,76,70,67,71,72,68,81,66,83,53,62,38,0,0,0,2,0,0,10,0
2261,8.07,89.3,81.8,0,58,48,60,42,42,43,70,59,57,54,46,53,3,63,0,2,0,44,0,1
2262,7.25,79.3,72.3,0,70,66,66,61,72,54,68,63,69,72,74,61,0,0,1,3,52,0,0,1
2263,7.27,81.0,76.6,0,73,47,62,63,75,52,64,61,59,64,59,61,0,0,0,0,30,0,0,1
2264,6.9,79.0,64.9,1,54,31,55,41,46,42,61,57,49,66,54,72,0,0,0,1,0,52,30,1
2265,8.86,88.3,88.5,0,60,58,62,64,56,49,68,62,66,74,68,61,0,0,0,2,0,0,64,1
2266,7.3,76.5,73.7,0,74,68,59,66,77,61,71,74,67,50,58,57,2,65,1,0,45,0,0,1
2267,6.88,80.0,77.8,2,70,66,69,70,69,43,56,68,73,63,65,60,1,56,1,1,38,16,32,1
2268,6.77,81.7,80.5,1,70,67,64,73,75,66,54,62,60,69,61,66,0,0,0,1,0,0,50,0
2269,7.15,82.8,84.3,1,71,62,79,64,70,67,77,78,84,66,58,56,0,0,2,0,0,29,0,0
2270,7.85,78.0,86.1,1,68,49,59,63,51,65,67,66,72,65,65,62,2,59,0,0,39,43,0,1
2271,7.4,76.0,81.4,1,66,69,65,68,67,58,62,66,57,68,70,70,2,77,1,0,76,72,0,1
2272,7.81,78.1,81.7,0,81,71,67,69,67,58,62,64,69,68,63,59,3,74,1,0,59,68,25,1
2273,7.52,80.4,80.5,2,70,45,67,59,56,48,66,61,63,62,62,59,0,0,1,1,39,26,0,1
2274,6.98,78.6,82.3,3,68,56,75,71,77,61,60,60,66,54,59,43,1,77,0,0,0,0,0,1
2275,8.59,92.8,98.0,1,65,49,55,55,58,47,72,62,59,75,63,63,0,0,2,3,0,0,72,1
2276,7.16,82.5,72.6,1,65,45,68,54,67,47,78,77,67,61,55,56,1,65,0,2,84,51,0,1
2277,7.55,86.9,80.8,0,69,63,80,71,69,49,81,74,83,52,62,52,0,0,1,0,44,34,0,1
2278,7.62,78.5,88.7,3,75,55,54,65,60,52,55,71,70,46,61,51,0,0,0,2,0,0,10,0
2279,7.71,79.2,87.5,1,61,50,62,55,53,44,89,66,71,69,58,62,4,55,0,1,30,10,0,1
2280,6.77,81.1,74.5,0,65,49,53,50,57,41,67,53,65,56,53,61,0,0,0,2,65,0,55,1
2281,6.59,81.0,66.4,1,53,36,57,52,55,40,66,71,60,55,42,54,1,53,0,1,61,61,0,0
2282,7.89,80.0,81.2,1,64,57,54,54,50,47,62,72,57,53,52,45,0,0,0,0,0,10,0,1
2283,6.98,77.7,82.6,1,74,62,71,61,67,43,72,67,66,65,60,48,0,0,0,1,0,0,39,1
2284,5.88,70.0,62.8,0,72,62,65,69,68,57,68,60,69,36,50,36,0,0,1,2,45,37,0,0
2285,7.67,87.4,86.9,1,60,45,64,52,47,47,73,72,62,49,48,55,0,0,0,2,42,34,0,0
2286,7.8,79.3,83.0,1,60,53,60,50,57,50,69,63,64,57,54,46,0,0,0,0,0,0,0,1
2287,6.87,69.8,70.0,0,66,46,58,50,55,55,64,62,51,50,56,58,0,0,0,0,0,28,0,0
2288,7.2,76.6,68.9,0,69,69,73,58,61,43,58,57,64,51,62,59,0,0,0,3,44,0,0,1
2289,8.06,81.9,75.1,0,64,55,58,57,64,52,59,60,64,62,51,57,1,71,1,0,0,71,0,1
2290,6.41,75.3,76.0,0,65,66,57,61,62,63,70,61,66,55,56,47,4,72,2,0,90,84,0,1
2291,7.26,88.8,80.1,0,68,63,65,64,61,61,68,67,64,40,50,51,0,0,1,2,0,21,0,0
2292,8.31,94.5,89.9,0,60,57,62,44,58,42,62,59,53,60,49,42,0,0,2,0,0,0,0,0
2293,7.37,77.2,75.0,0,61,57,58,59,51,46,66,65,65,65,62,51,2,59,0,0,0,10,41,1
2294,7.49,75.2,79.4,0,89,76,80,87,91,85,66,68,95,59,71,67,0,0,2,1,0,24,0,1
2295,7.68,83.0,75.5,0,83,63,77,82,84,60,59,67,72,70,71,46,0,0,0,1,0,0,0,1
2296,6.85,79.8,72.3,0,63,51,42,52,45,37,45,49,47,69,51,61,0,0,0,1,18,0,0,0
2297,5.95,69.3,67.3,2,70,44,64,38,56,40,70,68,63,67,59,62,1,67,0,0,50,44,31,1
2298,6.5,78.2,74.0,0,88,76,87,86,84,78,67,80,90,60,57,61,0,0,1,3,90,66,0,1
2299,6.74,80.6,75.3,0,49,52,53,53,37,54,66,65,58,73,58,62,0,0,0,1,0,0,41,0
2300,5.49,70.1,73.8,1,65,37,57,64,69,58,62,67,57,66,57,51,2,64,0,3,14,0,20,0
2301,6.31,74.9,69.6,0,66,54,65,61,67,39,76,72,73,47,57,42,2,57,0,0,0,0,0,0
2302,8.26,89.5,84.7,0,60,55,54,57,59,50,52,61,54,62,52,54,0,0,0,0,0,0,0,0
2303,7.33,86.4,78.9,1,60,57,66,43,63,51,68,60,64,51,54,52,1,73,0,0,62,51,0,1
2304,6.95,70.4,61.3,0,64,54,43,61,63,41,53,52,54,70,67,60,2,49,1,1,0,0,20,0
2305,7.11,77.3,78.8,1,48,46,68,53,56,47,71,68,51,45,57,52,1,61,0,2,0,0,0,0
2306,7.2,84.4,72.5,0,65,58,64,57,56,37,52,51,58,66,61,51,3,59,0,1,0,0,54,1
2307,6.96,80.5,79.5,2,80,64,78,72,74,63,63,68,65,50,56,59,3,65,0,0,23,17,0,0
2308,7.48,72.7,80.4,3,60,55,69,54,65,46,68,74,54,59,57,59,0,0,0,2,0,0,27,0
2309,9.59,97.0,98.0,0,67,66,59,60,55,35,78,63,64,54,61,51,0,0,1,0,0,38,0,1
2310,8.98,87.5,88.3,0,74,55,71,58,52,60,74,63,62,72,55,64,0,0,2,1,0,47,0,1
2311,7.85,80.4,81.8,0,66,44,55,62,76,57,57,50,53,55,59,48,0,0,0,0,0,0,0,0
2312,7.48,80.6,81.7,0,58,55,56,58,42,54,70,62,71,79,66,79,0,0,0,1,18,0,82,1
2313,6.83,79.5,74.7,2,70,55,68,65,67,66,81,76,62,60,79,62,4,73,1,2,58,0,0,1
2314,7.48,77.2,80.6,0,51,37,48,48,48,43,65,63,48,69,59,68,0,0,0,0,0,0,0,0
2315,7.87,95.2,85.8,0,63,66,59,57,70,64,62,69,62,68,66,63,2,55,1,2,0,0,0,1
2316,7.97,80.3,79.7,2,74,63,73,72,63,65,73,62,79,51,54,45,0,0,2,0,0,58,0,0
2317,7.23,77.4,78.6,1,68,57,64,71,67,48,69,72,70,44,44,34,0,0,0,3,0,20,0,0
2318,7.66,93.0,89.3,1,62,56,59,58,51,53,60,70,62,52,58,61,2,64,1,0,63,60,0,1
2319,6.11,76.8,65.9,1,70,67,67,68,72,45,72,66,73,78,66,70,1,68,0,0,53,60,0,1
2320,7.59,88.1,82.1,1,46,36,47,33,42,27,51,51,45,53,55,50,0,0,1,0,38,0,0,0
2321,7.62,79.1,81.8,1,61,56,57,50,71,57,77,65,64,55,57,64,0,0,1,2,41,0,31,0
2322,7.74,87.9,80.4,1,72,63,75,57,65,66,80,70,70,62,65,56,0,0,0,0,0,0,0,1
2323,6.01,66.3,78.4,0,70,66,62,56,63,64,68,71,66,66,69,70,0,0,0,1,13,0,0,1
2324,5.63,66.2,71.1,1,70,56,73,70,73,46,65,62,74,57,68,58,3,80,2,2,0,67,0,1
2325,7.82,77.8,92.6,0,62,43,64,47,58,48,67,58,58,51,50,57,0,0,1,1,29,20,0,1
2326,8.43,92.8,87.7,0,65,53,58,58,39,36,72,63,66,58,59,63,0,0,0,3,10,0,0,0
2327,6.67,78.6,76.2,0,68,59,65,63,63,56,59,63,76,82,70,66,0,0,1,1,68,54,0,1
2328,6.24,74.0,70.4,1,68,58,51,60,59,59,58,55,56,66,63,54,1,57,0,0,58,52,0,1
2329,8.43,89.1,90.4,0,59,53,56,56,64,46,58,66,67,61,62,60,0,0,0,0,31,0,0,1
2330,5.87,68.4,64.8,1,77,70,72,72,74,63,65,71,64,75,65,61,0,0,1,2,26,0,0,1
2331,7.65,85.1,92.7,2,69,55,69,68,63,60,57,59,59,59,54,54,0,0,0,0,0,0,51,0
2332,5.95,68.1,78.8,0,48,40,49,34,32,37,78,63,58,57,43,56,0,0,0,3,0,0,0,0
2333,6.99,79.2,64.4,3,78,71,70,76,59,47,60,58,70,49,65,53,0,0,2,0,0,0,0,1
2334,6.06,73.9,70.3,0,63,46,53,51,53,43,44,50,53,69,64,64,0,0,0,2,0,0,0,0
2335,6.71,72.4,73.8,0,57,55,53,52,60,27,53,58,58,61,59,59,0,0,1,2,0,0,0,0
2336,6.47,74.7,79.4,2,71,77,77,65,61,53,61,57,65,68,67,57,0,0,1,2,55,0,17,0
2337,6.91,82.1,82.0,1,76,66,69,78,68,56,67,61,77,68,68,71,3,65,0,0,0,0,0,1
2338,7.01,76.7,66.2,1,74,76,74,64,65,59,69,64,73,57,63,56,0,0,0,0,0,13,0,1
2339,7.29,77.0,78.0,2,68,57,67,58,61,62,71,68,67,57,69,52,2,48,0,2,0,0,0,1
2340,6.77,82.1,74.8,0,71,55,52,58,65,51,61,62,66,56,62,57,0,0,0,0,22,0,0,1
2341,8.39,91.7,90.2,0,56,60,67,57,66,47,66,65,66,64,58,63,1,53,0,0,26,46,27,1
2342,7.42,86.7,75.3,0,49,45,51,54,50,42,61,51,48,64,57,60,1,73,0,1,26,27,0,0
2343,8.42,95.6,87.1,1,58,40,58,47,55,48,58,55,63,49,61,52,3,70,1,1,84,83,0,1
2344,8.01,87.0,82.0,0,53,51,61,59,51,43,79,60,68,56,57,54,0,0,0,0,0,0,0,1
2345,7.98,82.9,82.1,1,59,54,56,65,68,49,65,59,60,66,57,61,0,0,0,1,10,0,0,1
2346,8.94,96.8,95.8,0,62,48,63,51,65,49,66,62,69,69,64,68,0,0,0,0,0,26,0,1
2347,6.96,84.7,78.6,0,73,59,76,77,69,57,68,74,72,55,59,51,1,49,0,1,0,0,0,0
2348,6.06,82.4,77.7,3,72,72,58,73,59,57,64,55,59,69,67,74,1,51,0,0,0,30,52,1
2349,7.04,76.5,76.3,0,67,57,72,59,64,48,75,77,70,67,59,60,0,0,1,1,0,0,20,1
2350,6.1,75.2,72.1,2,71,47,57,59,65,46,64,61,66,69,51,57,0,0,1,0,53,49,66,1
2351,6.78,75.5,70.7,1,59,60,71,70,66,47,73,71,75,58,56,52,2,61,0,0,13,0,0,1
2352,6.79,76.6,78.3,1,63,54,63,54,58,54,69,63,57,43,53,37,3,47,0,0,32,36,0,0
2353,7.94,81.7,81.2,0,70,64,64,67,71,55,64,54,64,75,59,68,0,0,1,0,22,38,0,1
2354,7.24,75.0,79.1,3,62,62,65,64,61,57,58,57,69,68,58,65,0,0,1,2,0,56,54,1
2355,8.25,90.8,82.0,1,60,64,73,68,68,49,68,65,72,60,57,48,0,0,0,0,0,50,0,0
2356,6.85,78.0,73.2,0,71,55,73,54,65,48,76,69,75,52,50,49,1,62,0,2,40,0,0,1
2357,7.54,78.4,79.5,0,69,60,61,64,62,41,64,63,68,66,59,54,4,55,1,1,30,38,0,0
2358,7.8,85.0,82.4,0,60,46,51,51,58,30,60,60,66,56,56,60,0,0,1,2,42,43,0,0
2359,6.46,77.8,68.6,0,55,52,38,40,52,35,47,31,47,66,53,62,2,58,2,0,42,33,0,0
2360,7.55,69.2,75.7,0,86,62,64,68,70,55,64,67,68,52,65,54,0,0,1,0,0,0,0,1
2361,7.6,81.8,84.0,1,62,47,73,55,62,57,68,61,58,58,59,59,0,0,0,0,0,0,10,1
2362,7.14,82.4,77.5,0,60,65,61,58,50,42,71,69,73,63,66,66,1,57,0,1,0,34,0,1
2363,7.92,88.0,77.6,0,52,45,51,54,52,42,72,75,67,52,49,45,2,74,0,1,0,20,0,1
2364,6.79,85.0,71.9,1,65,48,59,54,58,66,46,48,58,54,63,61,4,60,0,2,0,0,0,0
2365,9.1,95.1,94.6,1,69,66,71,69,54,59,50,51,56,53,58,67,0,0,0,0,0,0,0,0
2366,7.46,86.0,78.0,0,63,57,52,47,57,44,49,49,57,60,64,64,0,0,1,1,0,0,0,1
2367,9.14,87.5,74.2,0,66,49,62,59,53,42,61,58,57,68,59,65,0,0,0,0,82,67,61,1
2368,7.95,83.0,83.7,1,77,69,80,82,88,63,72,71,76,63,49,61,0,0,1,1,50,73,0,1
2369,7.5,83.4,84.2,0,72,53,69,75,71,48,59,70,70,67,64,50,3,67,0,0,0,51,41,1
2370,8.76,81.7,91.2,1,50,46,46,55,43,38,52,50,44,49,59,56,0,0,2,2,0,0,0,0
2371,7.95,84.8,74.3,3,82,73,66,68,85,78,55,58,69,66,65,67,1,79,2,1,0,45,0,1
2372,6.88,81.7,73.7,3,66,54,66,56,58,45,62,61,60,65,50,50,0,0,1,2,49,44,33,1
2373,6.51,77.2,71.4,1,74,56,62,71,72,58,66,63,71,85,72,60,0,0,2,2,54,68,0,1
2374,5.58,65.8,56.6,0,58,47,59,56,45,48,51,58,44,44,50,51,0,0,0,0,10,0,0,0
2375,7.18,81.5,70.0,1,60,36,51,35,45,52,62,62,60,70,58,53,0,0,0,0,10,0,68,0
2376,8.68,86.9,98.0,0,69,61,58,60,62,62,60,53,64,65,69,62,0,0,0,1,0,16,47,1
2377,8.88,91.4,96.2,2,65,51,64,59,57,62,64,53,73,66,65,53,0,0,1,0,20,0,54,1
2378,6.94,77.8,83.1,1,66,56,75,70,64,56,77,73,77,60,67,72,0,0,0,3,0,0,0,1
2379,6.49,75.6,75.8,2,67,62,64,64,55,50,76,67,69,83,67,64,1,66,0,1,56,46,77,0
2380,6.98,75.4,72.3,1,77,65,62,59,64,65,67,64,57,52,45,50,4,81,1,0,0,65,0,1
2381,7.03,76.6,73.3,1,68,50,70,63,53,53,75,69,61,74,71,52,0,0,0,0,52,0,48,1
2382,7.45,76.4,77.3,1,60,31,48,57,59,44,55,54,52,59,56,69,0,0,0,0,59,0,0,1
2383,7.51,89.0,77.0,0,73,65,61,60,66,44,64,60,59,56,60,50,0,0,0,0,0,14,0,1
2384,5.83,78.2,64.1,1,61,46,67,60,56,51,67,71,57,60,52,52,2,79,0,0,0,53,0,1
2385,8.23,90.2,87.2,1,64,58,73,58,58,59,81,74,67,69,55,51,1,65,0,1,0,10,0,1
2386,6.18,68.8,74.1,0,57,61,67,61,73,46,75,72,79,56,59,54,1,61,1,0,63,52,0,1
2387,9.0,99.0,86.3,0,72,40,69,57,64,57,69,62,70,61,67,61,0,0,0,1,0,0,0,1
2388,7.37,73.4,78.2,1,59,44,59,57,52,39,58,66,58,57,50,59,1,66,0,0,37,0,0,0
2389,7.72,80.6,78.2,0,59,54,48,50,59,33,59,61,66,60,69,61,3,62,1,1,0,33,0,1
2390,8.01,88.4,95.7,1,73,67,68,51,69,51,72,66,73,50,61,50,0,0,1,2,26,0,0,1
2391,7.11,77.3,68.2,0,65,52,64,47,52,53,72,65,57,74,69,64,0,0,1,2,33,13,31,0
2392,8.58,95.9,90.5,1,67,46,47,55,60,50,62,62,69,70,53,51,0,0,0,0,35,0,0,1
2393,7.8,84.9,74.9,1,73,60,63,71,71,58,61,70,67,61,68,54,2,65,1,2,0,0,0,0
2394,7.43,76.4,76.9,2,68,57,65,66,59,51,62,60,66,53,45,62,0,0,0,0,0,0,0,0
2395,7.94,75.3,73.0,1,72,67,68,65,64,66,52,62,70,64,61,56,0,0,0,0,44,0,50,1
2396,6.58,85.0,76.6,1,66,52,64,52,57,48,69,64,61,43,55,58,0,0,0,2,0,46,0,0
2397,6.92,73.9,71.6,0,64,66,71,54,62,51,73,73,70,64,64,50,0,0,0,2,14,30,24,0
2398,7.25,85.6,84.0,0,59,54,60,56,63,51,53,63,62,58,58,54,1,49,0,0,0,15,0,0
2399,7.05,79.6,77.6,2,55,45,65,52,48,47,63,67,62,66,67,63,0,0,0,1,10,0,45,0
2400,8.58,81.1,81.3,0,64,61,51,50,56,52,51,56,61,83,58,64,0,0,1,2,27,0,0,0
2401,7.19,90.1,71.5,0,74,61,68,64,62,61,74,63,69,69,62,65,0,0,1,1,24,0,0,1
2402,8.27,90.1,83.3,0,78,78,74,72,71,66,79,73,79,61,53,51,0,0,0,2,0,0,0,1
2403,6.28,67.3,69.2,1,66,44,72,60,56,50,67,70,75,72,61,60,0,0,0,1,0,70,37,0
2404,8.45,92.0,93.0,1,68,42,65,60,66,57,65,75,63,62,68,69,0,0,0,0,0,0,49,1
2405,8.68,88.7,84.6,3,59,37,58,50,57,39,74,63,63,58,53,53,0,0,0,0,0,0,0,0
2406,6.8,66.2,73.5,2,48,39,43,45,50,36,62,49,47,82,71,70,0,0,0,2,0,0,85,0
2407,7.96,83.1,85.3,2,64,48,53,41,55,47,67,60,54,64,61,56,0,0,0,0,0,0,10,0
2408,7.18,75.4,71.5,0,54,39,48,45,49,41,50,52,45,62,54,56,4,54,2,1,0,31,0,1
2409,7.64,80.4,79.3,0,55,40,60,51,56,47,59,60,65,43,50,43,0,0,0,0,0,52,17,0
2410,8.18,81.4,79.8,1,60,64,59,58,66,57,62,67,64,70,67,60,0,0,0,1,30,0,0,1
2411,6.05,73.5,73.7,1,76,58,56,63,71,43,56,54,67,59,64,63,0,0,0,2,53,42,0,1
2412,7.16,79.6,75.8,1,72,61,68,65,64,61,71,66,62,63,68,59,0,0,1,0,0,0,33,1
2413,7.08,79.1,68.9,1,71,56,74,64,67,61,63,68,70,66,55,54,0,0,0,2,0,0,0,1
2414,7.05,79.6,71.9,1,80,65,78,82,63,69,63,63,79,54,64,51,0,0,0,0,0,31,0,1
2415,6.63,71.7,76.4,2,51,47,59,40,55,40,66,65,52,57,51,49,0,0,0,3,0,0,0,0
2416,6.76,77.5,80.5,0,70,47,61,57,71,50,61,69,72,62,65,74,0,0,1,0,64,0,0,1
2417,7.21,75.8,77.3,1,67,58,59,57,64,54,63,67,64,51,54,56,3,62,0,2,47,64,0,1
2418,6.91,77.5,64.4,0,66,52,61,55,66,45,57,59,63,79,65,63,0,0,2,3,0,0,0,1
2419,7.91,79.7,87.3,0,59,51,56,47,50,38,59,59,61,53,59,61,0,0,0,1,10,0,0,0
2420,7.66,77.3,77.8,0,60,53,50,51,54,38,45,45,46,42,45,51,0,0,0,2,0,0,0,1
2421,5.47,71.2,72.2,1,60,43,60,56,67,36,58,54,48,52,58,42,0,0,1,2,0,10,0,0
2422,7.37,80.5,67.6,1,60,48,47,53,52,35,50,57,46,49,48,51,3,70,1,0,0,0,16,0
2423,6.35,67.7,73.3,1,53,49,56,55,49,36,64,67,64,44,56,54,1,58,0,0,59,70,0,0
2424,7.39,83.8,78.7,0,65,56,60,53,56,50,64,66,57,51,53,48,0,0,1,2,49,40,0,1
2425,7.96,71.5,86.0,2,55,44,53,55,56,50,62,65,59,68,57,57,3,51,1,0,0,0,0,1
2426,7.94,88.7,90.3,2,58,56,66,58,58,39,79,71,63,74,67,64,1,58,1,0,25,0,57,1
2427,6.56,72.9,70.6,0,65,54,63,60,64,45,75,62,65,64,64,61,1,67,0,1,46,0,32,1
2428,7.46,81.2,83.3,0,68,57,67,65,73,61,59,53,60,76,62,60,0,0,0,0,0,39,85,1
2429,6.55,75.5,72.7,3,59,46,47,54,53,33,57,46,57,60,60,63,0,0,1,1,76,82,0,0
2430,8.28,80.0,66.8,0,73,63,62,72,58,65,68,69,70,51,61,60,1,77,1,2,0,0,0,1
2431,7.57,81.8,87.4,1,53,45,49,41,56,39,60,60,58,79,57,61,0,0,0,2,0,0,44,0
2432,7.34,83.8,68.1,1,73,71,69,68,61,62,63,58,63,70,50,59,2,62,1,0,0,18,60,1
2433,6.93,84.4,85.5,0,72,60,62,62,76,67,61,60,63,45,56,56,0,0,0,1,0,0,0,0
2434,6.77,80.9,75.3,0,77,60,68,58,73,58,72,77,76,54,51,37,4,42,0,1,0,0,0,1
2435,5.84,72.5,75.7,0,66,59,66,70,65,50,67,82,64,50,57,42,0,0,0,0,41,0,0,1
2436,8.08,81.8,76.2,0,69,55,73,69,73,64,73,73,73,60,72,66,1,55,2,2,0,0,0,1
2437,7.45,77.7,78.5,1,73,59,69,72,72,49,74,76,73,61,63,56,0,0,0,2,66,0,0,1
2438,8.72,85.8,72.7,0,60,46,55,50,47,39,66,65,59,57,62,52,0,0,0,1,0,0,19,1
2439,7.66,76.7,74.9,3,83,63,70,77,62,66,73,78,70,67,71,68,0,0,0,0,39,22,0,1
2440,7.21,81.4,75.3,0,68,63,64,51,58,64,80,62,60,59,64,50,0,0,0,1,46,10,0,1
2441,6.77,75.0,69.0,0,64,54,74,57,61,47,69,68,67,55,56,58,0,0,0,1,0,10,0,0
2442,6.71,75.0,77.0,1,63,54,55,54,50,53,77,68,68,60,63,53,0,0,0,3,0,0,37,0
2443,7.21,75.2,75.7,2,65,65,68,54,62,51,65,74,65,74,65,62,1,58,2,3,25,21,85,1
2444,6.79,74.2,73.0,0,74,71,68,52,59,39,55,64,64,70,58,61,0,0,1,1,58,55,0,0
2445,8.38,87.8,83.5,1,69,61,71,62,58,53,69,67,64,58,49,55,0,0,0,1,0,22,0,1
2446,6.83,81.4,77.8,0,67,51,63,65,48,54,68,67,63,60,54,53,2,56,0,2,0,0,0,1
2447,9.48,93.3,88.8,0,58,41,52,52,48,43,74,67,60,49,54,59,0,0,0,3,0,0,0,1
2448,5.73,71.7,71.2,1,54,44,50,44,44,40,53,51,64,69,65,59,0,0,0,2,0,0,0,0
2449,7.74,80.2,80.6,1,77,66,75,66,77,52,73,75,62,57,59,61,0,0,2,3,0,10,0,1
2450,7.31,91.1,92.1,2,79,51,60,62,63,49,68,68,73,56,71,58,2,59,2,1,0,0,0,1
2451,5.8,72.7,65.9,0,64,49,68,58,57,46,78,72,64,56,54,63,1,53,0,0,0,0,31,0
2452,5.78,69.4,67.1,0,69,49,58,55,66,47,65,69,70,65,60,66,2,72,1,2,15,27,0,0
2453,8.37,87.6,80.3,0,64,53,63,58,61,40,77,69,67,61,66,44,0,0,0,1,0,0,0,1
2454,6.99,75.9,69.9,3,85,62,71,80,67,56,72,69,71,48,54,49,4,69,1,2,40,0,29,1
2455,7.45,79.6,82.7,0,64,52,69,55,56,41,68,60,65,75,63,54,0,0,0,1,44,57,57,1
2456,6.58,72.6,72.0,0,80,73,69,63,69,68,60,57,70,50,52,41,1,75,0,1,0,0,0,1
2457,7.74,86.2,75.3,1,68,62,67,59,68,44,64,64,47,58,58,56,2,48,0,0,0,0,0,0
2458,7.43,77.8,76.5,3,58,42,57,47,53,57,47,45,46,57,48,58,0,0,0,1,13,0,0,0
2459,8.47,93.5,85.1,0,73,53,74,67,57,44,56,56,62,50,52,56,0,0,1,1,0,0,0,1
2460,6.81,78.3,74.6,0,67,56,73,51,66,57,66,75,61,61,46,59,0,0,1,0,0,0,0,1
2461,8.33,81.7,83.7,0,54,47,60,52,54,46,61,57,58,46,58,49,0,0,1,0,0,35,0,0
2462,5.95,61.5,67.9,1,72,66,71,72,80,64,58,43,64,58,59,59,0,0,0,1,0,0,0,0
2463,7.15,81.7,69.2,3,55,54,62,56,57,57,75,68,73,70,56,59,1,52,0,0,0,29,58,0
2464,7.02,83.8,70.5,0,73,60,63,60,62,62,74,70,64,60,53,70,0,0,0,2,0,10,0,1
2465,8.42,90.9,94.9,2,69,59,66,63,54,62,83,72,67,62,58,71,0,0,1,0,29,0,0,1
2466,8.89,78.2,87.8,2,77,66,72,68,66,63,73,67,78,63,56,55,0,0,1,2,0,40,0,1
2467,8.81,85.4,90.3,1,63,44,55,46,49,26,67,55,58,56,53,56,0,0,0,0,12,0,0,0
2468,7.2,78.9,78.8,0,66,50,63,49,60,58,81,66,64,72,51,65,0,0,0,0,82,41,0,1
2469,6.68,74.6,76.4,0,64,64,65,66,60,54,67,69,70,61,60,54,2,64,1,0,0,26,0,1
2470,7.42,82.2,79.0,0,58,56,57,47,53,55,65,51,66,65,64,63,0,0,1,0,55,0,0,1
2471,7.7,81.6,71.1,0,61,61,64,64,59,60,67,59,66,75,81,66,0,0,1,0,0,31,43,1
2472,7.47,87.3,88.0,0,57,55,54,59,69,53,65,64,69,54,61,49,0,0,0,0,0,0,0,0
2473,6.29,81.1,70.9,1,69,68,62,58,57,49,56,57,57,59,53,64,2,69,0,1,32,0,0,0
2474,7.76,87.7,81.9,2,58,45,65,57,51,49,70,66,56,57,52,47,0,0,0,0,0,0,0,0
2475,8.51,85.1,83.6,0,76,60,61,65,75,39,63,58,74,67,73,61,0,0,1,2,77,72,0,1
2476,7.94,89.5,77.5,0,71,54,68,65,54,64,66,66,58,50,67,52,4,81,1,1,61,65,0,1
2477,9.15,97.5,90.7,0,61,43,73,60,57,57,70,62,58,73,68,63,0,0,0,2,0,0,78,1
2478,7.54,70.3,88.0,0,56,57,61,59,38,56,69,71,71,75,65,48,0,0,0,2,0,0,0,1
2479,8.86,85.8,79.3,0,55,33,59,39,38,35,68,62,55,58,56,56,4,51,1,0,0,0,0,1
2480,6.72,67.7,70.4,0,65,48,42,61,53,48,64,61,57,60,68,66,1,50,2,0,0,0,58,1
2481,6.71,81.7,78.8,0,72,51,71,68,66,56,68,63,74,58,52,65,0,0,0,2,0,47,0,1
2482,7.12,81.2,80.7,0,64,48,60,59,62,49,67,57,64,69,65,56,0,0,0,3,0,0,0,1
2483,8.25,88.6,85.0,0,74,55,66,67,64,58,64,64,65,56,65,45,0,0,0,0,0,0,0,1
2484,6.33,70.6,68.7,0,96,76,83,78,80,82,62,66,77,59,57,39,0,0,1,0,0,0,0,1
2485,7.89,87.2,74.5,1,71,54,45,57,55,54,56,56,56,56,70,62,0,0,1,0,0,22,0,1
2486,8.01,76.2,78.5,0,65,39,59,53,47,46,57,54,61,48,50,49,1,60,0,0,37,37,0,0
2487,8.07,78.3,79.5,3,73,67,65,66,72,65,67,66,64,57,67,53,3,61,1,0,0,0,0,1
2488,7.04,78.1,83.5,0,58,49,60,53,52,42,58,60,46,50,61,52,0,0,0,0,0,31,0,0
2489,8.16,93.4,84.5,3,75,82,88,81,65,68,67,65,78,63,63,65,0,0,0,2,0,0,0,1
2490,7.24,79.6,72.8,1,46,25,36,28,42,33,63,57,48,72,64,66,0,0,2,2,21,0,0,1
2491,7.68,87.6,79.2,0,63,47,56,60,54,48,65,59,68,70,70,67,4,58,0,2,38,0,0,1
2492,6.35,72.3,69.9,0,60,56,54,61,57,49,62,60,60,72,58,53,0,0,1,0,55,65,0,0
2493,7.39,79.0,76.3,2,43,35,42,37,49,33,55,57,50,63,55,60,0,0,0,1,41,0,0,0
2494,6.74,71.5,76.6,0,55,50,43,57,54,40,70,62,54,66,58,53,0,0,1,0,10,11,0,1
2495,7.43,88.7,86.5,1,56,45,62,53,49,44,74,64,54,58,57,55,2,55,2,0,0,72,0,1
2496,7.7,82.3,80.4,1,75,57,60,61,69,65,66,65,59,66,61,57,0,0,0,2,0,32,0,0
2497,6.53,77.6,75.8,3,67,63,66,68,73,51,68,70,73,56,59,56,0,0,0,0,0,54,0,1
2498,7.66,90.7,80.3,3,63,55,61,56,63,46,65,55,58,50,54,44,0,0,0,0,0,0,0,1
2499,7.74,90.1,77.3,0,74,65,61,69,63,57,68,67,70,85,62,70,2,71,0,2,48,16,0,1
2500,7.74,95.6,88.4,1,40,43,39,42,49,31,63,59,58,55,53,51,0,0,0,0,0,0,0,0
2501,5.24,67.6,62.8,1,75,42,59,60,54,52,50,43,59,52,52,47,0,0,0,1,0,0,0,0
2502,8.24,82.2,84.2,0,55,40,46,55,61,38,54,56,51,48,48,57,0,0,0,3,0,10,0,0
2503,7.02,71.8,75.7,0,71,62,61,68,76,64,64,60,61,72,65,68,3,64,1,3,41,0,0,1
2504,7.68,75.5,84.9,2,61,55,63,49,60,33,69,63,60,76,56,61,1,51,0,2,52,0,0,1
2505,5.75,55.8,63.9,0,60,51,62,53,61,45,63,65,62,62,60,61,0,0,2,2,0,0,18,0
2506,7.5,77.0,75.8,2,64,48,55,59,57,51,60,62,54,52,46,37,0,0,0,3,90,76,12,0
2507,5.85,69.3,69.9,0,51,33,39,39,52,35,67,58,53,56,46,53,2,56,0,3,15,23,0,1
2508,7.69,83.9,83.8,3,68,53,54,54,60,49,53,44,62,63,68,50,1,56,0,1,0,0,0,0
2509,8.3,84.8,90.6,0,73,66,72,77,83,74,65,76,65,71,59,56,2,78,1,3,37,0,45,1
2510,8.36,97.5,76.3,0,52,38,61,50,53,49,66,56,55,70,62,54,1,75,1,0,70,58,0,1
2511,7.92,81.4,68.8,0,73,68,73,65,61,68,81,66,78,67,64,64,0,0,0,1,0,0,69,1
2512,7.59,80.8,73.2,1,66,34,53,58,60,42,59,59,53,78,46,58,2,49,0,0,0,32,60,1
2513,9.48,96.5,95.0,0,69,51,50,49,50,39,65,65,58,37,47,40,0,0,1,1,0,58,0,0
2514,8.17,89.9,81.4,1,77,67,71,68,69,59,76,75,72,68,65,55,0,0,1,0,0,11,0,1
2515,7.9,88.1,79.5,0,67,74,68,75,72,52,56,59,64,53,61,52,0,0,0,0,0,0,0,1
2516,7.33,85.7,85.5,0,72,66,56,69,67,54,64,58,76,68,56,61,1,51,0,1,0,10,41,0
2517,7.99,90.0,84.1,1,79,74,73,72,75,57,59,66,68,55,62,53,2,78,0,1,31,0,0,0
2518,7.19,72.8,65.6,0,66,68,71,68,76,60,65,66,62,60,68,60,0,0,1,1,0,0,35,0
2519,5.06,76.0,68.2,2,65,46,67,50,48,49,74,70,63,64,56,55,2,74,0,2,63,43,0,1
2520,7.02,80.4,73.4,2,53,44,50,31,50,34,68,59,53,58,57,54,0,0,0,1,10,0,0,0
2521,7.11,77.7,71.2,1,57,53,60,57,47,59,59,51,59,61,57,51,0,0,0,3,31,33,10,0
2522,9.02,94.2,94.2,0,57,33,60,46,52,31,66,67,56,63,63,69,1,63,0,1,48,37,50,1
2523,7.77,91.7,78.1,1,60,44,55,55,63,44,61,54,57,75,68,61,0,0,0,0,0,17,0,1
2524,6.96,89.9,81.9,0,60,62,55,54,55,42,68,69,65,62,67,70,0,0,0,2,0,27,49,1
2525,7.39,76.2,79.4,1,66,54,61,59,57,61,68,64,65,63,62,48,2,72,0,1,0,55,35,1
2526,7.07,78.0,74.1,0,72,59,73,66,67,52,71,74,77,48,53,30,0,0,0,0,0,49,0,0
2527,6.55,70.9,61.8,0,82,65,71,65,61,63,67,67,67,63,69,67,3,95,1,2,90,66,0,1
2528,7.1,78.5,72.0,0,55,37,43,47,53,44,57,56,54,64,56,56,0,0,1,1,57,26,0,1
2529,6.76,81.0,78.5,0,65,44,58,49,57,45,76,64,61,37,52,38,0,0,0,0,0,0,0,0
2530,6.77,78.4,72.7,1,46,29,58,44,57,35,68,66,57,67,51,55,1,75,1,0,69,61,38,0
2531,6.55,82.5,79.4,0,59,46,53,43,51,36,67,62,60,61,59,72,3,67,2,0,62,64,53,1
2532,8.31,86.0,86.4,3,59,53,59,43,48,47,65,69,60,61,50,47,0,0,0,1,31,10,29,0
2533,6.22,68.9,78.9,0,87,71,76,77,75,65,72,66,70,50,55,60,1,73,1,0,73,90,0,1
2534,6.63,69.8,71.4,0,78,76,65,71,69,70,56,64,73,70,57,63,1,44,0,0,15,15,62,1
2535,6.73,70.9,69.8,1,70,56,62,58,69,52,68,52,60,66,57,70,0,0,1,1,0,0,40,1
2536,6.56,79.1,75.4,0,58,51,65,51,55,51,67,62,66,49,51,52,0,0,1,0,0,49,0,1
2537,6.9,75.6,73.3,0,57,50,65,55,57,54,74,68,65,63,52,67,0,0,0,3,67,0,0,0
2538,8.33,91.0,87.3,1,72,59,71,72,66,47,74,57,65,58,55,53,0,0,1,1,73,0,0,1
2539,7.57,83.6,80.1,0,64,59,56,58,69,41,62,50,59,70,64,65,3,54,1,0,0,16,0,0
2540,6.18,70.5,70.2,1,63,49,59,59,53,46,70,51,55,64,55,47,3,62,0,2,0,50,28,0
2541,6.66,82.6,69.7,0,63,55,69,63,62,53,71,62,63,55,64,54,0,0,0,2,32,0,0,0
2542,5.94,69.7,68.0,2,53,32,54,40,41,40,64,44,56,67,49,59,0,0,0,2,0,81,0,0
2543,7.01,79.7,74.4,0,63,62,58,54,59,32,69,64,71,60,57,55,0,0,1,2,0,0,0,1
2544,7.22,84.3,73.6,1,51,40,59,47,46,31,62,54,58,76,70,60,0,0,0,0,10,0,0,0
2545,7.36,75.6,70.9,1,67,60,52,58,55,56,62,66,66,57,53,53,0,0,0,1,0,0,0,0
2546,7.44,84.3,85.7,1,67,46,64,61,60,57,62,60,68,64,65,52,0,0,0,3,0,0,0,1
2547,8.0,80.2,78.1,0,70,74,63,60,71,58,52,58,61,58,54,42,3,53,0,0,10,0,0,1
2548,7.92,84.1,75.0,2,46,25,52,34,38,37,75,69,52,55,65,39,0,0,0,0,0,0,0,0
2549,7.67,90.6,71.9,1,65,52,69,68,47,53,62,57,61,58,63,54,0,0,0,1,0,0,0,1
2550,8.16,87.6,81.5,2,76,59,73,60,62,65,75,74,64,63,59,61,0,0,1,3,51,42,0,1
2551,6.58,71.9,62.7,0,48,36,57,44,42,40,65,68,58,52,58,57,0,0,0,0,0,0,0,0
2552,7.78,85.4,72.6,2,60,55,64,54,57,52,62,69,61,78,54,65,0,0,0,0,51,55,28,1
2553,8.09,86.4,74.9,2,54,49,62,59,56,48,78,67,60,74,66,60,0,0,0,0,0,34,40,0
2554,6.44,77.7,74.4,1,63,51,61,61,58,46,75,66,64,62,66,74,0,0,1,2,11,0,0,1
2555,7.18,84.9,76.3,1,57,47,70,52,51,51,78,58,71,64,63,48,0,0,0,3,0,0,47,1
2556,7.39,88.1,81.8,0,69,57,56,63,56,53,59,56,62,74,67,66,0,0,0,0,14,0,0,1
2557,8.19,88.4,80.6,0,56,43,45,52,51,39,54,58,57,55,55,55,0,0,0,0,0,0,0,1
2558,7.0,72.1,76.6,2,58,57,45,54,52,47,52,49,64,60,62,66,0,0,0,0,0,0,0,0
2559,5.85,71.6,60.5,0,68,69,48,57,64,59,58,63,65,58,63,52,0,0,1,2,0,0,0,1
2560,5.44,74.1,55.8,1,70,74,63,63,58,50,66,64,63,72,58,55,1,62,0,2,0,0,0,1
2561,9.63,94.7,88.3,0,57,51,59,59,74,62,70,67,59,73,60,60,0,0,1,0,51,0,0,1
2562,6.69,76.5,66.7,0,71,56,61,54,69,50,63,70,68,56,59,47,0,0,0,3,53,61,0,0
2563,7.51,80.2,75.6,1,62,60,62,56,62,56,74,67,67,69,65,59,1,47,1,2,38,26,65,1
2564,8.32,87.7,81.1,1,70,70,74,59,68,51,69,75,72,64,66,49,0,0,0,1,0,11,0,0
2565,6.2,76.4,74.0,1,66,58,60,59,70,50,76,63,75,84,63,66,0,0,1,2,0,0,74,1
2566,8.96,94.5,85.0,1,58,36,60,50,57,49,67,56,60,62,60,59,0,0,0,0,0,31,0,0
2567,9.6,95.2,94.1,0,73,57,61,58,56,62,54,49,66,42,52,45,0,0,0,0,0,0,0,0
2568,6.68,79.0,61.1,2,51,43,41,35,32,37,53,51,49,52,46,46,0,0,0,0,28,0,0,0
2569,7.29,81.1,74.4,0,71,63,67,63,61,62,77,74,77,65,67,62,0,0,1,3,0,10,0,0
2570,6.26,75.7,71.2,0,81,73,79,65,87,63,61,60,70,62,68,65,0,0,0,0,56,0,0,0
2571,7.49,84.4,74.1,0,60,74,69,61,63,35,67,77,66,65,65,54,0,0,1,2,87,74,60,0
2572,6.83,71.3,73.7,0,75,61,76,75,76,66,81,73,75,55,64,44,0,0,0,0,0,0,0,1
2573,8.74,81.6,82.7,0,68,63,61,62,74,43,58,59,68,65,57,59,0,0,0,1,0,0,0,1
2574,9.59,99.0,90.7,0,67,56,54,53,67,61,48,46,60,69,57,47,0,0,0,0,0,31,22,1
2575,6.11,73.4,71.0,0,68,65,64,63,73,50,58,69,68,62,60,44,0,0,0,2,10,10,0,1
2576,8.89,83.2,87.5,2,68,56,63,69,61,38,61,63,69,52,56,58,0,0,1,0,22,38,0,1
2577,7.42,84.9,89.9,1,79,59,66,69,72,54,84,70,72,58,65,58,0,0,0,2,34,27,0,1
2578,8.24,76.5,77.4,1,51,40,41,49,46,38,75,54,62,52,56,56,0,0,0,3,0,0,0,0
2579,7.16,88.2,81.4,0,58,67,59,53,58,37,70,62,64,54,50,50,0,0,0,2,32,0,0,1
2580,7.3,82.4,83.1,1,62,55,70,62,65,53,70,73,72,66,61,61,0,0,0,0,0,0,0,0
2581,7.33,82.7,76.7,2,72,65,69,71,73,53,75,76,71,59,65,48,2,52,1,0,24,0,10,1
2582,8.37,86.2,82.6,1,64,61,62,70,63,48,69,73,71,63,62,61,0,0,0,2,0,0,0,1
2583,7.39,92.7,82.6,3,64,51,64,53,73,50,61,66,66,77,70,71,0,0,0,0,30,0,71,0
2584,6.09,70.1,53.7,2,63,56,68,51,57,40,72,55,69,42,43,52,0,0,1,0,0,10,0,0
2585,6.37,73.6,72.5,2,58,58,57,56,62,43,55,49,52,68,55,57,0,0,0,1,0,0,0,0
2586,7.25,87.1,88.0,0,80,78,78,81,68,65,62,73,78,73,77,68,0,0,0,1,0,0,0,1
2587,7.31,82.5,68.6,2,60,58,55,61,53,45,55,52,55,49,43,43,0,0,0,0,27,0,0,0
2588,6.6,73.2,72.0,2,73,63,62,58,61,53,68,62,58,71,67,73,3,82,1,0,62,63,62,1
2589,8.69,89.8,87.4,1,63,55,69,61,59,47,52,53,61,67,65,62,0,0,0,2,0,0,0,0
2590,7.45,84.0,87.3,0,80,71,65,67,76,69,58,69,60,68,64,51,0,0,0,0,0,0,44,1
2591,9.35,99.0,96.0,2,66,57,67,54,55,46,53,64,52,48,64,47,4,74,0,1,66,56,0,1
2592,6.26,74.8,73.5,0,64,53,61,54,72,45,56,55,71,44,42,47,0,0,0,0,0,0,0,1
2593,6.73,78.9,72.4,3,72,47,63,54,61,40,51,60,59,58,62,63,0,0,0,3,0,17,0,0
2594,5.78,69.5,68.7,1,67,65,52,54,59,48,63,60,51,65,63,58,0,0,0,2,0,36,37,0
2595,5.67,66.7,62.4,0,64,53,55,58,52,36,45,51,56,44,51,48,0,0,2,1,0,0,17,0
2596,7.61,76.1,80.5,2,62,54,58,55,64,55,49,59,53,54,55,44,0,0,0,1,18,0,0,0
2597,8.02,92.9,71.3,1,61,56,68,59,52,61,77,70,71,54,55,54,0,0,2,2,12,48,0,1
2598,7.77,78.9,76.9,0,70,57,70,57,63,50,72,67,63,66,51,53,2,75,0,0,58,58,22,1
2599,7.95,87.3,86.2,0,70,56,66,65,61,42,60,65,67,55,59,31,0,0,0,1,0,0,41,1
2600,7.22,70.8,68.5,0,62,52,66,54,64,34,71,71,68,47,60,49,0,0,1,1,28,17,0,1
2601,6.91,79.9,85.0,3,56,47,45,43,44,49,58,58,59,60,60,58,0,0,1,0,0,0,29,0
2602,6.73,86.4,71.9,1,68,57,64,58,64,60,62,66,67,64,68,57,0,0,0,1,41,46,52,1
2603,7.56,85.4,79.6,0,77,56,69,66,66,65,62,64,69,60,66,55,1,57,1,2,84,0,0,1
2604,6.68,81.1,74.3,0,50,54,57,37,40,38,68,54,57,66,52,54,3,58,0,0,41,20,28,1
2605,7.12,79.9,73.7,0,77,64,73,58,59,66,68,59,69,52,61,57,0,0,0,2,0,0,13,1
2606,5.14,68.0,73.0,0,75,57,66,67,64,48,71,64,67,69,63,64,1,51,0,0,55,73,0,1
2607,7.54,79.8,78.6,2,79,72,77,72,79,57,64,73,84,61,76,55,0,0,0,0,0,0,0,0
2608,7.29,86.3,82.2,0,71,58,74,66,64,64,68,65,68,66,64,51,0,0,1,2,19,0,35,0
2609,7.8,86.3,85.6,0,66,66,59,60,62,66,52,70,53,69,65,62,0,0,0,1,35,0,0,1
2610,7.25,89.9,86.2,1,60,43,53,52,61,50,66,61,60,59,51,52,1,62,1,3,55,37,0,0
2611,6.87,78.8,71.5,0,48,40,49,50,47,34,65,58,48,44,47,49,0,0,0,0,28,0,0,0
2612,6.64,79.2,67.4,0,69,57,61,61,72,64,64,66,55,63,62,60,3,57,0,1,53,0,0,1
2613,6.85,70.4,79.6,1,65,63,66,53,49,60,65,51,68,62,55,69,2,67,2,1,0,55,0,1
2614,8.23,84.8,77.3,0,56,51,54,45,39,52,63,48,55,68,62,53,0,0,1,0,0,0,0,0
2615,7.94,83.5,79.0,0,69,63,66,73,69,60,68,61,75,57,61,47,3,54,1,0,0,17,0,1
2616,9.49,99.0,95.2,1,69,38,61,63,52,43,64,61,65,47,62,53,0,0,0,0,0,0,0,1
2617,7.49,82.7,82.9,0,73,60,71,71,67,50,68,76,70,61,59,38,0,0,0,0,0,77,27,1
2618,6.78,80.7,67.1,1,65,62,61,49,67,40,62,61,62,64,65,48,0,0,0,0,10,0,0,1
2619,8.41,81.4,76.6,0,68,61,63,67,69,52,69,62,73,66,49,65,2,78,1,0,22,0,0,1
2620,8.83,95.9,94.7,0,52,48,60,46,54,41,57,49,50,50,48,48,0,0,0,2,0,43,0,0
2621,5.31,66.2,62.7,0,49,41,49,47,56,39,52,61,51,42,47,39,0,0,0,0,0,0,0,0
2622,6.92,83.0,74.6,0,66,61,66,57,59,62,68,63,76,69,59,46,3,57,1,0,0,0,0,1
2623,7.53,82.0,74.7,2,79,61,84,72,60,56,67,74,74,55,56,47,1,74,1,1,57,52,0,1
2624,8.64,88.0,85.4,0,58,46,50,55,58,60,74,65,54,53,66,54,0,0,1,0,43,42,35,0
2625,6.16,69.3,68.7,2,70,57,63,68,62,40,68,61,63,61,65,51,0,0,1,1,66,0,0,1
2626,7.88,88.2,94.2,0,61,44,63,48,64,41,66,58,57,72,59,58,0,0,0,0,36,0,0,0
2627,6.48,65.4,67.5,3,75,68,73,61,68,61,73,66,69,54,63,52,3,51,0,0,0,0,0,0
2628,7.28,80.8,80.6,1,64,55,55,62,54,53,58,64,65,45,53,60,3,43,1,3,23,0,0,0
2629,7.38,81.5,71.5,0,49,44,45,39,38,28,59,58,41,69,57,76,2,46,1,0,0,25,0,1
2630,7.86,82.7,73.6,0,66,64,72,55,54,48,63,65,68,78,66,54,0,0,0,2,0,32,0,1
2631,6.33,69.4,68.4,0,66,45,57,46,59,58,68,57,65,53,60,53,0,0,0,2,0,0,20,0
2632,6.11,75.1,72.4,2,69,68,61,69,67,63,58,60,64,60,67,60,0,0,0,0,0,0,0,0
2633,7.41,83.5,78.3,0,59,52,53,48,56,52,67,77,67,67,61,60,4,48,0,3,37,0,0,1
2634,7.44,74.3,71.7,0,65,53,63,61,57,41,77,71,70,60,60,49,0,0,2,0,37,0,27,1
2635,7.35,75.4,78.8,0,58,40,54,37,37,27,64,48,52,67,50,60,3,74,1,1,42,21,30,0
2636,7.34,81.8,81.0,1,79,78,83,75,74,71,68,70,75,57,64,54,0,0,1,0,0,15,0,1
2637,7.73,88.7,78.8,1,60,58,62,63,59,53,74,67,57,64,56,53,2,55,0,0,23,10,25,1
2638,8.25,85.0,85.0,0,58,53,54,50,52,45,72,68,65,72,54,60,1,41,0,0,0,0,0,1
2639,7.04,75.1,66.5,2,70,49,71,55,55,49,68,66,65,46,57,51,0,0,0,1,13,0,0,0
2640,9.41,89.2,85.9,1,67,62,56,54,66,51,66,59,63,54,57,47,1,67,2,3,0,43,0,1
2641,6.63,79.7,78.3,0,55,41,51,45,59,19,55,52,48,78,66,70,1,75,1,1,65,54,85,0
2642,8.09,87.3,83.0,3,62,44,57,53,68,61,65,68,60,50,49,46,0,0,0,1,0,0,0,1
2643,7.73,86.2,75.2,1,54,64,54,50,58,50,72,66,60,54,50,48,0,0,0,0,29,0,0,1
2644,8.71,89.4,81.3,1,44,32,45,45,54,36,56,53,53,60,56,55,0,0,0,2,0,73,44,1
2645,8.11,93.1,85.0,2,67,63,62,65,62,52,66,57,62,57,72,60,0,0,0,0,36,0,0,1
2646,7.47,84.6,80.4,0,56,44,63,52,63,62,64,68,67,75,66,56,1,42,1,2,0,0,0,1
2647,8.66,89.7,90.3,0,62,40,54,44,52,51,69,62,56,32,54,46,0,0,0,2,25,0,0,0
2648,6.57,70.4,68.0,0,73,52,69,58,53,43,68,64,65,59,59,39,2,53,1,0,0,0,0,0
2649,6.55,69.2,68.4,0,47,41,51,46,43,40,66,55,52,63,52,53,0,0,0,2,0,18,0,0
2650,7.2,82.1,73.1,0,62,48,67,53,55,38,70,70,64,63,65,56,0,0,0,0,0,0,41,1
2651,6.58,79.9,77.6,0,78,55,78,63,61,45,70,76,80,54,59,52,2,48,0,0,10,21,0,1
2652,6.82,82.7,85.8,0,60,43,53,58,56,51,56,64,63,63,65,59,4,43,1,2,10,0,0,1
2653,7.58,86.5,88.2,1,55,52,47,43,52,40,58,60,58,72,67,66,0,0,0,0,28,39,0,1
2654,6.85,72.7,64.6,0,68,57,70,66,61,63,68,78,75,64,71,65,0,0,0,0,59,0,69,1
2655,7.03,81.6,75.4,1,61,56,67,49,61,40,56,61,55,62,58,60,1,30,2,2,17,0,0,1
2656,6.9,75.8,92.0,2,67,68,71,62,64,42,68,71,69,57,60,60,0,0,1,2,0,0,0,1
2657,6.44,71.4,70.3,3,69,48,53,60,52,43,48,57,50,72,66,59,0,0,0,0,47,36,0,0
2658,6.01,72.5,62.6,1,43,31,46,39,46,38,46,47,45,63,57,53,1,40,2,0,0,0,0,1
2659,7.47,79.6,71.6,0,69,56,62,46,67,57,59,63,63,43,54,46,1,60,1,2,20,0,0,0
2660,7.66,82.5,86.8,1,68,55,62,59,65,51,59,52,64,57,61,64,1,83,1,0,0,70,0,1
2661,7.26,79.6,76.7,2,51,45,62,47,47,56,62,62,57,87,65,71,0,0,2,1,0,0,81,1
2662,7.5,87.8,80.0,0,73,62,66,61,69,54,69,61,72,76,59,57,0,0,0,1,0,25,36,1
2663,6.08,71.3,71.7,0,57,51,54,51,56,46,52,52,60,50,61,56,0,0,0,0,0,0,0,0
2664,6.49,74.9,80.4,3,52,50,60,43,53,48,62,50,53,59,59,54,0,0,1,3,0,32,0,0
2665,5.66,67.8,68.0,2,47,36,55,49,47,56,54,54,44,69,60,54,0,0,1,0,42,31,33,0
2666,8.17,87.3,86.7,1,83,68,77,81,65,73,67,73,84,51,55,50,0,0,0,3,0,0,0,1
2667,8.85,91.9,88.0,1,76,60,62,70,55,54,65,67,68,66,67,71,0,0,0,0,0,0,0,1
2668,8.02,80.2,83.6,1,53,27,54,34,42,30,71,72,56,52,48,49,0,0,0,0,0,0,0,0
2669,6.24,78.4,70.6,0,64,44,56,49,56,47,60,61,53,40,48,42,0,0,0,2,0,0,0,0
2670,7.81,83.0,81.5,0,74,55,70,55,67,50,63,68,72,64,61,47,0,0,0,1,0,0,0,1
2671,9.04,90.4,94.5,0,79,66,77,71,60,66,67,62,78,55,54,63,0,0,0,1,0,11,31,1
2672,6.73,76.8,76.2,3,81,75,75,68,75,64,56,65,75,83,65,61,0,0,1,1,0,13,55,1
2673,7.04,76.2,81.1,1,75,66,66,72,68,63,65,62,76,61,68,46,0,0,2,0,0,40,40,0
2674,7.4,83.3,75.0,0,73,65,68,57,63,57,67,60,61,66,62,58,0,0,0,1,36,0,43,0
2675,7.46,85.5,76.2,0,74,58,67,66,63,49,78,69,69,75,70,67,0,0,0,2,0,0,80,0
2676,9.06,92.6,95.5,0,66,65,61,58,66,53,62,55,67,72,70,47,0,0,0,1,0,0,51,1
2677,7.14,78.9,75.8,0,69,61,77,70,62,42,65,65,69,59,57,51,0,0,1,3,32,0,0,1
2678,7.09,76.5,74.5,0,59,50,63,52,71,59,59,60,65,68,67,52,3,73,1,0,0,44,0,1
2679,7.07,72.3,74.9,1,66,67,53,58,54,52,54,68,52,70,64,66,2,49,0,0,0,19,0,0
2680,8.8,83.5,87.1,1,62,49,67,64,63,48,51,52,63,57,58,51,0,0,0,2,0,0,10,0
2681,8.51,80.0,74.2,1,72,53,62,59,67,53,77,73,69,57,58,59,0,0,0,0,10,0,0,1
2682,6.58,71.5,70.1,0,54,55,62,47,52,52,63,72,60,51,49,62,3,64,2,2,0,49,0,0
2683,8.8,93.1,93.8,1,70,63,64,66,62,52,46,54,55,54,62,51,2,49,0,1,0,51,21,1
2684,5.62,57.7,65.5,2,72,51,69,65,72,40,67,70,76,47,45,55,2,51,0,1,0,0,0,0
2685,6.14,81.8,78.4,0,72,60,59,63,62,54,65,72,67,67,68,68,3,89,1,0,43,43,39,1
2686,7.54,83.9,81.8,0,74,67,62,60,69,64,63,63,68,58,64,67,0,0,0,0,28,0,0,1
2687,7.8,81.3,85.2,1,66,55,67,57,66,56,68,71,72,68,62,57,0,0,0,1,60,45,33,1
2688,7.91,77.4,79.5,1,68,57,77,56,64,49,74,77,68,66,62,49,0,0,0,0,14,0,56,0
2689,6.63,81.4,79.8,2,59,54,50,55,56,49,69,64,54,57,59,57,4,71,0,0,74,70,0,1
2690,6.94,82.9,75.1,1,76,67,78,71,69,65,57,66,74,70,61,64,1,67,0,0,0,0,46,0
2691,6.3,74.7,65.2,1,69,56,67,60,70,51,75,63,70,59,55,50,1,73,0,0,81,74,0,1
2692,7.08,84.6,87.9,0,58,60,45,52,58,50,48,46,60,74,67,63,0,0,1,0,29,35,0,1
2693,6.23,77.4,71.9,0,61,49,74,47,60,41,73,79,68,69,60,58,0,0,0,1,41,45,0,1
2694,8.14,77.3,75.5,0,60,47,60,56,62,50,66,61,59,39,58,51,0,0,0,0,41,44,0,1
2695,8.41,83.5,85.2,2,62,46,70,65,61,45,65,63,70,63,67,62,0,0,0,0,0,0,0,0
2696,6.16,78.9,66.7,0,77,65,60,65,67,53,61,62,60,58,70,65,3,64,0,1,41,22,46,1
2697,6.76,72.6,73.2,0,67,53,53,54,58,40,48,60,52,67,64,59,0,0,0,0,0,10,0,1
2698,7.41,84.6,82.2,0,67,50,63,66,74,49,66,71,64,65,60,57,0,0,0,1,0,37,0,0
2699,7.0,82.7,74.2,1,72,70,69,70,72,57,74,74,78,60,51,55,0,0,0,1,0,0,10,1
2700,7.63,82.0,77.2,0,76,62,74,65,74,51,71,61,56,52,62,53,0,0,0,0,0,13,0,0
2701,8.16,85.9,80.6,1,84,79,81,78,75,74,64,77,83,51,77,51,0,0,0,0,39,23,0,1
2702,6.88,72.8,69.7,0,60,56,61,53,51,40,56,59,63,40,49,43,0,0,1,1,0,0,0,0
2703,6.72,76.6,70.7,1,76,63,61,74,71,60,56,61,71,48,62,55,0,0,1,0,16,0,0,0
2704,7.47,86.0,85.4,0,79,78,71,64,73,61,59,62,62,80,70,66,1,79,0,0,0,82,59,1
2705,8.22,78.8,80.0,3,65,55,58,54,54,29,63,66,58,71,61,49,1,55,0,0,30,0,40,0
2706,8.76,85.1,88.0,0,78,54,67,76,75,50,60,61,68,61,62,47,0,0,0,0,16,0,0,0
2707,7.8,86.4,85.7,1,62,53,67,57,57,48,74,59,70,43,57,52,0,0,1,3,38,0,0,1
2708,6.89,78.8,76.7,2,71,55,57,59,55,52,63,72,65,68,61,63,0,0,1,3,0,0,54,0
2709,7.81,79.5,78.6,1,56,44,53,55,57,51,50,43,61,49,56,56,2,48,0,2,63,26,0,0
2710,7.87,81.9,73.3,1,75,52,64,61,62,47,77,65,72,50,50,47,2,42,0,3,0,0,0,0
2711,7.81,83.0,78.9,0,64,49,59,48,56,51,63,62,66,61,62,63,1,59,0,1,0,25,45,1
2712,7.19,74.6,73.2,3,70,60,78,63,73,51,70,73,71,64,69,68,1,52,2,1,0,0,43,1
2713,8.01,81.3,81.5,0,52,54,56,44,62,40,58,55,56,49,58,47,0,0,0,0,0,0,0,0
2714,7.15,84.9,81.7,0,65,56,56,50,70,57,72,67,69,69,59,62,1,59,0,0,0,0,0,1
2715,7.61,84.9,79.2,0,52,45,61,52,55,38,67,67,69,60,54,49,2,49,0,3,10,0,0,0
2716,9.21,90.3,89.5,0,66,52,66,53,65,61,64,57,61,43,50,45,2,72,1,1,0,20,0,1
2717,7.54,77.6,80.0,2,76,60,66,64,71,62,74,64,62,46,50,47,0,0,1,0,39,62,0,1
2718,8.27,85.3,77.5,0,56,51,62,59,61,54,59,58,53,67,51,47,0,0,0,1,41,0,0,0
2719,6.65,74.8,72.8,0,86,88,77,84,76,62,70,76,80,62,68,58,0,0,0,0,0,0,27,1
2720,6.87,77.1,80.3,0,52,42,50,51,56,32,59,57,62,82,66,73,0,0,1,0,0,31,85,1
2721,8.69,87.6,88.2,0,70,56,58,62,63,49,64,64,64,66,65,59,0,0,1,0,0,0,0,1
2722,6.7,80.9,73.6,0,67,54,59,63,61,54,45,56,51,63,56,57,1,64,1,2,0,33,0,1
2723,6.36,71.6,70.3,2,57,63,56,57,55,44,61,71,59,75,68,69,0,0,2,0,0,65,0,1
2724,7.64,86.9,80.9,1,75,63,71,53,66,49,79,75,71,56,57,51,0,0,0,2,10,0,0,1
2725,7.86,85.3,82.3,2,85,62,76,71,76,65,63,58,66,57,64,43,3,69,1,2,51,42,0,1
2726,7.11,82.1,76.4,0,65,35,75,65,63,47,85,76,69,67,63,58,4,55,0,1,0,30,55,1
2727,7.29,75.3,72.0,0,58,57,60,60,50,39,65,49,63,46,45,48,1,61,1,0,0,0,0,0
2728,6.94,87.3,71.5,2,46,46,48,47,56,47,56,55,50,71,60,57,0,0,0,2,0,21,55,0
2729,6.62,80.9,82.7,0,63,54,68,67,61,46,79,75,69,73,55,66,0,0,0,0,50,0,0,1
2730,7.95,89.3,81.3,0,64,59,69,62,58,52,73,69,75,59,49,55,1,62,0,0,0,10,0,1
2731,7.92,80.0,84.5,0,72,59,58,64,62,49,59,62,66,77,61,66,4,63,1,0,0,0,44,1
2732,6.63,83.3,80.6,2,60,64,69,54,60,46,55,58,59,63,61,54,1,71,0,1,0,0,29,0
2733,6.42,68.8,72.5,0,65,52,50,52,62,54,56,64,65,65,60,58,0,0,0,0,0,10,0,0
2734,7.5,79.5,73.9,0,67,64,77,52,53,43,78,72,74,63,75,79,2,83,0,1,57,88,0,1
2735,6.48,75.9,75.4,1,78,62,76,67,72,64,76,76,64,52,50,47,1,56,0,0,0,0,0,1
2736,6.36,68.5,64.6,1,76,55,64,65,65,53,67,61,66,60,62,59,0,0,1,1,57,39,0,1
2737,7.44,83.7,78.4,3,57,47,61,45,58,50,59,62,59,78,60,60,0,0,2,3,0,17,0,1
2738,7.29,77.4,70.2,3,62,44,46,47,43,25,49,48,56,58,50,47,1,34,0,0,0,0,0,0
2739,6.64,77.1,67.6,0,70,53,66,58,62,62,68,60,62,61,55,51,2,61,0,2,0,0,0,1
2740,8.19,87.9,87.7,0,64,45,55,56,72,49,55,45,55,54,56,56,4,71,1,1,59,48,0,1
2741,6.93,79.1,72.0,1,73,67,63,66,73,59,53,62,74,64,73,62,0,0,0,0,0,0,0,1
2742,8.51,91.3,82.3,3,57,55,67,62,67,47,63,71,64,55,63,55,0,0,0,0,0,44,0,1
2743,8.43,97.6,87.0,0,66,48,46,47,51,38,56,58,67,48,51,53,0,0,0,0,0,0,0,1
2744,7.4,78.4,77.8,0,74,58,65,71,74,65,58,56,63,70,68,66,1,53,0,1,19,10,0,1
2745,7.84,76.2,72.3,0,64,60,62,61,62,48,62,68,62,57,58,59,1,61,2,0,32,0,0,1
2746,8.13,91.1,89.2,0,54,49,65,60,45,48,61,67,62,57,50,48,0,0,0,3,0,0,0,0
2747,7.21,87.9,79.7,0,52,58,55,54,70,57,60,64,60,63,57,62,0,0,1,0,44,0,0,1
2748,6.96,71.4,69.5,0,78,53,58,77,63,45,57,64,76,57,53,38,0,0,0,0,0,0,28,0
2749,6.51,76.1,74.8,0,67,50,67,52,61,43,70,62,67,54,66,60,2,43,0,0,0,0,73,1
2750,7.45,76.3,76.5,2,68,52,56,59,76,60,71,68,69,73,61,70,0,0,1,0,0,43,54,1
2751,7.76,90.7,85.6,2,67,66,64,59,58,55,63,67,74,70,68,49,0,0,0,2,0,45,0,1
2752,6.24,82.2,66.7,2,54,47,58,54,48,31,64,58,55,40,50,51,0,0,1,3,50,0,0,1
2753,6.18,72.9,78.8,0,50,41,52,49,57,33,54,52,56,53,49,44,0,0,0,2,23,0,0,0
2754,8.18,91.9,90.3,3,59,43,55,55,52,46,59,58,63,63,56,55,0,0,0,0,14,0,57,0
2755,7.12,72.5,78.6,0,62,56,62,48,49,51,63,64,57,55,55,64,0,0,1,0,26,25,0,1
2756,5.57,54.7,59.6,0,61,51,63,53,50,50,60,54,61,67,57,53,4,59,0,0,28,12,44,1
2757,6.67,74.1,75.1,2,77,70,78,83,68,71,67,69,81,56,52,42,1,66,0,3,0,0,23,1
2758,8.23,83.5,76.6,0,76,63,65,58,64,38,67,67,77,66,51,52,1,63,1,0,23,11,0,0
2759,8.5,83.5,88.3,0,65,57,53,48,60,59,58,57,56,50,55,47,0,0,1,1,0,0,0,0
2760,7.76,85.5,88.0,0,70,55,67,59,60,43,74,75,67,53,57,46,3,68,0,0,84,0,0,1
2761,8.45,89.5,86.4,1,75,44,71,64,63,53,63,70,59,62,58,54,1,62,0,1,36,44,0,1
2762,8.77,88.0,88.0,0,47,34,64,49,45,23,77,74,56,54,55,54,0,0,0,0,0,0,0,0
2763,8.49,86.6,83.2,0,67,56,61,64,57,46,64,72,64,42,48,41,1,65,1,1,0,0,0,0
2764,7.99,79.2,80.1,0,75,70,69,64,74,59,59,70,71,64,59,48,0,0,1,1,0,43,13,1
2765,8.3,97.1,97.2,0,55,44,63,53,49,54,60,56,49,87,80,64,0,0,2,1,23,0,79,0
2766,8.11,89.7,86.0,0,60,58,68,51,57,40,61,62,57,43,57,48,3,70,1,0,61,0,0,1
2767,7.59,79.1,76.8,2,71,59,69,69,77,64,65,69,75,59,65,48,2,61,1,0,18,0,0,1
2768,6.36,76.0,64.2,3,62,47,50,50,68,55,53,54,60,65,46,57,0,0,1,0,0,0,37,0
2769,8.03,89.9,82.3,2,53,41,57,47,55,42,56,55,60,50,62,55,3,42,1,1,0,0,14,1
2770,8.65,85.3,88.6,0,70,64,72,52,62,56,78,64,74,63,57,59,0,0,0,3,54,45,0,1
2771,7.32,87.4,85.9,0,80,67,80,63,66,64,83,79,61,71,66,66,1,67,0,0,17,0,62,1
2772,7.67,78.9,75.2,0,53,41,62,47,56,42,71,61,60,64,53,62,0,0,0,0,0,0,62,1
2773,7.66,80.9,75.1,2,68,51,62,50,58,52,64,65,62,78,65,57,1,74,0,3,0,0,68,1
2774,7.71,88.2,86.0,2,74,64,71,81,70,72,66,70,60,62,66,61,0,0,1,1,28,0,0,1
2775,6.58,66.8,75.9,0,52,39,55,44,51,40,63,56,58,53,45,56,1,56,1,0,71,60,0,1
2776,7.76,88.5,84.0,0,47,42,58,49,45,36,66,61,60,61,68,61,0,0,0,0,0,0,0,1
2777,6.31,71.1,62.4,3,81,65,72,75,84,69,59,71,69,65,66,71,0,0,0,0,74,77,66,1
2778,7.34,85.5,85.4,1,72,52,56,60,54,33,56,64,55,61,59,49,0,0,2,1,0,0,44,1
2779,7.46,72.5,75.5,0,62,53,65,50,58,43,74,72,63,53,50,53,0,0,0,3,35,0,0,1
2780,6.25,71.7,69.5,0,67,64,55,56,56,43,79,76,75,52,60,55,0,0,1,0,0,0,0,0
2781,8.2,80.4,92.5,1,83,71,64,82,74,80,54,65,59,67,66,60,0,0,1,0,0,56,0,1
2782,8.57,90.9,85.2,1,56,62,56,58,58,47,60,53,58,83,61,72,1,72,0,1,43,0,77,1
2783,6.21,80.0,66.6,0,66,46,64,45,59,49,77,69,69,49,56,55,0,0,1,2,0,0,0,0
2784,6.06,75.5,73.9,1,79,72,80,79,78,61,62,66,75,56,69,57,3,70,0,0,0,0,0,1
2785,7.14,81.5,72.8,0,61,54,59,56,59,51,74,64,67,64,58,58,0,0,0,0,0,59,0,1
2786,8.2,85.4,78.7,0,68,55,66,66,54,53,66,71,70,58,50,61,1,57,1,1,0,0,0,1
2787,7.34,72.6,72.2,0,63,46,54,64,53,51,64,59,63,68,56,59,0,0,1,1,0,47,43,1
2788,8.78,82.3,84.1,0,73,60,55,67,69,66,57,65,58,61,56,55,0,0,0,2,0,22,0,0
2789,6.85,70.7,70.8,0,76,53,70,60,77,65,71,64,70,83,64,60,0,0,1,0,0,37,0,1
2790,6.82,72.4,67.7,3,66,61,68,64,56,39,67,55,63,73,69,78,0,0,2,1,0,0,0,0
2791,6.21,72.0,65.5,1,64,49,60,57,58,64,57,57,60,57,51,56,0,0,0,0,10,0,10,0
2792,7.18,77.0,77.2,0,66,51,76,59,72,54,60,61,56,80,72,65,1,64,0,0,50,0,85,1
2793,8.28,78.2,84.7,0,74,63,69,81,63,70,67,64,66,45,52,51,0,0,0,0,0,0,0,1
2794,7.78,71.1,72.6,0,60,60,54,51,63,51,62,66,58,63,48,45,0,0,1,2,0,33,0,1
2795,6.52,74.2,70.3,1,62,56,56,49,58,52,58,53,61,81,63,72,0,0,2,1,50,53,71,0
2796,7.61,87.4,79.4,2,76,72,72,61,58,60,61,73,64,63,50,54,2,68,1,2,19,56,32,1
2797,8.24,89.8,90.1,1,55,48,58,50,61,51,62,56,61,78,71,56,0,0,0,0,0,37,33,1
2798,9.07,93.5,85.9,0,76,66,62,70,70,51,63,62,73,49,52,33,4,43,0,1,0,0,0,1
2799,8.42,87.1,82.3,0,44,38,60,53,43,36,73,63,57,61,56,64,0,0,1,1,0,10,34,0
2800,7.57,81.0,79.5,0,57,36,45,41,37,55,52,50,43,60,55,61,1,45,2,0,0,0,0,0
2801,7.01,70.5,66.8,2,80,52,65,66,60,61,69,65,70,42,51,45,0,0,0,1,47,55,0,1
2802,7.06,83.9,74.4,0,57,41,56,56,45,45,74,74,62,63,58,63,0,0,0,3,46,42,0,1
2803,7.86,90.4,79.2,3,81,62,78,68,63,63,69,70,66,53,52,49,0,0,0,0,0,0,0,0
2804,7.76,89.8,71.9,1,70,56,69,70,70,57,65,64,75,31,45,34,0,0,0,0,0,0,0,0
2805,7.03,74.2,68.1,1,54,52,53,45,62,47,50,46,54,82,70,60,0,0,1,1,0,0,85,0
2806,7.53,74.0,73.8,0,78,60,68,76,66,62,70,70,71,60,57,64,3,73,0,1,84,76,0,1
2807,7.23,74.9,78.1,1,58,51,46,52,52,61,56,59,54,70,64,54,0,0,0,2,0,10,0,1
2808,7.2,74.8,77.1,0,60,59,60,56,51,41,51,69,57,67,67,55,0,0,0,1,0,0,0,0
2809,8.04,96.4,78.1,0,57,56,40,46,69,54,55,62,50,54,57,57,3,65,0,3,42,34,0,1
2810,6.65,75.7,71.0,0,66,59,58,61,58,45,68,61,62,45,60,41,2,71,0,0,0,65,10,1
2811,7.86,86.5,77.1,1,66,61,65,50,69,36,80,65,67,61,65,50,1,51,0,0,0,0,0,1
2812,7.87,89.0,84.4,1,59,52,57,46,55,38,61,59,56,72,71,58,1,54,1,1,0,0,0,1
2813,6.45,79.9,70.5,0,64,50,59,54,59,46,69,68,71,70,63,71,0,0,0,1,0,0,0,1
2814,8.26,80.2,85.5,0,73,65,57,64,56,55,49,62,55,57,62,67,1,66,0,2,0,0,0,1
2815,7.53,80.6,76.7,0,46,40,55,57,47,50,69,63,61,53,48,57,1,62,1,3,42,0,0,1
2816,7.85,82.6,84.2,1,73,59,68,58,61,52,68,73,65,63,54,51,2,81,1,2,0,51,0,1
2817,8.41,97.6,83.8,1,64,61,68,60,54,46,72,68,74,59,69,59,0,0,0,0,0,0,22,1
2818,6.77,70.9,66.1,0,59,61,61,57,57,54,59,58,52,66,61,59,0,0,0,2,0,0,0,1
2819,7.33,83.4,69.5,2,68,59,68,61,59,59,67,65,61,60,68,55,1,55,0,0,0,0,45,1
2820,7.53,81.4,76.4,0,66,55,67,51,55,43,75,73,70,78,70,63,0,0,0,2,0,0,75,1
2821,8.24,81.2,89.2,3,77,57,58,67,52,60,56,60,67,72,66,61,0,0,0,0,48,36,53,1
2822,5.8,77.5,67.5,3,75,70,64,64,71,63,58,55,72,41,53,51,0,0,0,1,37,0,0,0
2823,9.3,98.1,98.0,3,68,52,66,59,65,55,66,67,72,49,51,50,0,0,0,2,0,68,0,1
2824,6.61,76.3,81.6,0,68,57,67,65,67,55,70,61,76,81,64,52,0,0,0,1,46,0,0,1
2825,7.34,71.3,72.7,0,67,57,71,51,64,47,66,60,76,67,56,60,4,70,0,2,0,0,0,1
2826,7.21,77.8,79.2,0,61,56,62,63,59,45,54,54,62,62,63,52,0,0,0,0,0,0,0,0
2827,7.34,87.5,76.2,0,81,59,64,68,68,60,57,74,71,65,61,50,1,68,0,0,0,0,0,0
2828,5.54,70.1,62.1,1,47,34,52,49,54,37,49,49,50,53,50,56,0,0,1,0,0,25,0,0
2829,7.79,89.7,88.6,0,73,61,65,61,74,60,62,65,69,79,77,62,0,0,0,0,38,34,0,1
2830,6.35,75.5,71.3,1,75,56,67,72,69,58,42,52,57,49,59,64,0,0,0,0,77,75,0,1
2831,6.57,63.5,69.6,1,67,56,53,50,59,53,58,69,72,69,57,55,0,0,1,0,10,0,0,0
2832,7.26,73.7,73.6,1,76,68,66,73,68,55,60,59,69,69,54,60,0,0,0,1,50,35,0,1
2833,4.74,71.4,64.1,0,67,65,66,57,58,65,70,63,69,56,58,50,0,0,0,1,49,39,0,1
2834,6.26,75.2,65.3,0,72,44,67,61,69,59,68,58,70,68,63,59,1,72,0,3,59,0,0,1
2835,8.63,93.5,87.5,0,80,68,71,71,82,57,63,75,60,66,61,60,1,67,0,0,0,0,0,1
2836,7.06,82.8,83.6,2,62,51,63,57,54,55,74,72,70,76,71,66,0,0,1,1,0,19,82,0
2837,7.75,90.0,81.2,0,76,67,72,75,69,66,68,66,80,67,65,74,2,87,1,2,0,0,0,1
2838,7.02,77.0,70.2,0,63,62,63,58,56,54,73,72,61,50,52,46,2,58,0,1,0,15,0,0
2839,7.05,79.2,74.9,1,70,48,58,53,58,52,44,56,53,53,51,42,0,0,0,0,0,0,0,0
2840,7.13,85.5,75.4,1,51,51,52,44,44,43,70,58,53,63,60,70,2,59,2,0,0,0,0,1
2841,7.58,81.1,80.2,0,56,48,58,48,61,43,51,57,69,69,56,64,1,78,1,1,0,56,0,1
2842,7.72,82.7,80.1,0,52,40,51,55,46,26,66,59,55,70,65,57,0,0,1,2,0,0,68,0
2843,7.51,80.2,75.3,1,71,64,73,66,67,54,70,64,61,45,56,51,1,66,1,1,0,42,0,1
2844,6.26,74.0,70.2,0,72,67,68,64,68,45,68,63,72,66,55,72,0,0,0,0,0,10,0,1
2845,7.56,69.2,82.1,1,71,61,54,61,61,58,56,67,64,63,51,53,0,0,0,0,0,0,0,0
2846,7.93,91.4,90.5,2,57,44,63,68,62,52,71,61,74,53,55,52,2,72,1,0,0,0,30,1
2847,6.77,75.4,70.4,3,64,67,63,60,54,50,60,55,62,41,41,50,0,0,0,3,23,25,0,0
2848,7.52,78.9,71.4,1,59,53,72,55,56,48,66,64,67,65,59,59,3,72,2,1,43,0,38,1
2849,6.28,69.7,77.9,2,64,60,53,59,59,38,47,49,51,51,49,46,0,0,0,2,0,20,0,0
2850,8.26,88.9,86.5,3,55,47,60,55,53,43,55,50,56,76,61,61,0,0,0,2,0,0,60,0
2851,6.66,75.8,64.6,2,79,52,61,64,67,60,57,68,64,54,65,58,0,0,0,1,39,19,0,1
2852,7.47,86.4,74.7,0,55,46,64,49,56,48,65,65,63,70,67,61,0,0,0,1,0,0,0,1
2853,6.13,69.9,59.8,1,64,48,50,47,50,41,59,52,64,57,62,57,0,0,0,2,17,0,0,0
2854,7.41,85.0,76.7,0,70,57,56,54,61,40,52,64,61,61,64,56,3,67,0,1,36,0,0,1
2855,7.95,83.2,80.8,0,67,43,70,57,61,44,70,66,69,67,67,56,0,0,0,0,0,0,0,0
2856,8.14,87.3,81.8,1,75,61,70,80,72,51,59,69,69,48,63,54,0,0,0,2,0,0,0,1
2857,8.52,88.3,86.6,0,63,56,62,67,65,63,67,61,73,68,61,48,2,61,0,2,0,0,0,1
2858,8.24,89.5,85.0,2,69,61,59,61,60,55,70,72,57,53,55,57,1,54,2,2,34,0,0,1
2859,6.91,77.0,66.7,1,62,70,70,60,73,59,79,74,75,64,58,49,0,0,1,0,0,37,18,1
2860,7.36,72.6,75.5,0,65,60,75,71,72,57,65,54,67,80,67,66,0,0,0,0,0,0,52,1
2861,6.12,66.6,69.6,1,69,55,56,60,59,35,55,64,59,58,59,63,0,0,1,0,0,0,52,0
2862,7.23,79.7,67.2,0,54,48,52,48,57,42,77,67,75,69,61,59,0,0,0,0,0,0,0,0
2863,7.34,86.7,76.4,3,48,43,56,41,40,35,80,55,53,77,53,68,0,0,0,2,10,0,0,0
2864,6.6,79.2,67.0,1,80,71,76,80,71,60,72,59,63,56,62,46,0,0,0,2,0,0,0,0
2865,6.83,78.9,70.1,0,54,48,52,55,44,32,51,45,54,64,66,64,1,61,0,0,0,0,0,0
2866,7.23,75.3,76.6,2,81,63,74,66,60,55,78,70,78,37,50,49,0,0,1,0,25,0,0,0
2867,9.02,79.9,90.2,2,53,48,59,43,59,46,59,69,60,70,67,65,1,93,1,0,85,70,74,1
2868,7.63,77.8,89.8,1,56,48,50,49,53,50,59,55,60,55,51,50,0,0,0,0,37,50,0,0
2869,6.12,77.8,73.2,2,67,56,66,60,67,43,62,67,62,66,66,54,0,0,0,0,0,0,55,0
2870,8.32,91.2,85.8,0,79,62,72,62,60,65,67,70,62,66,67,57,0,0,1,2,39,0,0,1
2871,6.64,76.2,63.8,1,67,65,75,58,68,55,76,66,75,56,55,53,0,0,0,0,0,70,0,1
2872,7.22,87.2,81.3,1,60,43,55,59,68,55,59,64,60,70,57,70,0,0,0,1,57,0,0,1
2873,6.52,74.5,76.4,1,58,47,55,58,55,56,72,54,61,45,56,49,1,43,0,1,25,0,0,1
2874,6.98,80.3,77.5,0,57,45,57,47,50,43,75,70,64,66,60,57,0,0,0,2,0,20,0,1
2875,7.3,79.0,74.5,0,54,49,60,54,41,51,77,63,61,59,62,61,0,0,0,3,54,51,0,0
2876,6.5,70.8,66.6,0,48,36,43,41,60,53,52,57,51,58,57,62,0,0,0,2,0,0,26,0
2877,7.76,84.4,84.3,2,62,57,53,50,55,38,57,56,53,88,67,66,0,0,2,0,0,30,74,1
2878,7.92,91.0,81.6,1,63,62,68,67,56,60,73,71,67,39,53,44,0,0,0,2,42,0,0,1
2879,8.09,88.2,75.3,0,64,50,69,46,62,50,65,70,55,72,61,56,0,0,0,0,0,0,0,1
2880,8.51,89.4,90.0,0,63,43,45,54,60,46,71,60,61,51,53,43,0,0,1,3,38,28,0,0
2881,7.01,75.8,84.2,1,56,47,59,56,66,48,78,66,58,50,56,53,0,0,0,2,67,67,0,1
2882,7.37,77.2,76.3,0,68,60,50,66,73,63,48,60,61,50,51,41,0,0,0,1,10,0,0,0
2883,9.13,95.1,83.0,0,59,44,52,58,53,29,63,65,58,61,49,48,0,0,2,1,10,10,0,1
2884,6.53,69.8,72.2,0,71,61,64,64,61,50,55,64,64,55,53,41,2,66,1,0,0,0,12,1
2885,6.94,87.6,76.6,0,72,59,67,67,61,51,61,65,62,47,55,57,3,48,0,1,0,0,0,0
2886,8.66,89.8,89.3,0,64,45,67,48,55,46,68,73,55,59,54,52,0,0,0,0,10,0,0,1
2887,8.29,89.9,83.7,0,62,51,59,56,56,45,67,55,54,55,55,50,0,0,0,3,0,0,0,0
2888,6.81,77.4,81.5,0,72,52,66,62,60,55,65,69,60,60,60,40,1,56,0,1,13,19,0,1
2889,7.67,84.9,89.6,0,75,58,84,68,63,54,73,70,71,67,67,56,0,0,0,1,0,0,0,1
2890,7.61,82.4,83.7,1,65,44,60,51,58,38,63,66,58,62,64,59,3,44,1,0,0,0,34,1
2891,7.36,80.8,69.1,1,69,58,61,66,65,59,63,58,54,69,67,61,0,0,1,1,0,0,63,1
2892,6.71,73.7,74.4,0,72,62,58,64,61,46,74,62,65,54,51,66,0,0,1,0,57,32,0,0
2893,8.12,86.4,83.6,0,75,67,69,66,77,65,63,55,51,60,66,59,0,0,0,0,0,0,35,1
2894,8.7,79.1,84.1,1,65,44,65,54,72,44,75,58,64,70,69,70,0,0,0,2,0,0,39,1
2895,8.75,92.7,82.5,0,59,51,59,62,52,47,68,59,59,71,60,62,0,0,0,3,0,0,54,1
2896,6.55,77.6,73.0,0,46,46,46,48,56,47,59,57,63,59,52,57,0,0,1,0,0,0,0,0
2897,7.86,78.3,77.6,0,69,51,63,52,70,41,65,65,68,64,68,50,0,0,1,1,0,0,0,1
2898,6.7,77.4,80.5,1,67,53,57,65,53,53,66,65,52,54,50,59,0,0,1,2,36,52,10,1
2899,7.51,81.4,75.8,0,63,48,64,52,60,52,66,51,57,65,61,64,0,0,0,2,10,0,36,0
2900,8.12,79.3,90.4,2,57,55,57,41,49,41,57,59,55,61,64,50,1,78,1,3,78,67,0,1
2901,8.44,92.0,98.0,0,52,49,57,40,58,52,75,76,64,55,57,62,0,0,0,3,0,0,0,1
2902,7.24,85.9,75.4,0,67,59,77,63,76,45,60,63,67,68,67,55,1,67,0,0,0,56,0,1
2903,7.15,75.7,67.9,0,77,72,64,63,70,55,59,55,72,63,62,64,2,68,0,2,0,37,0,1
2904,6.25,81.6,66.1,0,59,64,66,61,60,47,57,66,65,82,71,66,0,0,0,0,32,34,77,1
2905,6.84,71.0,76.1,1,50,51,65,50,52,47,69,56,61,55,50,54,0,0,0,1,77,64,0,1
2906,6.88,75.8,79.8,0,72,64,76,63,63,70,70,75,66,74,65,69,4,68,2,0,65,0,71,1
2907,7.19,79.5,75.7,0,81,63,76,72,74,61,76,67,69,62,66,69,0,0,0,3,0,0,51,1
2908,8.46,89.3,79.8,1,71,47,61,57,64,51,53,56,57,63,54,63,0,0,0,0,21,0,0,0
2909,5.84,58.1,71.9,2,83,88,67,69,65,66,65,63,87,57,55,51,3,61,0,1,0,0,0,0
2910,8.0,85.9,81.1,0,57,43,60,42,44,39,59,59,56,65,58,56,1,71,1,2,0,37,0,1
2911,8.14,88.3,88.1,1,56,47,56,53,45,38,59,53,51,68,59,60,0,0,0,2,47,0,0,1
2912,9.38,97.7,94.5,0,65,51,54,49,47,44,56,61,68,58,50,48,0,0,0,3,15,0,0,0
2913,7.09,79.5,86.2,0,64,59,60,53,54,43,64,61,55,58,66,59,0,0,0,2,0,10,54,1
2914,7.1,76.0,68.7,0,70,64,62,69,57,55,55,62,66,52,56,41,1,55,0,2,70,0,0,1
2915,7.38,78.3,76.3,1,72,58,57,52,57,58,55,69,69,70,58,69,0,0,2,2,0,78,0,1
2916,7.14,72.4,74.2,1,75,68,73,80,79,67,72,85,84,68,47,69,0,0,0,0,0,0,23,1
2917,7.28,85.7,76.4,0,64,71,67,59,66,65,64,67,64,60,56,54,0,0,0,3,0,0,0,1
2918,6.74,71.6,67.5,0,86,72,71,72,81,71,60,64,74,71,66,63,2,72,1,2,34,46,0,1
2919,7.11,77.6,75.3,0,76,63,65,62,66,65,74,62,72,59,52,63,0,0,0,1,38,0,0,1
2920,6.93,71.1,80.2,0,66,50,59,62,62,58,66,64,70,60,63,67,0,0,0,1,0,10,32,1
2921,6.48,79.8,78.8,0,50,22,64,42,53,36,84,64,66,64,59,62,2,56,1,1,0,38,43,1
2922,8.33,79.4,79.9,0,65,54,52,62,61,59,46,51,63,51,60,48,1,68,0,2,58,81,0,1
2923,6.74,76.0,67.0,1,76,68,68,73,64,63,70,66,68,52,56,56,0,0,0,1,11,0,0,1
2924,5.8,73.7,70.0,3,60,54,47,39,54,39,59,53,41,57,61,57,3,43,0,1,0,0,0,0
2925,7.73,86.3,85.5,2,52,58,67,49,62,40,68,61,66,76,58,48,0,0,0,1,0,0,0,0
2926,6.58,71.9,68.5,3,70,60,70,70,59,51,63,68,73,55,52,49,1,71,0,1,0,0,0,0
2927,7.03,83.6,87.9,2,71,51,68,60,72,63,64,68,63,58,61,60,0,0,0,0,40,0,0,1
2928,8.12,87.5,85.3,1,68,61,70,66,70,56,66,67,72,47,56,54,0,0,1,2,0,0,0,1
2929,7.4,69.6,81.6,1,62,66,63,70,65,44,67,67,62,56,53,50,0,0,0,1,0,0,22,1
2930,7.83,85.6,81.1,0,63,55,73,49,62,43,68,67,79,67,59,52,1,46,1,1,0,0,0,1
2931,8.28,85.8,82.4,3,69,67,72,62,69,56,86,69,72,56,54,47,0,0,1,1,11,0,0,0
2932,8.42,93.0,76.5,0,68,53,66,67,67,35,72,57,67,70,71,50,2,63,0,2,0,17,0,1
2933,7.57,85.1,79.1,3,76,79,71,69,67,67,66,74,68,67,64,67,0,0,0,1,0,10,28,1
2934,6.95,82.5,85.4,2,69,57,64,49,47,50,62,56,62,79,61,56,0,0,0,0,0,0,0,0
2935,7.31,81.7,76.6,0,73,59,57,63,54,60,57,61,66,61,54,53,0,0,1,1,0,59,0,1
2936,7.86,81.2,78.8,2,83,73,66,72,74,72,53,58,69,66,54,64,1,75,0,0,0,0,38,1
2937,6.78,67.9,80.0,0,60,49,54,54,54,54,59,53,56,69,57,55,3,69,2,1,0,53,0,1
2938,8.42,78.2,80.3,2,68,41,70,47,55,50,65,70,60,67,54,63,0,0,0,1,0,0,0,1
2939,7.18,79.7,71.5,1,73,62,78,58,59,55,78,71,71,63,61,66,0,0,0,1,0,0,0,1
2940,7.3,80.2,76.5,0,54,55,66,65,65,56,66,65,64,56,52,48,0,0,1,1,51,47,28,1
2941,7.83,76.9,82.8,0,59,47,49,50,56,51,58,52,47,65,55,65,1,57,0,0,54,37,0,1
2942,6.93,71.1,68.2,1,75,62,64,73,67,63,74,73,80,60,66,64,3,71,1,3,0,61,34,1
2943,6.52,80.8,73.6,0,62,57,67,50,76,49,70,72,60,66,60,53,1,65,1,0,41,25,0,1
2944,8.23,91.5,86.4,0,67,61,59,64,53,46,65,70,67,58,59,48,0,0,0,1,0,0,32,1
2945,7.25,87.0,76.7,0,61,34,48,53,47,26,64,54,58,71,66,57,0,0,1,1,19,29,0,1
2946,7.33,87.4,85.9,0,76,52,53,60,70,48,51,60,62,52,63,53,0,0,0,2,0,0,0,0
2947,7.31,78.3,68.8,0,60,45,48,55,51,45,60,57,67,69,66,60,3,44,1,1,0,0,0,0
2948,7.05,80.9,72.9,0,66,68,73,62,70,56,75,57,61,56,60,54,0,0,0,2,51,0,42,0
2949,7.09,80.2,71.2,0,68,70,63,61,69,50,75,76,78,64,65,52,1,63,0,0,0,37,0,0
2950,5.71,68.3,68.1,0,70,62,61,59,67,58,48,58,62,55,57,55,0,0,0,3,61,71,10,1
2951,6.03,73.7,68.1,0,55,49,47,47,45,44,53,60,57,68,66,62,2,46,0,0,0,48,0,1
2952,7.6,84.8,84.4,1,73,62,66,73,72,64,68,61,72,55,73,53,1,85,1,2,73,62,0,1
2953,6.84,80.4,79.9,0,65,56,61,61,71,60,55,59,67,63,56,58,0,0,1,2,0,0,0,1
2954,6.1,62.2,50.1,0,63,47,49,52,58,47,61,62,50,73,52,59,0,0,0,3,37,17,48,0
2955,7.63,87.3,85.1,0,71,45,61,62,63,37,67,74,77,59,57,58,1,76,1,2,56,0,0,1
2956,6.91,82.8,78.3,1,66,59,72,57,65,47,73,62,62,52,60,49,0,0,0,2,0,37,0,1
2957,7.74,78.0,77.0,1,76,53,67,63,63,46,55,56,67,67,62,63,0,0,2,1,0,0,25,1
2958,8.48,95.7,82.8,0,68,52,70,65,60,45,83,70,69,52,56,58,0,0,2,1,0,0,0,1
2959,6.33,76.8,74.3,3,65,66,67,66,56,54,74,69,72,58,67,59,0,0,1,1,90,82,0,1
2960,7.92,85.0,84.7,0,63,45,57,52,53,52,56,63,67,55,62,58,2,39,0,1,0,16,0,1
2961,8.66,91.9,82.6,0,73,51,60,49,53,43,60,60,52,62,59,62,0,0,0,1,0,38,0,1
2962,7.78,87.4,86.7,1,74,61,65,69,75,54,69,58,69,54,51,52,0,0,1,2,0,0,0,1
2963,8.31,89.1,92.2,1,71,55,59,56,64,56,70,58,70,57,55,60,0,0,0,1,0,0,0,1
2964,7.26,86.1,80.2,2,66,55,64,50,51,36,63,59,57,61,61,54,0,0,0,3,0,0,0,1
2965,7.58,86.8,85.9,2,57,49,57,52,51,35,70,71,55,70,54,70,0,0,0,2,0,0,0,0
2966,7.0,82.3,78.3,0,78,68,78,65,72,58,75,75,73,57,58,56,2,61,0,0,0,10,0,1
2967,6.55,87.1,75.5,0,67,63,63,56,59,67,68,66,65,79,65,72,0,0,0,0,27,16,0,1
2968,7.74,89.5,87.2,1,56,44,56,49,49,41,67,56,57,64,62,56,0,0,0,0,20,0,0,1
2969,6.52,74.4,70.0,0,51,40,54,37,51,43,74,63,60,44,68,51,0,0,0,1,0,0,28,0
2970,8.13,87.0,89.6,3,66,55,65,63,58,66,71,76,69,61,61,57,0,0,0,1,0,0,52,1
2971,6.85,88.1,75.8,1,78,61,66,70,65,69,77,84,71,52,61,50,1,66,0,1,51,42,0,1
2972,7.52,73.5,71.6,0,62,46,70,60,59,43,66,77,68,69,67,59,0,0,0,1,42,0,0,0
2973,7.62,75.8,80.3,0,57,50,51,51,65,54,65,56,64,50,61,61,0,0,1,1,45,0,21,0
2974,8.0,78.4,71.0,1,62,53,54,49,59,36,56,58,52,74,71,61,0,0,0,1,0,0,63,1
2975,8.86,85.9,89.3,0,49,42,54,51,47,39,64,61,51,68,60,68,3,46,2,3,10,0,0,0
2976,8.29,80.6,81.4,0,76,52,68,68,73,64,64,72,68,49,60,74,1,62,0,0,0,0,0,0
2977,7.25,82.2,68.6,0,60,37,64,54,68,43,65,56,48,48,51,36,1,57,1,0,28,0,0,0
2978,6.92,76.6,69.3,0,47,43,48,39,48,25,50,60,54,52,45,52,0,0,1,0,0,0,0,0
2979,7.36,77.6,80.8,0,69,60,75,53,70,71,69,66,68,57,64,42,4,82,1,0,83,0,0,1
2980,6.81,86.4,78.3,3,66,69,63,56,64,51,74,80,70,72,60,57,0,0,1,2,53,82,52,0
2981,6.24,73.9,67.9,0,61,65,62,65,69,49,51,62,67,52,68,56,4,63,0,1,0,0,47,1
2982,8.59,96.4,77.7,1,63,59,65,69,76,60,60,59,56,72,65,59,4,71,1,1,0,35,0,1
2983,7.11,71.1,75.1,0,49,49,49,38,44,53,61,42,50,70,59,53,0,0,0,2,0,10,0,0
2984,6.0,70.1,65.9,2,63,50,52,52,58,48,63,62,49,59,52,57,0,0,1,0,0,20,0,0
2985,7.78,88.3,94.3,0,51,45,55,53,46,30,79,69,74,52,60,61,0,0,0,0,17,32,0,1
2986,7.84,88.7,81.7,0,63,44,67,54,64,46,66,61,71,54,58,52,4,60,0,0,23,64,10,1
2987,7.65,81.1,74.6,0,67,47,59,64,47,52,61,56,60,58,69,50,0,0,1,2,0,0,59,1
2988,7.8,76.8,81.3,0,75,59,60,52,65,54,74,66,75,69,68,54,0,0,1,2,0,11,0,1
2989,7.01,70.4,70.5,0,71,67,73,56,59,62,60,60,82,69,59,55,0,0,0,1,0,10,0,1
2990,7.46,86.3,72.4,0,62,54,58,58,54,43,63,64,51,74,58,64,0,0,0,1,0,35,52,1
2991,7.58,88.9,74.1,1,80,75,74,80,75,72,69,70,78,67,68,43,1,45,1,0,0,10,0,1
2992,6.09,73.3,71.6,0,52,50,71,46,55,40,78,72,70,82,57,75,0,0,0,0,29,0,73,1
2993,8.47,83.2,84.8,0,54,45,61,38,64,43,80,67,70,52,53,49,0,0,1,1,75,62,0,1
2994,8.88,85.4,84.4,0,67,62,71,44,53,49,69,69,58,61,55,51,0,0,0,1,0,10,31,1
2995,7.64,84.0,68.6,0,70,50,70,58,66,42,67,64,56,62,53,60,0,0,0,3,48,37,44,1
2996,5.76,76.8,66.7,2,62,41,61,48,52,39,75,54,62,56,53,55,1,55,0,2,0,38,0,1
2997,7.93,84.6,77.8,1,77,58,69,80,74,60,81,82,84,48,64,43,0,0,0,0,31,22,0,1
2998,6.28,82.6,81.5,1,71,52,47,57,68,60,61,56,62,60,64,63,1,71,1,1,0,50,0,1
2999,8.97,89.0,88.2,0,57,50,60,47,54,42,62,64,58,60,52,61,0,0,0,0,14,10,0,0
3000,9.38,98.4,98.0,0,60,52,68,59,60,51,53,53,62,62,53,38,0,0,1,1,33,0,0,1
3001,6.94,71.8,71.9,0,68,46,74,61,76,45,60,55,64,46,52,41,1,62,0,0,0,46,0,1
3002,7.22,79.5,81.4,1,77,70,74,76,78,60,74,72,71,64,61,63,0,0,2,0,0,0,0,1
3003,6.85,73.0,72.3,0,57,46,58,40,48,42,52,47,54,42,38,53,0,0,0,1,0,0,0,0
3004,6.41,71.6,76.3,1,69,66,61,64,63,55,64,67,66,43,65,45,0,0,1,0,0,0,0,0
3005,8.23,86.0,90.6,0,70,60,72,64,71,61,60,72,71,68,59,68,0,0,1,0,18,40,0,1
3006,5.75,77.9,64.0,0,78,70,71,65,59,63,68,62,73,82,66,61,0,0,0,0,0,0,72,1
3007,7.64,83.6,92.7,1,77,82,67,78,66,64,60,55,75,60,52,56,1,84,0,0,38,35,0,1
3008,7.12,77.4,74.8,0,69,53,72,65,59,56,73,73,71,53,56,54,2,66,2,1,56,37,18,1
3009,7.75,89.1,67.9,0,65,54,65,59,63,46,67,60,68,67,61,58,0,0,0,1,39,39,20,1
3010,6.78,71.5,73.7,0,59,52,68,57,63,52,63,58,67,66,57,63,2,63,0,0,67,32,32,0
3011,7.24,85.5,72.7,3,64,52,80,56,69,38,78,65,70,77,61,64,0,0,1,0,0,48,0,1
3012,7.54,83.7,77.3,1,66,52,63,59,63,52,64,68,60,66,53,73,1,57,0,3,44,19,0,1
3013,6.78,77.8,66.9,0,58,51,61,58,61,50,81,75,65,63,63,64,0,0,1,1,60,65,0,1
3014,8.2,78.7,85.3,0,75,61,70,71,72,46,80,76,81,72,68,57,3,76,1,1,32,35,0,1
3015,8.36,93.1,78.3,0,71,58,64,66,56,48,67,69,74,74,56,61,0,0,1,0,51,32,0,1
3016,7.78,84.7,84.8,1,57,48,62,53,53,44,65,70,65,76,65,62,0,0,2,0,17,14,0,0
3017,6.75,84.0,80.8,0,72,51,57,59,73,67,67,65,67,50,57,57,0,0,1,3,0,49,0,1
3018,8.09,85.3,92.7,0,69,53,69,56,72,57,67,65,67,66,75,53,0,0,0,3,17,10,0,1
3019,7.08,83.7,78.6,3,54,42,59,43,46,45,69,59,57,62,47,61,0,0,1,3,59,0,0,0
3020,8.3,91.6,81.4,2,59,34,42,53,61,43,57,56,61,68,68,55,0,0,0,0,0,42,29,0
3021,9.03,89.4,85.7,0,59,52,65,47,58,47,60,55,65,50,50,37,0,0,0,1,0,0,19,0
3022,6.06,77.3,73.2,1,61,54,61,60,50,48,54,50,58,63,66,54,0,0,0,1,0,0,0,1
3023,8.56,94.7,86.0,0,68,59,62,64,62,52,74,69,76,65,58,53,0,0,1,3,0,0,0,1
3024,6.78,80.0,79.9,1,71,57,60,69,63,54,65,62,64,62,66,57,0,0,0,1,0,0,0,1
3025,7.72,84.5,80.2,1,71,72,64,51,64,56,66,68,67,62,64,58,0,0,0,1,0,0,0,0
3026,7.71,78.7,75.8,1,77,64,75,74,63,75,68,69,78,46,49,58,0,0,0,1,0,0,0,0
3027,8.74,99.0,87.1,1,67,50,51,61,57,59,72,72,66,63,60,60,0,0,1,2,58,0,0,1
3028,7.69,83.5,82.4,0,61,57,67,60,63,46,65,72,65,62,51,47,0,0,1,1,75,0,0,1
3029,8.91,92.1,84.4,0,42,52,45,46,35,32,57,51,39,53,52,36,0,0,0,1,0,10,0,0
3030,8.29,79.7,77.4,2,74,53,61,63,59,54,63,70,54,63,71,59,0,0,0,1,0,0,32,0
3031,9.35,93.4,88.8,0,63,48,58,57,55,44,63,66,52,54,57,54,0,0,0,1,39,0,0,1
3032,6.09,74.8,67.5,1,64,60,70,56,72,43,67,72,72,50,55,44,0,0,0,0,0,0,0,0
3033,6.26,72.2,64.6,3,67,61,58,45,65,49,48,52,62,50,52,64,0,0,1,0,16,0,0,0
3034,6.9,76.0,78.4,0,45,49,58,51,42,44,71,59,57,63,51,62,1,61,0,1,49,0,0,1
3035,6.87,70.7,63.7,0,59,44,52,52,52,52,53,44,56,44,50,49,0,0,1,0,10,10,0,0
3036,5.34,67.3,73.1,1,53,39,56,37,47,34,78,60,57,58,51,58,0,0,0,1,0,0,0,0
3037,7.82,81.3,90.5,0,68,70,83,68,59,46,76,71,83,50,65,54,1,66,0,2,0,27,10,1
3038,7.27,77.7,77.0,0,67,59,59,58,67,52,73,74,73,61,67,57,0,0,1,2,0,29,0,1
3039,7.73,84.8,74.4,0,79,57,67,64,71,59,69,69,67,81,70,65,4,77,0,1,82,90,54,1
3040,5.57,75.3,66.7,1,66,50,59,64,55,54,67,65,67,74,64,65,1,70,1,1,0,40,78,1
3041,6.67,71.3,76.3,0,49,46,52,41,53,42,61,58,50,64,50,60,0,0,1,1,0,0,0,0
3042,6.34,80.2,77.8,1,66,46,62,60,65,52,62,67,55,55,58,46,0,0,0,0,0,10,0,0
3043,7.59,83.1,87.2,1,63,57,59,55,57,50,65,64,53,58,58,49,0,0,0,2,0,23,0,1
3044,6.75,74.3,76.2,3,70,49,69,61,59,52,63,63,74,54,54,55,2,66,0,2,0,0,12,1
3045,7.16,76.0,70.8,1,58,52,48,49,59,41,64,55,65,64,60,49,2,54,0,0,0,19,0,0
3046,6.2,75.1,70.8,0,71,57,60,63,76,49,71,68,71,50,59,53,1,92,1,0,86,69,35,1
3047,8.48,91.6,85.5,0,66,57,61,69,67,65,60,58,69,57,70,60,0,0,0,2,0,44,0,1
3048,6.42,75.8,73.9,0,69,55,68,55,73,52,90,84,81,48,46,46,3,55,0,0,0,0,0,1
3049,8.25,81.4,85.2,1,62,55,46,61,69,56,58,58,64,72,69,59,0,0,0,0,0,80,60,1
3050,7.19,79.5,81.4,0,78,65,70,60,66,53,64,61,57,63,67,57,1,63,2,0,39,0,0,1
3051,6.78,75.1,64.6,3,52,36,50,55,57,41,57,55,56,53,57,60,0,0,0,2,0,0,0,0
3052,7.64,85.0,82.8,1,77,65,64,67,66,53,51,64,59,62,63,56,0,0,2,0,55,55,32,0
3053,7.42,78.8,70.3,0,59,43,60,50,57,46,63,60,55,64,61,62,0,0,0,0,11,18,36,1
3054,7.74,92.6,85.3,0,61,47,59,57,64,51,66,63,68,64,59,63,0,0,1,0,0,0,0,1
3055,7.35,79.6,80.5,2,59,59,68,49,46,43,73,73,61,46,51,48,1,50,0,1,13,0,0,0
3056,7.42,76.9,73.6,1,75,71,66,76,59,56,78,79,79,67,68,51,0,0,0,0,0,47,0,1
3057,7.57,86.5,76.8,1,68,58,67,61,67,55,70,70,68,74,67,62,0,0,0,1,0,0,0,1
3058,7.18,77.2,76.0,0,72,51,58,56,58,45,54,55,61,75,65,65,3,74,0,0,0,50,73,1
3059,6.93,78.1,81.6,1,85,67,75,82,73,74,63,79,74,47,60,52,3,67,0,2,38,0,0,1
3060,5.92,80.3,70.7,0,70,58,76,55,59,34,76,67,68,70,66,50,3,65,0,1,0,64,0,1
3061,8.23,87.5,82.1,1,63,61,59,62,70,57,56,55,58,57,63,54,0,0,0,0,0,32,0,0
3062,7.26,80.1,79.2,0,67,54,59,56,66,46,67,72,65,52,58,54,0,0,0,1,0,24,0,1
3063,7.76,78.0,80.0,1,83,55,85,66,75,58,80,68,80,64,69,51,0,0,0,3,0,0,0,0
3064,7.44,81.9,77.5,1,68,48,61,57,65,59,75,55,61,64,57,64,0,0,0,2,10,10,25,1
3065,7.21,86.5,75.2,2,69,58,59,49,46,59,71,59,57,71,67,67,1,54,0,0,0,0,51,0
3066,6.88,85.1,82.8,2,65,64,57,63,53,49,61,67,65,81,65,61,0,0,0,0,44,0,68,1
3067,7.52,80.4,85.5,0,56,36,69,38,61,45,61,59,50,65,62,52,1,95,2,0,48,0,42,1
3068,8.01,75.9,74.2,0,53,44,63,40,60,35,74,53,63,62,54,56,0,0,0,0,27,0,0,0
3069,7.45,80.4,75.8,0,73,65,69,49,51,47,69,64,58,63,54,58,0,0,1,2,0,36,20,1
3070,7.36,85.4,84.2,1,56,57,59,45,56,35,62,68,50,58,58,53,0,0,0,0,28,0,0,0
3071,6.49,77.2,66.5,2,68,54,52,65,75,55,48,57,56,69,58,64,0,0,2,0,72,90,58,1
3072,6.78,74.6,79.2,0,68,55,67,57,62,57,62,59,57,71,69,65,3,49,1,2,10,0,0,1
3073,7.18,71.8,82.1,0,58,38,51,39,51,38,58,55,52,54,56,51,2,40,0,3,22,10,0,0
3074,6.25,75.2,65.0,0,53,39,57,44,53,38,56,42,57,57,59,59,0,0,1,3,18,0,0,0
3075,7.18,80.3,71.7,3,82,63,69,70,73,57,66,57,73,51,65,44,0,0,0,0,0,0,0,1
3076,7.27,75.9,77.8,2,72,68,68,63,72,50,71,71,69,78,65,75,0,0,0,1,53,28,61,1
3077,6.06,76.3,81.6,1,74,65,61,69,65,59,62,64,56,60,56,51,0,0,0,0,0,59,0,1
3078,6.75,80.7,75.4,1,58,50,54,52,61,43,60,57,64,70,69,72,2,73,0,0,46,27,0,1
3079,7.23,74.3,81.5,2,76,55,71,73,80,66,64,69,73,64,63,54,0,0,1,0,0,0,39,1
3080,9.32,93.1,87.9,0,64,52,61,45,52,46,66,64,63,56,53,56,0,0,0,1,0,0,30,1
3081,7.69,85.8,76.9,1,91,81,81,88,83,87,55,58,75,51,66,38,0,0,1,0,34,49,0,1
3082,6.87,70.7,66.0,0,75,49,70,65,68,59,77,61,65,56,58,57,0,0,1,2,0,44,0,1
3083,6.24,78.0,66.8,1,79,68,72,63,78,70,61,72,72,66,69,60,0,0,1,0,0,0,21,1
3084,7.84,83.8,80.0,0,69,58,61,61,68,59,66,62,73,60,55,48,2,55,0,1,0,57,34,1
3085,6.67,68.1,79.1,0,58,52,58,39,64,38,62,64,63,73,55,55,0,0,0,1,62,63,65,0
3086,7.27,87.6,81.8,0,60,44,47,49,54,32,63,50,52,59,49,44,1,46,0,0,0,0,0,0
3087,7.22,75.1,78.9,2,63,69,58,57,55,61,69,55,57,64,61,48,1,30,0,0,0,0,0,0
3088,8.29,83.1,85.2,0,76,68,68,60,74,65,61,64,67,86,63,70,0,0,0,0,0,0,0,1
3089,7.27,75.0,74.5,0,64,60,61,54,70,45,64,63,65,63,62,57,0,0,0,0,0,21,14,0
3090,6.53,72.0,77.4,1,78,63,78,62,64,58,59,60,66,50,57,57,0,0,0,0,32,0,0,1
3091,8.19,99.0,89.3,0,61,57,63,56,60,58,66,63,64,54,52,51,0,0,0,0,46,58,0,1
3092,9.44,95.9,94.7,0,77,64,61,71,74,41,63,63,63,61,58,56,1,55,0,0,0,10,10,1
3093,8.27,81.1,85.0,0,59,46,65,48,55,34,69,67,55,81,63,71,0,0,0,3,0,13,70,0
3094,6.73,69.4,73.3,1,68,52,59,63,78,52,63,62,59,71,58,56,2,76,0,1,43,32,0,1
3095,5.71,70.9,68.1,0,77,47,58,61,59,55,54,58,67,91,77,75,0,0,0,0,26,41,0,1
3096,6.51,70.2,77.8,3,68,61,65,67,62,56,60,57,64,72,74,70,2,47,0,1,0,0,0,0
3097,9.47,86.4,85.3,0,73,58,73,64,61,52,65,68,71,67,63,46,1,63,0,3,38,40,0,1
3098,7.43,85.7,75.7,0,61,53,62,63,61,51,72,67,67,48,48,59,0,0,0,0,0,0,49,0
3099,7.18,74.6,77.7,0,54,50,45,44,45,52,52,55,43,76,60,56,2,63,0,0,53,60,0,1
3100,7.08,80.3,84.2,1,76,62,70,64,65,62,63,62,64,54,61,49,0,0,0,0,0,0,0,0
3101,7.0,66.9,68.6,0,62,50,54,50,56,57,73,69,62,61,61,54,1,75,1,0,73,54,0,1
3102,9.33,95.1,84.6,3,76,53,63,52,65,60,73,70,65,65,63,57,0,0,1,2,0,90,31,1
3103,7.53,86.4,80.5,2,72,68,64,63,64,68,65,58,64,66,64,66,1,66,0,1,0,24,51,1
3104,7.62,88.2,90.7,1,66,62,69,68,63,56,68,74,58,65,60,70,0,0,0,1,0,24,38,1
3105,7.07,80.8,80.3,2,59,48,57,51,58,42,62,54,53,54,52,61,0,0,0,0,0,0,0,0
3106,7.06,82.1,70.4,0,57,40,51,54,49,47,52,54,51,78,55,64,2,71,2,0,67,0,0,1
3107,7.56,81.2,74.7,0,72,44,52,65,67,50,63,62,65,61,64,55,1,61,1,1,0,0,0,1
3108,7.54,81.5,74.4,3,68,54,53,49,58,65,60,67,62,66,69,58,1,64,0,0,55,35,0,0
3109,7.63,83.9,73.5,0,62,66,70,59,65,59,77,60,63,50,58,56,0,0,0,0,49,31,0,1
3110,9.3,91.0,89.4,0,76,69,77,72,67,58,65,53,66,49,55,54,0,0,0,0,0,16,0,0
3111,7.84,93.3,82.6,0,81,60,65,74,80,66,72,69,75,71,59,53,0,0,0,2,0,10,0,1
3112,9.06,94.4,81.9,0,72,65,72,72,78,53,59,62,70,63,71,69,0,0,0,0,38,34,53,1
3113,8.52,93.6,81.5,3,59,42,62,56,66,55,70,68,64,58,52,44,0,0,1,0,0,0,0,0
3114,8.48,86.7,86.5,1,70,47,56,61,55,65,49,52,63,44,54,54,0,0,0,2,0,0,0,1
3115,5.88,77.1,67.4,1,73,84,67,68,79,62,53,66,69,70,63,62,0,0,1,2,0,75,0,1
3116,6.41,66.5,65.3,1,39,40,55,46,45,42,68,50,43,65,53,46,0,0,1,1,0,0,0,0
3117,8.4,84.8,82.1,1,66,61,70,64,57,45,76,70,72,71,68,63,1,52,2,1,0,0,0,1
3118,8.04,94.0,89.9,0,75,55,70,60,56,42,55,68,72,76,64,60,2,69,0,0,60,0,50,1
3119,7.25,77.3,74.1,0,70,69,75,75,59,50,80,69,66,61,62,52,2,58,1,1,0,0,0,1
3120,7.45,84.2,83.9,0,57,39,47,52,54,46,55,49,49,76,68,61,1,70,1,0,50,55,0,1
3121,8.07,83.3,85.7,1,60,48,49,55,62,48,58,50,56,76,69,59,0,0,0,0,0,10,0,1
3122,7.09,72.4,85.3,0,70,68,67,64,69,58,60,67,64,66,63,65,1,73,1,2,0,0,0,1
3123,7.64,83.3,84.6,3,61,61,63,60,53,52,69,76,61,58,52,59,0,0,0,0,63,0,0,0
3124,7.09,81.2,77.5,2,67,61,70,53,58,44,64,65,70,42,47,53,1,87,0,0,80,60,0,1
3125,6.69,78.5,77.2,0,55,42,40,52,59,35,55,51,52,67,59,66,0,0,0,0,58,34,0,1
3126,8.53,82.5,84.9,0,41,44,54,35,53,38,72,65,63,53,57,42,0,0,0,0,0,0,22,0
3127,8.26,89.0,90.4,0,70,51,58,72,60,44,50,65,55,75,73,56,0,0,1,0,28,52,81,1
3128,8.28,90.9,90.1,0,66,59,63,53,71,57,75,74,76,68,44,45,4,70,0,2,0,0,0,1
3129,7.78,82.8,82.5,0,65,48,50,51,58,55,58,56,58,85,62,75,0,0,0,2,23,13,78,0
3130,8.82,86.6,85.6,1,69,66,60,56,73,56,58,63,61,58,54,55,0,0,1,2,0,0,0,1
3131,7.87,79.1,79.0,0,51,31,57,44,41,41,64,62,55,49,47,42,4,30,0,1,0,0,0,0
3132,7.65,90.8,86.6,1,53,43,48,47,48,43,55,47,54,73,61,61,1,54,1,0,66,0,0,1
3133,6.44,77.9,77.7,0,71,48,64,61,58,59,82,87,67,55,50,51,0,0,1,0,0,27,0,1
3134,8.53,88.2,93.4,0,62,52,60,69,63,52,52,47,44,53,63,45,0,0,0,0,0,0,0,1
3135,6.48,84.3,66.5,0,59,47,56,68,65,44,65,57,56,43,50,44,0,0,0,0,0,0,0,0
3136,6.18,76.4,59.1,1,65,57,51,55,71,37,56,46,53,68,61,64,0,0,1,3,0,0,0,1
3137,6.52,78.9,83.2,0,81,72,86,74,74,81,74,75,74,59,56,48,1,66,2,2,0,21,0,1
3138,7.83,91.7,87.4,1,64,52,71,51,59,61,69,70,64,63,56,57,3,55,1,3,54,35,43,1
3139,9.43,97.3,81.6,3,63,42,59,54,62,58,49,59,74,47,47,39,4,57,0,1,43,23,0,0
3140,8.1,84.8,79.9,1,77,72,58,67,74,69,51,50,67,51,58,61,0,0,0,3,48,0,0,0
3141,7.57,77.5,82.1,0,75,65,73,66,79,68,74,75,72,65,69,59,0,0,0,1,0,0,39,1
3142,6.35,88.2,68.4,0,73,62,62,77,64,60,68,69,82,66,60,65,4,78,1,0,88,60,53,1
3143,5.73,71.5,79.8,0,59,46,50,42,51,37,38,41,48,54,55,34,0,0,0,1,0,54,0,0
3144,6.92,82.5,71.5,0,64,54,60,67,63,45,70,65,55,68,60,58,0,0,0,1,0,0,0,1
3145,7.53,79.2,77.7,0,81,75,66,70,77,62,76,64,68,59,60,60,0,0,0,0,0,86,0,1
3146,8.43,86.5,83.6,0,50,50,50,52,53,39,66,60,47,53,59,54,0,0,0,0,0,0,0,0
3147,6.68,73.1,73.3,2,79,62,82,79,72,61,79,62,82,68,62,65,1,70,1,3,0,50,59,1
3148,6.79,76.6,79.9,1,65,53,67,68,51,47,56,58,55,75,66,61,1,66,1,0,0,45,61,1
3149,6.28,70.3,73.0,2,70,53,50,60,67,64,63,65,60,62,57,57,3,49,0,0,60,0,0,1
3150,6.64,77.1,71.0,3,50,42,52,53,61,50,67,53,57,81,62,68,4,72,1,2,54,81,67,1
3151,6.91,78.5,81.6,2,44,29,51,32,48,30,55,48,58,65,59,51,0,0,2,0,0,37,0,0
3152,7.09,73.7,77.6,0,74,51,75,75,69,53,78,73,77,51,58,44,0,0,0,2,23,0,0,1
3153,7.27,74.3,77.9,1,67,73,60,61,78,57,72,68,78,69,63,62,0,0,0,0,77,21,0,1
3154,6.34,75.6,61.5,0,61,54,54,45,56,36,59,58,57,76,59,58,0,0,1,1,0,42,0,1
3155,7.49,79.1,80.6,2,57,51,55,60,53,35,62,62,60,64,59,53,1,50,0,0,0,0,0,0
3156,7.59,77.7,74.4,0,52,41,61,44,52,31,72,63,57,61,66,50,1,52,1,1,0,28,0,1
3157,7.54,87.0,72.7,1,63,53,51,54,65,38,65,59,62,69,68,67,2,53,0,3,38,0,0,1
3158,5.89,66.7,68.1,0,67,60,61,74,83,58,62,75,64,51,50,49,0,0,0,1,0,0,0,0
3159,6.58,82.9,75.1,2,79,74,67,73,66,72,50,61,72,60,51,54,0,0,0,0,0,0,0,0
3160,7.28,77.3,75.3,0,53,47,60,53,53,38,52,54,56,66,59,57,0,0,0,2,0,0,0,0
3161,6.3,73.9,73.6,0,63,49,54,59,66,42,55,60,56,55,54,54,0,0,0,0,0,0,0,0
3162,7.21,81.5,74.6,0,81,61,64,59,69,41,59,66,68,84,72,64,0,0,1,0,84,57,73,1
3163,7.55,83.7,74.0,0,74,49,65,52,66,43,56,57,63,57,57,39,0,0,0,3,0,0,33,1
3164,6.86,81.3,64.2,0,68,71,75,56,69,61,86,82,69,57,59,53,3,63,0,2,0,44,0,1
3165,5.91,73.1,64.9,2,56,47,50,58,62,46,47,48,49,64,63,39,0,0,0,2,23,0,0,0
3166,6.84,75.2,77.1,2,65,60,71,68,69,62,71,62,69,62,64,64,0,0,0,1,10,0,53,1
3167,8.77,92.9,98.0,0,52,46,52,51,60,45,63,68,61,56,51,63,0,0,1,0,35,0,0,1
3168,8.49,86.4,90.7,1,63,44,53,59,69,37,60,59,54,59,55,61,1,57,2,2,69,0,42,0
3169,7.74,93.7,82.4,0,59,49,63,50,46,43,62,59,48,80,56,69,0,0,0,1,35,11,68,1
3170,5.82,75.5,83.2,0,60,37,53,53,56,34,61,66,61,47,57,50,0,0,0,0,0,0,0,0
3171,6.44,76.3,66.4,0,67,56,63,56,60,41,67,65,61,75,60,60,3,70,0,0,68,0,41,1
3172,7.46,79.1,85.9,1,55,40,56,51,53,33,59,62,57,57,65,67,0,0,0,1,0,0,53,1
3173,8.64,89.7,89.0,0,68,45,68,65,72,46,78,79,67,60,56,64,2,36,0,0,0,0,26,1
3174,7.48,88.0,82.4,0,65,60,63,68,70,41,71,63,71,40,59,56,0,0,2,3,45,26,0,1
3175,6.82,72.4,70.8,1,75,71,63,76,73,59,59,64,70,56,55,41,4,79,2,1,0,0,0,0
3176,7.49,81.2,86.7,2,56,51,70,58,63,58,68,57,60,69,59,63,0,0,1,0,0,0,41,0
3177,5.26,63.6,66.4,0,70,68,70,61,62,53,66,62,78,70,61,51,1,61,1,1,0,0,0,0
3178,7.79,80.3,79.4,1,57,52,56,55,66,48,61,67,69,57,58,61,0,0,0,2,0,30,0,1
3179,7.03,82.5,76.3,1,73,73,66,79,67,53,62,67,69,62,63,61,0,0,0,0,0,0,0,1
3180,6.65,69.7,74.1,0,72,55,72,70,67,58,71,72,65,58,70,52,2,72,0,1,70,0,0,1
3181,7.72,86.5,75.0,0,62,55,56,55,50,50,62,61,66,63,56,54,0,0,0,1,74,38,25,1
3182,8.13,87.5,92.3,0,57,44,50,55,50,48,59,59,53,67,52,56,0,0,1,2,0,45,0,0
3183,7.88,82.7,74.6,1,69,51,59,56,62,59,64,58,56,64,57,59,0,0,0,0,0,0,31,0
3184,8.56,90.4,87.7,0,64,55,53,57,67,52,66,67,60,54,58,54,0,0,0,0,37,0,40,1
3185,6.82,76.9,74.5,2,43,37,47,38,43,31,51,56,40,44,58,56,0,0,0,0,34,0,0,0
3186,7.0,74.7,69.9,1,61,56,56,53,51,45,64,63,59,55,55,44,0,0,1,0,0,26,0,0
3187,6.93,69.1,74.8,0,83,73,59,71,64,58,61,51,78,65,53,62,0,0,1,3,0,0,0,1
3188,5.86,66.3,61.9,0,61,57,65,61,58,36,70,58,62,66,48,69,0,0,1,0,0,0,0,1
3189,7.19,73.3,78.5,0,67,50,61,54,70,43,64,60,64,55,63,60,0,0,0,0,0,0,0,0
3190,7.33,82.2,91.6,3,72,60,55,65,64,57,67,65,68,71,72,56,0,0,0,1,72,85,0,1
3191,5.66,68.5,64.5,0,70,59,58,74,67,53,64,62,75,60,58,49,0,0,0,0,28,26,0,0
3192,7.43,90.1,84.1,1,69,44,58,48,54,33,72,75,69,48,46,35,3,72,0,0,62,0,0,0
3193,6.82,82.9,72.7,0,64,57,66,75,67,49,71,59,60,46,64,53,2,70,0,2,61,0,0,1
3194,6.82,72.9,75.6,1,75,67,63,60,65,58,57,56,66,54,60,51,1,59,1,0,44,36,0,1
3195,6.51,75.6,66.5,2,73,71,63,67,78,50,59,60,62,73,68,59,0,0,0,0,55,44,0,1
3196,6.85,72.4,65.2,1,61,25,46,48,41,47,55,61,52,52,45,50,0,0,2,0,0,10,0,0
3197,6.6,76.8,69.8,0,65,49,57,56,63,44,55,52,64,53,47,48,0,0,0,1,10,0,0,0
3198,8.44,91.4,81.0,1,63,36,60,50,54,47,69,65,59,71,59,58,0,0,2,2,13,17,0,0
3199,6.96,74.2,71.0,3,58,52,64,58,69,33,72,67,63,62,58,60,0,0,0,0,0,0,0,0
3200,6.53,70.9,76.8,0,65,63,78,67,47,47,78,79,76,79,72,80,0,0,0,1,0,0,0,1
3201,8.1,90.5,83.4,0,54,54,73,46,69,48,81,74,70,61,66,49,0,0,0,1,0,0,0,1
3202,6.47,78.5,72.4,1,76,67,64,65,76,57,65,59,76,65,58,63,0,0,1,3,42,40,0,1
3203,7.86,78.2,79.7,2,72,63,68,65,73,53,60,63,65,52,62,42,0,0,0,3,45,34,30,1
3204,6.26,69.6,70.5,0,68,56,54,52,68,43,66,60,65,68,64,42,0,0,0,0,41,48,29,1
3205,8.24,79.4,80.5,0,56,34,46,41,48,44,44,54,51,60,55,56,1,41,0,1,38,31,0,1
3206,7.27,85.7,79.6,0,85,81,89,75,78,58,67,70,83,51,61,47,1,77,0,0,44,0,0,1
3207,7.25,79.0,67.9,0,69,56,67,62,57,51,68,69,72,53,58,42,1,79,2,2,0,0,0,1
3208,6.08,67.8,68.6,2,55,43,53,53,54,52,70,56,54,58,61,51,0,0,1,2,10,0,24,0
3209,7.66,78.5,80.8,0,68,46,65,48,54,45,67,60,71,68,58,55,0,0,0,0,0,27,0,1
3210,8.06,84.0,82.8,3,66,47,64,55,54,40,73,68,64,61,49,51,0,0,0,3,0,0,0,0
3211,8.24,74.1,77.0,2,63,59,67,59,52,46,58,70,60,53,54,62,0,0,0,2,0,37,0,0
3212,6.44,73.9,72.5,2,86,64,77,80,81,75,70,75,87,69,64,65,0,0,0,1,0,29,0,1
3213,6.76,75.9,66.2,0,75,62,81,64,75,64,61,75,70,65,67,70,0,0,0,2,0,10,52,1
3214,7.2,79.1,74.1,0,61,49,55,58,52,54,66,73,59,81,63,78,0,0,1,0,0,30,46,1
3215,7.99,81.4,68.8,0,53,47,47,40,49,47,67,56,60,76,63,73,0,0,1,1,0,0,72,1
3216,8.02,85.0,75.0,1,64,53,65,51,56,43,70,63,61,58,50,51,0,0,0,0,50,15,0,1
3217,5.94,75.5,75.9,0,80,65,68,86,78,48,62,66,70,49,61,46,0,0,1,0,0,58,20,1
3218,7.84,76.9,81.2,2,67,54,59,66,56,52,59,65,61,52,57,55,2,60,1,2,0,34,0,0
3219,8.05,86.1,82.8,0,69,68,77,63,69,52,67,68,67,66,62,60,1,46,0,2,16,0,22,0
3220,6.78,75.0,76.0,2,58,40,61,52,53,41,73,60,66,61,70,60,0,0,0,0,0,22,0,0
3221,6.97,78.4,74.8,0,67,64,73,68,70,61,84,75,78,43,57,50,0,0,0,2,0,22,0,1
3222,9.32,92.0,95.8,1,52,49,52,56,55,48,61,55,56,60,55,52,0,0,0,1,10,0,0,1
3223,8.05,82.1,79.1,2,74,63,66,66,62,57,59,58,66,73,61,64,4,80,0,3,0,60,0,1
3224,8.08,87.7,79.7,2,56,42,65,45,57,53,67,64,61,55,49,46,0,0,0,0,46,0,0,0
3225,8.8,87.5,83.6,3,68,59,59,69,71,46,52,61,70,69,71,57,0,0,0,1,0,0,0,1
3226,8.84,87.7,85.5,0,56,60,65,50,41,48,63,59,62,57,52,47,0,0,1,0,0,0,0,0
3227,6.56,73.1,67.2,0,65,49,72,60,58,52,70,63,76,54,63,56,0,0,2,0,70,0,0,0
3228,8.3,84.9,88.6,1,66,47,52,46,66,54,70,60,62,61,61,55,0,0,0,1,0,0,0,1
3229,7.72,86.1,81.5,2,73,55,70,61,75,56,55,65,68,68,63,57,1,76,0,0,68,0,0,1
3230,7.81,83.4,76.7,0,97,71,79,74,82,67,62,71,79,45,63,46,0,0,0,1,0,0,0,0
3231,7.95,86.2,84.4,3,65,42,52,61,45,55,64,58,58,56,56,58,0,0,1,0,0,0,0,0
3232,7.94,81.6,82.6,0,66,56,69,70,65,59,66,63,72,45,45,48,0,0,0,0,0,0,0,0
3233,8.45,83.4,77.0,1,78,57,69,78,70,51,56,63,73,65,64,65,0,0,0,2,0,0,21,1
3234,5.4,71.7,56.2,0,78,64,59,69,77,59,57,49,54,73,72,71,1,70,1,0,63,68,54,1
3235,7.57,80.9,91.9,0,80,75,65,74,83,65,64,58,71,42,57,51,3,88,1,1,72,50,0,1
3236,8.24,76.6,83.6,1,53,57,54,49,59,45,52,45,45,75,64,58,3,53,0,1,0,52,0,1
3237,7.29,72.8,80.1,0,53,43,51,36,60,54,61,61,56,74,60,62,0,0,0,1,0,0,0,0
3238,7.11,75.5,77.1,0,53,50,59,65,68,32,73,56,69,68,65,71,1,59,1,1,63,61,57,1
3239,7.74,82.9,87.2,0,70,61,63,60,52,58,67,63,60,57,62,46,0,0,1,0,0,0,0,1
3240,7.44,90.2,84.3,1,87,79,73,82,93,79,77,75,75,50,55,50,2,73,1,0,61,66,0,1
3241,6.66,77.0,75.9,0,66,50,59,58,66,72,78,63,68,39,50,35,0,0,0,3,29,0,0,1
3242,5.33,76.5,66.7,2,58,65,62,59,54,40,62,61,58,56,55,55,0,0,2,2,71,40,40,0
3243,7.31,73.9,78.8,0,66,57,64,60,62,50,59,59,57,59,56,41,4,51,2,0,46,0,0,0
3244,7.68,87.2,78.6,1,71,65,65,62,66,52,60,66,63,57,49,39,0,0,2,1,54,0,0,1
3245,8.22,83.2,84.8,2,61,58,76,54,65,62,76,70,68,66,65,63,0,0,0,2,36,37,0,0
3246,5.79,61.4,61.3,3,69,59,69,60,53,46,69,66,71,51,52,49,1,56,1,0,58,0,0,0
3247,9.39,89.5,86.3,0,58,51,55,48,58,43,58,60,56,64,61,62,0,0,0,0,10,0,52,1
3248,6.47,76.4,70.9,0,66,58,62,47,58,41,80,65,72,60,56,58,0,0,0,1,18,0,0,0
3249,7.16,82.7,77.4,1,55,53,60,47,50,33,63,60,58,48,64,62,0,0,0,1,14,0,0,1
3250,6.87,83.5,76.2,0,58,47,64,57,47,42,67,60,53,61,60,49,3,65,0,3,0,0,0,1
3251,8.41,87.3,81.3,0,67,48,55,66,64,59,57,58,69,60,63,47,0,0,0,2,0,10,0,1
3252,6.8,85.4,67.8,1,72,61,68,66,83,65,66,68,77,40,51,54,3,75,0,1,60,0,0,1
3253,6.97,75.0,87.1,1,79,60,69,69,74,72,63,67,71,72,63,43,1,60,0,2,35,27,43,1
3254,6.1,75.1,70.9,1,67,51,59,66,65,52,60,60,63,65,62,73,1,88,0,1,0,81,0,1
3255,6.25,73.5,67.3,1,61,47,60,55,46,45,62,59,52,74,78,74,2,47,0,1,0,18,64,0
3256,7.08,76.3,76.5,1,52,35,49,51,49,42,64,59,61,53,52,52,0,0,0,1,0,0,0,0
3257,7.39,80.3,86.3,2,77,62,68,61,69,58,64,63,66,50,48,48,0,0,1,0,54,0,0,0
3258,7.63,86.6,89.3,0,65,61,69,50,60,56,64,58,69,57,63,44,0,0,2,0,16,0,10,1
3259,7.85,88.1,79.9,0,76,57,77,60,72,65,74,66,78,52,54,49,0,0,0,0,81,53,0,1
3260,5.98,74.3,70.5,1,70,57,65,64,59,58,73,64,71,58,52,52,0,0,0,1,0,16,0,0
3261,7.45,79.5,68.2,0,56,52,50,55,59,47,56,56,49,49,50,57,0,0,0,0,0,10,0,0
3262,8.53,98.4,91.7,0,59,52,58,47,48,25,69,61,66,77,70,66,0,0,2,3,0,0,69,1
3263,7.68,73.0,72.2,0,69,61,62,57,65,43,71,67,65,64,54,62,0,0,0,0,0,51,0,1
3264,7.45,82.1,81.4,0,66,50,54,57,60,49,66,70,59,42,53,61,4,71,0,0,51,65,0,1
3265,6.96,76.3,78.3,0,78,62,78,72,78,57,83,81,89,52,63,55,0,0,1,1,62,0,0,1
3266,6.52,74.6,70.4,1,69,62,75,73,75,66,88,89,83,49,54,54,0,0,1,2,38,0,0,1
3267,7.35,75.9,73.3,0,67,56,73,68,74,64,67,71,72,66,59,61,0,0,0,0,0,54,0,1
3268,6.98,81.8,73.7,2,62,54,62,56,68,38,63,72,66,58,55,47,0,0,2,3,0,43,0,1
3269,7.74,87.7,82.6,0,56,51,57,58,65,51,62,57,56,57,55,50,0,0,1,1,0,50,0,1
3270,8.2,80.2,80.9,2,76,64,71,71,69,58,60,63,81,54,64,62,0,0,0,0,0,0,0,0
3271,7.84,82.9,81.0,0,44,47,55,45,42,41,59,53,53,73,60,70,3,38,2,0,0,0,0,0
3272,8.51,91.1,88.8,0,57,49,54,58,59,45,62,51,58,56,54,62,0,0,0,1,61,0,0,1
3273,7.11,80.1,70.8,0,74,66,75,69,67,69,72,71,83,62,54,52,0,0,0,0,20,0,0,1
3274,7.94,83.6,80.6,0,58,42,49,53,58,58,53,60,60,80,63,62,0,0,1,1,33,33,45,0
3275,6.93,80.5,78.0,0,60,69,60,61,57,36,64,61,71,65,57,56,4,72,1,0,54,49,0,1
3276,7.35,79.1,66.4,1,44,48,54,50,40,56,61,56,62,63,61,44,1,55,0,2,17,12,0,0
3277,7.32,84.5,71.5,3,56,40,65,50,56,53,52,61,62,69,61,52,0,0,1,3,0,0,0,1
3278,7.19,76.4,76.7,1,68,60,63,61,63,45,69,70,62,57,61,40,0,0,0,1,0,10,0,1
3279,7.62,87.7,86.2,0,65,54,67,52,64,47,72,68,60,61,53,53,3,48,0,2,10,0,0,1
3280,7.21,86.9,72.1,3,63,55,62,58,56,45,73,67,73,50,48,64,0,0,1,0,14,0,0,1
3281,8.54,84.5,86.7,0,76,55,73,63,65,44,70,65,62,50,53,35,1,70,0,2,53,27,0,1
3282,7.62,81.2,78.4,2,64,48,64,64,60,40,55,58,65,56,48,55,4,85,1,0,72,0,0,1
3283,6.91,81.4,78.7,0,65,54,60,58,57,61,60,63,69,56,63,51,1,47,0,1,0,0,0,1
3284,7.41,87.1,77.9,0,61,54,55,53,61,55,57,51,56,39,48,47,0,0,0,1,0,0,0,0
3285,6.14,80.0,75.8,3,84,88,62,77,80,67,73,76,77,45,59,53,0,0,1,0,13,0,0,1
3286,8.68,87.1,78.9,0,68,55,72,50,67,64,70,76,65,41,56,41,0,0,0,0,10,0,0,0
3287,7.34,79.2,72.3,3,60,48,59,61,64,50,58,50,68,57,52,47,2,54,1,0,34,0,11,0
3288,8.17,82.0,83.1,0,69,57,74,76,71,57,58,69,70,63,54,61,1,72,1,0,82,75,0,1
3289,7.39,84.4,70.1,0,60,59,52,47,54,54,71,61,63,50,50,50,0,0,0,2,10,0,0,0
3290,8.11,87.8,76.6,0,77,63,80,66,60,60,68,70,74,63,66,57,0,0,1,1,0,0,51,1
3291,8.84,90.9,89.1,0,65,54,58,58,63,51,67,70,66,60,58,39,1,54,1,1,0,0,0,1
3292,7.96,82.1,74.2,1,82,81,74,70,75,70,66,67,77,54,64,47,0,0,0,2,26,0,0,1
3293,7.74,86.0,78.9,0,64,44,57,62,60,67,78,71,62,68,61,55,2,56,1,0,0,0,0,1
3294,7.42,80.6,72.6,0,62,54,57,66,56,31,83,67,67,45,52,45,1,65,1,0,26,0,0,1
3295,7.13,80.1,71.8,2,71,60,58,56,63,56,44,48,50,51,58,52,4,83,1,1,73,63,0,1
3296,7.87,81.7,76.6,2,65,75,62,55,52,43,73,66,65,67,72,52,4,53,0,0,0,24,53,0
3297,7.04,85.0,69.5,0,64,51,48,56,56,40,73,64,74,67,53,55,0,0,0,3,25,17,48,0
3298,7.83,80.0,78.0,0,78,48,58,63,65,54,63,67,72,65,60,52,2,56,2,1,33,0,33,1
3299,7.3,91.2,74.2,0,64,61,61,59,62,45,60,60,68,70,53,53,2,52,0,1,28,17,0,1
3300,6.79,72.8,77.9,2,61,62,67,64,59,45,78,66,66,60,52,46,4,80,0,0,87,72,0,1
3301,7.12,83.9,74.8,0,78,61,76,70,79,64,86,74,82,69,63,54,1,64,0,1,0,0,0,1
3302,7.1,84.9,84.8,0,48,50,48,58,53,33,50,55,48,65,67,60,2,60,1,1,0,0,0,0
3303,6.69,79.9,73.4,2,66,59,64,55,62,43,57,61,59,53,58,48,2,79,2,2,0,54,33,1
3304,8.8,82.9,85.0,1,63,53,61,59,59,45,72,66,71,69,65,51,0,0,1,3,0,43,59,1
3305,6.37,74.1,76.8,0,78,61,79,70,72,64,76,74,68,60,62,66,0,0,0,0,0,0,0,0
3306,6.72,75.7,82.1,2,69,64,69,62,59,53,68,64,64,47,59,44,0,0,0,2,0,0,0,0
3307,7.27,78.6,71.2,1,72,51,69,72,68,60,54,51,64,70,73,63,0,0,0,2,0,0,54,1
3308,7.47,79.9,76.7,0,69,63,69,66,62,58,67,68,65,44,52,48,1,72,2,3,67,86,0,1
3309,7.24,84.5,80.8,0,77,62,62,69,81,63,74,67,75,45,58,46,0,0,0,3,0,10,0,1
3310,6.02,73.4,71.5,2,74,62,70,71,66,55,70,76,69,48,54,51,1,67,1,0,67,56,0,1
3311,6.69,77.0,77.0,0,46,34,57,34,52,40,58,46,59,63,54,55,0,0,0,1,64,43,57,1
3312,7.12,78.0,80.5,0,70,59,58,72,64,54,64,68,56,73,64,56,0,0,0,1,0,0,0,0
3313,6.42,74.4,67.1,0,58,59,62,49,54,54,67,64,65,69,63,62,0,0,0,0,0,0,55,0
3314,7.8,83.0,81.4,0,81,62,85,74,65,68,77,67,76,58,64,44,2,74,2,1,61,62,0,1
3315,7.76,89.3,85.7,1,64,63,64,61,57,45,76,67,55,67,60,52,4,37,0,0,0,0,0,1
3316,5.54,71.5,69.2,1,66,50,57,48,56,50,57,57,44,47,46,48,2,37,0,1,0,0,0,0
3317,6.51,86.6,79.2,1,65,63,65,56,66,43,68,77,65,49,49,50,2,47,0,0,0,0,0,1
3318,7.83,82.3,71.3,0,70,59,76,69,68,63,89,82,75,59,63,61,0,0,0,2,0,0,0,1
3319,7.08,82.4,77.4,0,49,44,49,46,54,40,68,53,52,76,59,65,0,0,0,0,0,0,58,0
3320,7.4,81.1,74.5,3,82,84,72,69,65,64,62,64,71,47,62,49,2,50,0,2,59,45,0,1
3321,8.57,86.7,84.3,0,72,45,64,60,61,64,65,58,62,70,63,58,4,48,0,0,0,22,75,1
3322,8.03,83.8,83.5,0,69,51,70,55,69,66,73,68,64,52,48,43,1,58,2,0,0,0,0,0
3323,7.22,79.2,63.0,0,70,57,54,65,75,55,55,56,72,58,56,66,0,0,1,1,43,29,0,1
3324,7.2,83.4,74.8,0,56,54,49,53,58,50,50,49,51,42,53,50,1,51,0,1,0,14,0,0
3325,6.32,71.3,63.9,3,62,51,59,53,64,58,77,78,56,86,73,67,0,0,0,1,0,0,85,1
3326,7.44,77.8,79.4,1,54,44,56,42,55,37,56,54,55,55,52,55,3,48,1,2,53,48,0,0
3327,8.11,81.0,90.1,0,70,64,69,72,65,63,65,71,67,50,56,50,0,0,1,3,0,39,0,1
3328,7.73,81.5,89.6,1,72,59,78,70,71,52,73,71,73,67,61,53,0,0,2,0,19,0,28,1
3329,7.13,83.0,83.8,2,51,28,50,33,49,31,65,61,51,80,73,77,4,66,1,2,0,46,0,1
3330,7.06,72.0,80.4,3,71,47,59,59,51,41,59,56,65,57,51,45,0,0,0,2,0,0,0,0
3331,7.07,74.3,67.6,3,83,70,82,80,70,60,74,69,78,62,59,65,2,63,0,2,26,33,0,1
3332,9.1,92.2,91.6,1,46,36,47,44,48,30,50,52,50,61,61,61,0,0,1,0,0,0,0,0
3333,7.88,85.8,86.4,0,80,67,67,58,65,57,72,68,75,61,53,63,3,50,1,1,0,0,0,1
3334,7.65,83.9,75.2,0,65,57,60,67,63,48,64,64,68,61,58,47,4,75,0,0,0,30,0,1
3335,8.05,81.3,82.5,0,72,56,65,51,66,59,71,78,69,56,47,47,1,69,1,2,42,0,0,1
3336,7.32,80.4,77.9,3,67,48,55,54,57,52,52,52,58,58,68,76,0,0,1,0,90,76,36,1
3337,8.68,80.5,89.0,0,71,55,69,65,62,63,61,60,57,61,64,57,0,0,0,1,23,18,0,1
3338,7.05,77.5,78.0,0,61,54,67,58,57,49,61,58,64,62,54,40,2,63,0,0,43,0,0,0
3339,7.56,75.2,82.0,1,59,52,62,42,52,50,74,71,63,63,53,59,0,0,0,0,0,28,0,1
3340,8.35,86.0,83.9,0,72,63,74,67,64,70,69,68,65,59,64,62,0,0,0,0,15,34,0,1
3341,6.92,77.5,77.0,1,54,35,58,52,51,42,56,50,52,75,76,66,2,34,0,1,0,10,0,0
3342,8.57,88.9,93.9,0,67,44,67,52,42,54,76,78,66,67,52,72,0,0,1,0,0,0,30,0
3343,6.78,78.7,79.6,0,73,60,59,59,57,52,56,58,64,59,43,53,0,0,2,1,0,37,0,1
3344,8.28,84.4,83.9,0,70,61,57,68,66,57,55,51,59,60,66,52,4,48,0,0,0,0,0,1
3345,7.57,80.4,79.7,0,65,57,73,73,61,55,55,60,65,76,65,72,0,0,1,2,0,0,58,0
3346,7.46,89.8,79.3,2,69,59,73,56,72,57,60,60,64,65,61,56,0,0,0,3,0,0,0,1
3347,7.26,79.8,71.9,1,70,53,66,68,57,61,80,67,76,70,68,62,3,72,1,0,38,0,0,1
3348,7.88,85.4,80.8,1,67,53,56,61,65,53,71,77,74,57,48,62,0,0,0,0,0,0,0,1
3349,7.41,84.7,85.5,0,71,68,67,57,64,60,70,69,60,69,56,70,0,0,0,1,0,0,0,1
3350,6.81,73.9,72.6,2,65,72,59,60,60,46,61,57,50,51,43,36,0,0,0,2,0,0,0,0
3351,7.82,79.0,77.5,2,54,34,53,44,47,36,63,59,53,71,63,59,0,0,1,0,0,76,52,1
3352,6.18,65.7,72.1,1,70,74,72,82,74,48,67,78,71,70,66,54,0,0,0,2,0,73,47,1
3353,8.7,88.1,95.0,0,80,64,67,72,74,68,58,67,61,44,57,38,0,0,0,0,0,0,0,1
3354,6.81,79.2,69.7,0,76,68,60,65,69,56,68,61,66,56,63,58,1,63,1,0,0,0,0,1
3355,8.17,83.8,81.8,2,59,44,55,51,48,54,66,60,56,72,61,66,1,51,0,3,0,0,0,1
3356,8.4,82.2,84.6,0,61,42,61,57,49,47,72,70,73,52,53,66,1,53,0,2,0,66,40,1
3357,5.92,73.4,62.4,2,70,56,53,43,48,44,52,48,53,61,53,55,0,0,2,0,55,38,0,0
3358,6.55,77.5,73.3,1,73,53,67,72,83,67,62,73,70,49,59,46,0,0,2,1,51,48,0,1
3359,8.13,77.3,74.8,0,76,64,73,61,64,57,71,63,78,56,51,47,1,67,1,0,49,0,0,1
3360,7.21,81.7,79.4,1,55,61,64,55,69,53,63,79,62,61,53,49,0,0,0,2,10,0,42,1
3361,8.0,89.4,86.7,1,67,65,66,58,67,56,73,66,65,72,71,60,1,47,0,1,0,31,0,1
3362,6.27,74.5,67.6,1,56,43,56,49,63,44,67,56,50,72,59,67,0,0,1,0,30,0,46,1
3363,6.91,79.8,86.9,3,73,63,71,65,72,72,78,70,68,70,67,62,3,56,1,0,0,24,54,1
3364,8.21,79.8,79.9,1,73,61,66,63,71,56,63,67,64,69,68,73,0,0,0,1,50,0,69,1
3365,8.77,99.0,97.2,0,74,59,70,60,67,54,62,64,76,53,55,54,0,0,1,1,51,47,0,1
3366,7.7,73.9,73.9,0,81,74,68,71,75,58,67,60,71,70,74,68,0,0,0,3,45,48,0,1
3367,6.94,78.7,68.7,0,48,42,51,38,64,40,69,58,60,65,54,56,0,0,0,0,33,0,26,1
3368,7.47,84.6,78.7,0,65,59,45,57,63,54,51,54,53,59,63,64,1,48,2,0,42,0,0,1
3369,7.24,79.4,77.5,0,60,50,70,67,58,39,56,77,61,62,62,68,0,0,0,0,0,0,14,1
3370,7.3,82.5,84.7,0,69,69,60,60,72,57,67,69,62,47,70,47,1,62,0,0,0,16,24,1
3371,7.04,79.3,82.9,0,81,61,67,69,66,68,61,64,62,70,68,55,0,0,1,1,59,40,35,1
3372,6.34,71.8,70.1,0,84,79,92,68,81,73,77,77,78,53,59,50,1,84,1,2,40,36,0,1
3373,8.64,88.5,83.1,0,78,71,59,68,76,71,56,52,66,46,58,46,1,59,1,1,0,43,0,1
3374,8.23,93.6,94.2,0,54,62,60,62,63,45,60,63,63,61,63,62,0,0,0,1,54,43,0,1
3375,7.76,84.0,85.0,0,49,32,61,43,45,39,64,73,51,60,54,47,0,0,1,1,0,42,0,0
3376,8.0,82.4,89.6,2,74,54,71,47,60,47,59,60,64,43,52,46,0,0,1,0,13,0,10,0
3377,6.48,71.4,76.5,0,53,57,64,39,41,42,71,61,50,78,76,67,0,0,0,0,0,0,0,1
3378,8.83,81.8,76.4,3,54,50,55,50,64,66,62,60,61,48,54,49,0,0,0,0,0,10,0,0
3379,7.99,83.5,79.2,0,76,72,74,74,69,49,72,68,68,64,62,64,0,0,0,0,74,0,36,1
3380,7.73,87.3,82.5,0,66,50,69,59,48,48,53,61,60,66,73,66,0,0,0,1,30,26,0,1
3381,6.43,86.4,75.9,0,53,35,62,51,55,42,75,69,66,60,64,50,0,0,0,1,0,0,0,0
3382,6.69,77.4,75.1,0,54,41,52,49,52,48,52,52,59,84,67,66,0,0,0,2,31,0,0,0
3383,6.34,78.2,70.2,0,46,36,50,40,46,30,58,46,51,61,58,52,0,0,0,0,0,0,0,0
3384,6.92,68.7,69.4,0,59,54,65,46,52,45,75,71,74,56,46,60,1,70,0,3,71,85,0,1
3385,6.21,71.3,69.8,0,59,66,53,68,63,53,53,60,64,42,46,54,0,0,0,0,69,47,0,0
3386,8.42,91.4,84.7,1,65,60,70,55,68,50,74,71,62,47,57,46,1,70,0,2,58,0,0,1
3387,6.85,85.2,86.0,2,59,54,58,48,60,56,64,53,61,53,49,50,3,80,0,2,0,62,0,1
3388,8.36,83.8,84.0,0,67,56,67,65,64,56,71,68,71,70,72,61,2,66,1,0,56,47,0,1
3389,6.66,80.4,65.8,0,67,63,49,64,66,58,48,54,63,48,58,54,0,0,0,1,56,52,0,0
3390,8.13,99.0,82.6,1,55,55,49,48,47,45,56,53,48,67,57,59,0,0,1,0,10,26,51,0
3391,8.64,93.4,90.9,2,72,70,62,64,71,53,59,64,78,44,66,48,2,56,0,1,0,0,0,1
3392,6.91,76.3,70.6,0,58,46,57,46,56,33,55,49,59,65,45,53,0,0,0,1,0,10,0,0
3393,7.61,82.7,85.2,2,74,67,70,62,74,50,87,78,66,50,48,49,0,0,0,1,10,10,0,1
3394,7.58,81.5,72.7,3,62,54,70,50,50,54,73,65,69,73,71,66,0,0,0,1,32,47,69,1
3395,5.49,70.7,66.5,1,78,68,73,62,71,50,73,70,69,68,65,71,0,0,1,3,35,0,61,1
3396,6.74,72.7,77.5,1,63,68,68,60,68,59,64,67,67,54,52,46,0,0,0,0,36,21,0,1
3397,7.01,76.1,76.2,0,58,37,58,43,46,39,71,72,56,65,57,62,0,0,1,1,61,0,0,1
3398,6.95,78.2,73.9,0,40,33,43,38,47,35,60,52,41,50,45,54,0,0,0,3,0,0,0,0
3399,6.34,81.9,71.0,0,55,49,63,50,67,40,59,59,56,65,61,49,0,0,0,0,0,10,0,0
3400,7.58,77.9,69.2,2,53,44,55,54,43,22,68,66,60,62,52,57,0,0,0,3,0,0,0,0
3401,8.01,90.9,78.6,1,65,62,56,67,72,65,64,60,63,74,60,66,2,30,0,1,0,0,43,0
3402,7.21,78.6,80.6,0,70,55,58,64,63,52,65,65,64,55,50,53,0,0,1,0,0,10,0,0
3403,7.45,77.0,76.3,2,80,62,77,79,63,57,85,78,82,57,57,48,1,77,1,1,68,58,0,1
3404,7.25,76.0,75.3,0,71,60,67,60,70,54,59,73,75,60,60,45,0,0,1,0,41,49,0,1
3405,6.3,67.4,71.3,1,58,51,60,43,56,48,72,69,68,78,71,66,2,44,0,1,0,0,59,1
3406,8.88,92.5,81.6,1,69,62,68,54,72,54,70,73,66,65,61,62,1,76,1,0,0,0,47,1
3407,7.1,82.3,78.4,0,58,51,69,58,53,48,64,56,66,58,68,59,0,0,0,0,26,0,0,0
3408,5.41,65.7,51.8,1,69,69,56,61,65,53,59,65,61,52,58,55,0,0,1,1,0,0,28,0
3409,6.68,72.1,79.4,1,82,68,74,85,76,57,72,71,83,56,59,42,0,0,0,1,0,0,0,1
3410,6.33,71.1,68.9,2,65,57,54,54,61,42,60,64,58,70,53,52,2,44,1,0,0,24,0,1
3411,7.58,88.8,81.3,2,54,53,54,52,52,46,64,59,48,69,60,59,1,30,2,0,0,0,60,1
3412,7.14,88.0,84.8,2,66,51,67,49,72,47,74,80,65,53,63,66,0,0,0,1,0,0,0,1
3413,6.74,73.3,70.0,2,65,52,67,47,71,47,57,57,55,64,58,53,0,0,0,2,10,0,0,0
3414,6.38,76.2,66.4,2,62,46,42,65,53,50,34,47,57,59,62,68,0,0,0,2,0,16,59,0
3415,6.8,77.8,67.8,0,51,44,50,45,43,38,62,57,61,59,61,52,0,0,0,0,10,0,0,1
3416,8.04,90.2,88.8,1,67,62,54,59,60,56,61,58,59,63,59,58,0,0,0,0,47,0,0,0
3417,6.9,72.1,75.0,2,64,45,64,60,57,45,77,72,62,66,56,64,0,0,0,0,53,0,0,0
3418,7.72,74.1,80.7,0,54,39,54,42,42,36,67,56,45,67,62,55,4,49,0,2,0,30,59,0
3419,8.33,85.3,79.9,2,81,57,78,69,64,78,66,69,69,65,58,51,3,56,0,1,0,35,28,1
3420,8.97,96.7,91.9,0,57,43,46,52,55,53,61,53,52,58,62,55,0,0,1,1,0,48,0,0
3421,8.15,80.2,74.5,0,85,61,70,63,61,54,68,64,78,70,72,74,0,0,2,1,0,35,0,1
3422,7.52,80.1,81.7,0,56,52,53,54,47,48,61,58,60,58,51,66,0,0,0,1,33,44,0,1
3423,7.45,78.1,80.4,0,75,65,62,48,62,61,66,67,65,67,68,63,0,0,1,0,0,26,51,1
3424,8.0,84.3,86.9,2,75,54,70,65,73,72,60,55,71,75,72,61,0,0,1,0,59,0,0,1
3425,7.59,74.0,74.7,0,62,38,40,46,60,43,36,48,47,69,49,54,4,40,0,0,0,0,0,0
3426,6.92,77.7,75.7,3,69,67,60,71,64,53,78,66,61,73,63,68,1,65,1,1,57,0,0,1
3427,6.59,72.3,77.4,1,44,31,49,27,56,31,66,49,53,80,64,58,0,0,1,1,48,0,0,1
3428,6.51,82.6,60.8,0,63,54,68,62,60,50,74,68,76,60,59,60,0,0,0,1,0,64,0,1
3429,7.34,82.3,80.0,0,64,56,74,67,59,59,77,68,78,65,63,54,0,0,2,3,40,32,0,1
3430,8.08,85.1,83.6,0,73,71,61,63,58,64,75,70,72,47,65,59,0,0,0,2,0,0,0,1
3431,7.8,75.6,80.3,1,61,35,59,46,52,52,67,63,49,73,52,72,0,0,1,1,0,30,33,1
3432,6.57,73.2,72.5,2,58,54,49,42,46,43,58,54,56,37,42,39,0,0,1,0,18,0,0,0
3433,7.1,75.6,76.6,1,62,60,61,50,70,44,57,50,58,52,59,55,0,0,0,1,39,37,0,0
3434,4.5,65.4,68.1,0,58,26,57,44,39,46,59,52,53,65,61,71,1,60,0,0,56,0,45,0
3435,6.89,73.1,83.8,0,67,56,60,56,59,50,63,70,67,75,62,52,1,75,1,2,66,69,38,1
3436,6.77,75.8,63.2,3,70,51,57,53,66,42,72,72,60,45,50,39,1,65,2,0,50,0,0,1
3437,5.61,69.7,53.9,0,66,53,64,58,54,43,63,66,65,51,53,55,0,0,2,1,39,0,0,0
3438,7.49,87.7,76.8,1,67,47,57,48,54,36,70,57,55,57,49,58,0,0,1,1,44,31,37,0
3439,8.24,91.6,83.6,0,68,41,65,63,63,36,69,62,69,87,68,73,0,0,0,1,0,0,79,1
3440,7.47,78.4,74.1,0,70,58,66,56,72,38,75,70,58,49,57,50,0,0,1,0,0,55,0,1
3441,7.84,77.9,77.6,1,67,51,60,51,66,51,59,61,64,56,59,65,0,0,1,0,0,0,0,0
3442,7.1,82.0,78.2,0,73,58,67,62,68,60,69,62,60,65,52,56,1,56,1,1,0,43,51,1
3443,6.79,80.5,71.0,2,82,69,72,65,69,60,63,75,70,60,66,62,0,0,1,1,0,31,0,0
3444,9.13,98.4,83.6,0,66,51,55,57,69,57,65,61,56,63,51,59,0,0,1,0,23,0,0,0
3445,9.05,86.8,94.1,0,57,37,54,45,58,40,61,55,49,67,69,71,0,0,0,1,10,14,0,1
3446,6.14,73.3,62.8,0,72,75,71,66,70,59,73,59,71,62,64,51,0,0,0,3,0,0,0,0
3447,8.2,84.1,81.2,1,61,52,51,56,51,60,58,46,59,61,61,57,0,0,0,0,0,0,0,1
3448,6.76,75.6,72.7,0,71,74,64,72,58,57,66,67,78,56,68,50,2,44,0,2,0,0,20,0
3449,6.96,87.3,70.1,0,61,54,60,63,54,47,58,61,65,59,62,59,0,0,0,1,0,10,0,1
3450,7.24,80.6,75.3,0,59,54,64,60,53,44,65,54,63,64,54,58,3,63,2,0,45,53,0,0
3451,7.69,89.0,78.4,3,68,54,54,50,67,62,59,60,68,55,59,45,0,0,0,0,0,0,0,0
3452,6.94,77.2,77.1,0,62,61,48,60,68,48,50,53,58,62,62,53,0,0,1,1,0,10,14,0
3453,8.17,84.6,81.7,0,66,67,69,58,74,49,77,65,69,66,74,60,0,0,0,1,0,0,67,1
3454,7.19,71.1,81.7,0,50,37,53,39,46,46,53,50,51,51,50,50,3,53,0,2,23,0,0,0
3455,7.97,83.1,89.4,0,68,63,79,75,79,65,79,76,72,53,52,42,0,0,0,2,54,63,0,1
3456,6.38,74.2,68.4,1,69,48,57,56,56,50,64,70,56,60,57,60,0,0,0,1,0,0,0,0
3457,7.51,82.9,89.3,3,77,57,73,77,80,63,68,62,76,59,72,60,2,74,1,0,71,0,30,1
3458,8.13,82.2,80.7,0,54,35,57,37,52,37,76,63,55,51,51,50,2,39,0,0,0,0,0,1
3459,6.42,81.7,76.6,2,68,64,79,59,65,54,85,74,83,47,57,48,2,71,2,2,67,0,0,1
3460,6.95,84.4,73.3,0,65,68,65,66,62,57,57,60,54,65,50,54,1,77,1,0,50,79,0,1
3461,8.42,89.5,88.4,0,62,58,61,65,65,52,67,64,65,72,63,68,0,0,1,0,45,0,75,1
3462,8.7,92.0,92.0,0,88,62,84,74,69,68,59,71,73,46,51,50,0,0,1,3,83,0,0,1
3463,7.44,88.3,77.5,0,87,67,71,73,79,45,64,71,82,60,64,59,0,0,1,0,0,50,0,1
3464,6.59,81.9,82.6,0,58,48,65,56,61,48,85,68,67,76,60,64,0,0,0,0,0,37,35,1
3465,5.4,77.2,69.2,1,61,67,64,60,63,67,74,67,66,65,61,67,2,54,0,2,0,32,57,0
3466,6.58,77.2,75.3,0,64,42,59,48,53,54,68,58,64,57,53,44,0,0,1,0,13,0,11,0
3467,6.92,78.5,72.6,0,60,54,59,57,52,41,55,56,56,64,54,62,0,0,1,1,13,0,0,1
3468,7.54,78.7,74.9,0,59,55,56,58,65,43,49,53,50,62,58,50,2,56,0,2,0,22,0,1
3469,7.08,72.8,80.5,0,64,54,52,51,55,52,50,57,50,63,61,55,1,66,0,0,0,28,0,1
3470,8.08,79.7,79.1,0,81,75,76,75,76,70,69,72,73,61,64,47,0,0,0,1,0,0,0,0
3471,7.41,79.6,83.0,0,83,73,74,80,72,71,57,74,75,62,65,66,2,59,1,1,36,0,38,1
3472,8.55,83.3,76.4,0,60,49,61,60,53,57,61,63,69,72,65,63,0,0,1,1,0,47,0,1
3473,6.99,73.6,76.8,0,61,45,51,58,65,53,51,46,57,81,59,71,3,58,0,1,0,0,63,1
3474,7.97,85.6,85.8,0,61,56,61,57,59,70,66,61,58,69,59,51,3,69,0,3,0,0,10,1
3475,7.05,79.7,86.2,1,78,67,78,73,67,62,71,64,76,62,69,57,0,0,1,0,46,0,0,1
3476,7.41,79.4,85.9,2,80,72,70,72,71,58,61,63,76,62,60,61,0,0,1,2,0,0,0,1
3477,6.97,79.2,78.1,0,79,59,64,69,72,60,64,63,69,63,51,42,0,0,0,2,34,19,0,0
3478,7.42,76.6,88.8,0,67,46,55,59,61,53,73,55,64,54,47,60,1,56,1,2,35,0,0,0
3479,6.39,73.2,74.8,1,68,62,63,73,68,43,46,60,53,73,69,63,0,0,0,2,35,0,35,0
3480,8.05,81.5,80.7,0,78,61,71,63,65,44,57,49,63,59,61,58,3,66,0,1,0,44,0,1
3481,7.27,83.8,77.5,0,77,61,67,66,72,67,63,58,80,66,63,75,1,78,2,3,72,0,31,1
3482,6.79,73.3,78.2,1,62,54,64,58,70,43,81,84,65,40,41,62,2,72,1,0,0,51,0,1
3483,6.55,73.7,61.2,2,60,39,55,46,60,56,46,55,50,66,58,69,0,0,0,0,0,35,0,0
3484,7.75,88.5,82.1,0,68,56,85,74,70,77,84,73,73,70,52,52,0,0,0,0,21,0,0,1
3485,7.39,81.4,81.9,0,67,65,67,59,55,53,71,69,67,44,52,48,0,0,2,0,0,10,0,1
3486,6.38,80.3,63.2,0,70,62,78,56,77,65,67,63,71,66,73,50,1,76,0,1,0,0,51,1
3487,6.22,71.0,67.5,1,73,57,77,65,58,48,78,88,82,54,65,58,1,47,0,1,26,25,0,1
3488,7.37,69.6,75.5,0,41,33,49,37,37,28,67,56,51,60,48,52,0,0,1,0,0,0,0,0
3489,8.18,94.5,81.5,2,60,42,55,54,56,32,68,64,64,66,64,50,0,0,0,3,0,0,0,0
3490,7.46,86.1,78.3,1,60,54,56,51,60,46,69,68,60,59,52,53,0,0,1,1,36,35,0,1
3491,8.3,89.5,79.3,0,39,44,53,46,37,41,72,59,58,58,49,57,1,46,1,0,0,0,0,0
3492,7.26,80.3,77.8,0,69,80,75,58,60,53,76,76,65,70,61,63,2,56,0,2,55,0,0,1
3493,7.8,83.4,80.8,2,61,48,60,53,56,49,57,61,65,66,58,62,0,0,0,1,0,0,0,1
3494,8.04,88.4,83.3,2,46,44,43,43,40,42,56,51,52,58,46,49,0,0,2,2,0,0,0,0
3495,6.14,68.8,64.9,1,53,41,52,48,46,39,65,54,55,59,55,68,0,0,0,0,0,0,0,0
3496,7.27,81.2,72.0,0,72,60,71,58,62,55,71,68,70,49,52,55,2,64,1,2,0,28,0,1
3497,7.56,82.0,86.9,0,74,58,65,62,74,65,69,66,72,56,62,50,0,0,1,2,0,21,0,1
3498,7.93,81.2,82.3,0,66,62,59,60,77,49,66,67,70,68,70,64,0,0,1,1,0,83,48,1
3499,8.33,95.7,82.2,0,52,43,50,52,48,36,71,54,65,52,67,42,0,0,0,1,0,0,0,0
3500,6.25,69.2,68.5,1,76,57,60,64,57,63,66,66,77,45,65,51,0,0,0,0,0,52,0,1
3501,6.52,70.4,72.4,1,49,42,55,48,54,39,63,61,55,65,51,57,0,0,0,2,0,16,0,0
3502,7.18,77.2,75.8,0,62,55,76,54,58,57,80,70,73,64,53,55,0,0,0,1,0,50,53,1
3503,7.47,78.7,76.2,1,66,48,68,54,54,61,64,61,61,51,58,53,1,53,0,1,36,0,0,1
3504,7.98,79.6,78.8,1,66,58,54,50,52,43,50,51,57,67,55,56,0,0,0,0,20,18,0,0
3505,7.63,77.3,81.1,1,60,44,52,60,60,40,65,65,56,82,66,69,0,0,1,0,68,58,0,0
3506,8.26,97.9,83.9,0,56,48,61,58,63,37,68,66,63,48,56,51,1,67,0,0,0,41,0,1
3507,7.18,77.4,82.8,0,81,64,75,60,78,60,69,67,78,64,63,52,0,0,0,2,0,0,0,1
3508,7.7,90.1,76.7,0,64,57,66,60,65,66,65,69,65,56,56,46,0,0,0,0,0,10,0,1
3509,6.44,76.4,64.9,3,57,58,52,56,54,40,66,64,60,79,68,75,0,0,0,0,0,10,79,0
3510,8.59,86.2,79.5,2,74,60,71,63,63,63,60,66,73,48,56,61,3,76,1,1,86,63,0,1
3511,6.54,83.7,85.0,0,56,51,61,46,55,57,74,69,71,67,59,58,0,0,0,0,0,0,0,0
3512,5.38,63.1,55.0,0,58,36,60,40,48,33,65,59,54,46,48,43,0,0,0,1,32,0,10,0
3513,6.49,74.9,67.6,1,68,68,71,56,73,58,73,76,75,66,60,64,0,0,0,0,0,0,0,1
3514,6.3,72.9,65.0,1,59,53,70,54,60,40,79,62,70,57,58,50,0,0,1,1,0,10,0,0
3515,7.44,84.4,71.5,2,55,37,51,44,61,46,68,60,57,71,61,58,1,72,0,3,0,61,0,1
3516,6.9,86.0,76.8,3,68,54,54,75,68,49,58,57,64,65,65,70,0,0,0,0,27,0,53,1
3517,7.18,81.1,71.1,1,58,51,58,57,63,37,55,50,51,53,54,55,0,0,0,0,0,0,0,0
3518,8.27,83.4,88.2,0,78,57,57,59,56,43,66,58,58,55,61,59,0,0,1,1,0,0,0,1
3519,7.11,78.4,70.0,3,81,82,69,79,71,74,68,66,72,59,59,67,0,0,0,3,0,44,31,1
3520,8.09,88.0,90.2,0,65,64,62,59,60,56,70,71,65,62,69,65,1,56,2,2,0,0,58,0
3521,6.34,75.3,67.3,0,49,38,48,50,47,44,55,58,48,60,55,62,4,52,0,1,0,0,0,1
3522,7.99,92.2,90.3,0,55,51,48,44,55,53,71,63,65,58,60,61,0,0,0,0,0,52,0,0
3523,8.01,84.4,65.5,1,65,67,59,57,61,50,56,65,67,54,61,52,1,52,2,1,0,10,0,0
3524,9.05,87.3,88.5,0,58,44,51,60,56,68,57,55,55,57,71,53,0,0,0,0,0,16,30,1
3525,6.67,72.7,73.1,0,76,65,77,65,58,63,72,65,68,60,53,50,0,0,0,1,54,45,0,1
3526,7.24,77.7,74.6,0,73,62,72,74,66,67,65,67,74,57,68,60,1,61,0,0,0,0,0,1
3527,6.88,77.5,72.9,1,69,48,65,71,57,54,71,63,68,79,70,77,2,52,0,0,0,0,0,1
3528,7.99,80.1,82.8,0,75,61,76,73,66,58,57,59,71,58,70,57,0,0,0,1,0,0,52,1
3529,8.13,79.9,82.3,1,87,86,81,76,75,66,83,63,86,46,58,51,0,0,0,0,0,37,0,1
3530,6.38,77.5,77.7,0,54,43,56,47,57,28,66,48,54,54,58,63,0,0,0,0,0,0,0,0
3531,8.26,86.2,89.7,0,72,67,67,72,71,53,85,74,72,55,60,62,1,70,2,0,37,41,0,1
3532,7.03,77.7,77.9,0,69,56,68,52,62,45,60,59,80,64,65,61,0,0,0,3,10,0,0,1
3533,7.94,81.4,83.2,0,64,59,68,53,65,56,63,68,68,64,64,50,3,66,0,1,50,0,0,1
3534,6.86,70.3,69.1,3,54,59,61,58,49,49,65,60,57,81,72,61,2,70,0,0,68,64,0,1
3535,9.9,99.0,97.0,1,55,52,46,50,50,43,62,60,57,66,73,67,0,0,0,3,13,10,70,1
3536,6.89,73.7,74.0,3,51,39,49,46,53,42,47,48,49,72,59,60,0,0,2,0,10,0,0,0
3537,5.62,77.8,67.6,1,66,48,52,49,53,35,58,67,61,73,58,50,4,67,0,0,0,0,55,1
3538,7.31,84.6,77.2,1,78,59,68,64,67,49,54,59,60,58,61,54,0,0,0,0,10,0,0,0
3539,9.18,91.4,94.3,1,62,51,35,49,51,43,53,46,63,65,52,52,0,0,0,0,0,19,40,0
3540,6.27,86.5,68.5,0,60,48,66,58,61,54,68,61,67,74,64,62,1,74,0,2,52,44,0,1
3541,5.85,63.0,68.2,2,60,58,72,61,59,54,75,72,77,56,64,49,0,0,1,0,30,20,0,0
3542,7.94,88.7,86.2,0,49,38,44,33,42,31,63,61,54,50,54,52,0,0,0,1,34,0,0,1
3543,7.99,81.6,86.6,0,62,49,44,44,55,40,54,45,45,79,59,52,2,64,2,0,56,64,45,0
3544,6.92,75.8,76.3,0,63,57,57,55,61,49,62,63,63,75,67,70,4,54,1,0,0,0,65,1
3545,7.78,84.4,83.5,0,67,54,66,50,56,53,78,73,71,64,59,59,2,60,1,0,0,0,46,1
3546,7.53,81.5,79.4,0,61,45,49,57,63,33,52,51,47,45,55,46,0,0,1,0,0,0,0,0
3547,7.58,80.9,78.6,2,69,69,71,61,58,51,67,49,65,44,59,46,1,45,1,0,0,0,0,1
3548,7.08,72.2,74.5,2,74,68,77,69,71,55,70,69,67,54,59,49,0,0,0,2,66,0,0,1
3549,9.84,92.9,86.1,0,74,61,73,69,69,53,65,65,65,68,70,63,0,0,0,1,0,0,56,1
3550,7.94,86.7,86.1,1,47,43,51,44,48,41,74,60,56,65,58,51,0,0,2,0,17,0,0,0
3551,7.54,80.3,75.3,1,73,63,76,72,64,45,65,64,65,58,68,46,0,0,0,1,10,0,0,1
3552,6.21,69.3,63.8,0,66,52,70,64,55,64,55,67,63,58,62,44,0,0,1,1,45,0,0,1
3553,6.97,80.4,76.5,0,69,59,61,59,67,55,74,66,59,75,61,72,0,0,1,0,0,0,0,1
3554,5.28,71.2,63.9,2,64,63,58,57,60,63,61,60,68,44,62,55,0,0,1,3,56,47,0,1
3555,9.11,89.7,98.0,2,55,42,60,47,52,53,57,60,54,54,48,47,0,0,0,1,52,0,0,0
3556,7.95,80.7,77.5,0,58,52,57,58,65,48,71,72,64,72,59,56,1,66,1,1,0,59,0,1
3557,7.17,75.7,75.1,1,61,47,67,52,51,54,56,55,50,71,57,60,0,0,2,3,39,0,0,1
3558,8.97,94.1,96.4,0,57,37,52,48,55,45,53,53,52,57,55,63,0,0,0,0,0,0,10,0
3559,6.51,76.5,76.3,0,62,63,72,57,66,57,73,67,62,56,55,54,0,0,1,2,0,55,0,1
3560,7.29,75.5,82.2,0,65,68,71,66,58,52,60,63,60,57,59,53,0,0,0,2,0,0,0,1
3561,6.93,79.4,64.2,0,74,56,71,61,70,54,74,76,60,61,53,52,2,63,1,0,0,0,0,1
3562,7.11,68.6,79.3,0,67,47,61,61,53,54,69,59,59,59,63,48,0,0,0,1,24,10,0,0
3563,5.91,67.3,66.5,2,54,36,52,53,44,30,60,47,51,71,57,51,0,0,0,0,0,0,56,0
3564,7.22,80.1,78.9,2,69,56,58,73,61,55,68,60,69,49,51,43,0,0,1,2,0,26,0,0
3565,6.87,78.3,70.5,0,68,54,49,63,61,54,54,55,53,53,60,55,1,46,0,2,0,0,10,0
3566,6.01,71.6,74.3,2,58,48,56,54,57,53,50,51,60,56,55,41,0,0,0,0,0,0,0,0
3567,7.91,83.4,79.9,1,59,56,51,51,57,45,57,50,50,65,57,55,0,0,0,1,0,0,31,0
3568,7.99,85.5,91.7,1,43,42,53,55,47,34,59,52,49,72,57,60,0,0,0,1,18,0,45,0
3569,7.53,72.6,74.6,0,68,41,58,61,71,66,60,51,66,65,62,54,1,62,1,1,0,46,0,1
3570,6.45,71.1,64.2,1,79,65,64,69,65,60,54,66,75,84,59,65,0,0,0,2,43,38,41,1
3571,6.87,77.7,66.3,1,59,46,47,59,64,45,56,61,61,74,62,75,0,0,0,3,0,0,0,1
3572,8.03,87.2,78.0,0,78,70,76,68,72,57,65,73,68,58,58,55,4,77,1,1,0,62,0,1
3573,8.75,91.7,82.1,1,57,46,54,49,54,47,64,58,55,71,63,61,0,0,0,2,0,0,14,0
3574,7.58,82.3,83.3,0,74,63,58,68,69,48,65,64,63,45,62,57,0,0,1,0,0,10,0,1
3575,8.68,86.6,84.6,2,69,61,63,51,64,47,71,67,67,55,53,54,0,0,0,3,0,10,0,0
3576,8.46,83.1,82.1,0,83,68,73,74,54,63,79,79,84,44,47,40,0,0,0,0,0,68,0,1
3577,6.74,79.3,76.8,0,67,53,59,53,60,54,58,57,58,77,59,68,0,0,0,0,26,22,0,1
3578,6.51,70.8,78.8,0,75,70,63,61,68,62,60,68,69,58,62,63,0,0,0,1,0,0,38,1
3579,7.07,78.8,73.2,3,81,60,83,69,70,53,89,85,75,55,53,51,0,0,1,0,28,0,0,0
3580,7.31,77.6,68.3,1,52,46,54,41,53,31,58,56,53,65,53,46,0,0,0,1,0,72,10,0
3581,6.98,74.8,82.0,3,63,62,70,64,77,48,71,69,67,63,63,61,0,0,1,1,0,24,0,0
3582,7.68,85.7,79.7,0,65,52,66,61,65,48,68,62,50,70,70,54,0,0,0,0,0,40,37,1
3583,8.75,88.1,82.0,0,70,58,68,61,68,63,62,60,61,68,63,56,0,0,0,0,81,71,30,1
3584,7.06,79.9,72.6,1,61,61,55,58,50,59,58,63,55,59,60,52,0,0,1,0,0,0,39,0
3585,7.47,77.3,70.6,1,82,68,77,70,68,69,76,76,86,46,59,44,0,0,0,3,0,0,0,0
3586,7.12,79.8,71.3,1,62,54,61,53,72,48,69,67,60,71,58,75,0,0,0,2,47,52,0,0
3587,7.74,81.2,73.7,0,66,55,63,65,44,45,62,63,67,67,56,57,1,73,0,2,74,73,26,1
3588,7.26,78.2,74.2,0,55,38,62,47,59,45,58,58,52,57,44,40,0,0,0,1,0,10,18,0
3589,8.59,89.8,78.2,0,57,58,58,64,44,47,58,62,64,71,65,67,0,0,1,0,63,68,0,1
3590,7.18,75.8,67.4,1,74,62,76,53,52,45,75,73,62,80,73,57,3,63,0,2,40,12,66,1
3591,7.48,81.7,92.3,0,73,68,65,68,67,68,62,61,68,63,56,52,2,75,2,0,0,53,0,1
3592,8.28,88.6,79.8,0,66,62,68,56,57,48,65,67,62,62,61,57,0,0,1,0,30,14,0,1
3593,8.23,89.4,83.3,2,48,50,50,46,35,45,67,59,63,44,44,47,0,0,0,3,0,41,0,1
3594,6.98,88.9,77.0,0,63,49,49,53,44,45,44,46,53,71,60,60,1,59,1,2,0,0,0,1
3595,6.95,77.6,82.2,0,78,58,55,69,61,44,62,51,67,49,55,60,1,65,0,1,31,0,0,1
3596,7.45,80.4,76.7,1,72,48,61,59,49,55,61,64,65,56,65,64,0,0,0,1,29,50,28,1
3597,7.97,84.9,85.2,0,55,55,48,54,60,66,49,50,58,58,53,54,1,50,1,1,0,0,0,1
3598,7.49,80.8,89.9,0,78,65,73,72,74,62,76,79,76,39,54,40,0,0,2,0,71,0,0,1
3599,7.02,81.1,79.0,0,64,62,63,58,64,64,86,73,70,44,50,45,0,0,0,1,17,18,0,1
3600,8.08,82.1,86.4,0,74,60,61,60,65,59,61,61,78,62,63,46,1,63,0,2,40,0,10,0
3601,8.24,84.5,80.7,0,67,58,70,71,63,65,65,65,71,53,52,53,1,65,0,0,0,0,0,1
3602,7.3,87.2,86.3,0,70,60,68,66,71,61,56,51,65,62,55,69,0,0,0,0,0,0,0,0
3603,6.9,73.5,78.2,0,71,70,70,62,64,63,66,62,61,63,66,75,0,0,0,2,0,0,39,1
3604,6.98,78.0,74.0,0,51,41,44,37,56,37,59,56,52,66,52,47,0,0,1,0,37,35,0,0
3605,6.72,71.3,79.1,2,54,50,72,60,61,49,71,70,76,71,63,53,1,50,0,1,0,0,0,1
3606,7.96,87.7,78.8,2,68,72,61,61,64,44,64,62,64,61,69,64,0,0,1,1,0,0,0,1
3607,9.65,91.7,89.2,3,66,62,57,57,71,40,56,58,65,55,55,55,0,0,0,0,0,10,0,0
3608,7.82,88.9,83.6,0,74,51,67,62,68,50,69,60,67,76,64,57,0,0,1,0,54,42,66,1
3609,6.37,69.9,71.7,2,66,56,55,49,46,59,63,72,70,43,58,56,0,0,0,0,48,0,0,0
3610,8.09,80.9,81.1,0,83,65,64,66,69,52,77,57,67,60,56,61,2,67,1,1,67,0,0,1
3611,7.98,81.5,80.9,2,48,59,33,38,43,45,54,54,45,53,53,56,0,0,0,0,0,0,0,0
3612,6.78,77.8,74.6,0,78,58,64,58,68,66,63,66,60,70,64,54,0,0,1,0,52,0,0,1
3613,7.21,84.7,81.9,0,61,60,66,61,58,49,56,58,62,54,57,51,0,0,1,0,30,0,0,1
3614,8.02,81.1,87.9,0,60,43,56,54,57,45,57,52,66,62,55,59,0,0,0,0,21,39,0,1
3615,7.24,81.6,67.7,2,71,66,58,60,72,65,68,63,68,48,59,55,1,76,1,2,73,73,0,1
3616,8.32,84.8,85.4,0,62,54,54,57,58,47,60,62,64,56,63,56,0,0,0,0,0,10,0,0
3617,7.25,81.5,80.1,2,50,30,39,49,49,42,42,50,56,57,57,63,0,0,1,1,0,0,0,0
3618,6.77,65.6,69.9,1,72,53,60,70,62,47,70,60,65,53,52,55,0,0,1,0,44,0,0,1
3619,8.75,80.6,81.7,0,60,46,66,56,47,49,73,57,70,72,61,68,1,36,0,0,0,0,65,1
3620,6.88,89.8,78.7,0,61,58,65,61,59,64,78,75,71,54,59,55,1,66,1,1,69,57,0,1
3621,8.53,87.1,83.0,3,66,46,58,55,56,56,57,52,65,53,48,46,0,0,0,1,0,0,0,0
3622,7.95,90.1,85.0,0,65,59,63,59,68,57,56,62,62,53,48,63,0,0,0,0,0,21,0,0
3623,8.25,90.1,84.7,0,51,34,56,54,52,39,58,62,55,51,47,49,0,0,0,1,0,0,0,0
3624,5.95,76.0,70.0,1,66,50,53,57,60,57,41,47,68,69,47,55,0,0,0,0,0,0,37,0
3625,8.19,89.2,74.8,0,62,48,63,59,63,54,67,63,61,47,62,57,1,76,1,2,82,72,26,1
3626,8.05,78.7,76.7,0,81,56,65,65,67,70,62,63,67,62,63,57,0,0,0,1,0,0,0,1
3627,7.22,75.6,73.5,3,50,44,49,54,41,45,53,59,49,41,45,44,0,0,2,2,0,0,0,0
3628,7.77,91.3,84.2,1,70,55,78,67,58,41,78,71,70,58,62,60,0,0,0,0,0,39,28,1
3629,7.15,86.0,70.9,0,66,43,55,62,59,53,68,67,62,59,67,67,3,82,1,1,0,0,56,1
3630,6.36,72.0,68.0,0,55,40,51,50,45,34,63,59,57,81,61,58,1,65,0,0,0,87,67,1
3631,7.28,91.8,89.3,0,64,55,63,58,59,46,61,62,56,57,42,44,0,0,0,0,0,0,10,0
3632,8.02,85.8,91.2,0,69,64,75,63,73,69,75,70,67,71,65,59,3,78,1,1,0,66,42,1
3633,8.44,85.3,77.4,0,59,49,60,55,55,45,61,64,62,44,59,51,0,0,1,0,0,0,0,1
3634,7.42,87.7,75.0,2,58,52,60,49,73,40,77,72,67,50,38,50,0,0,1,2,0,52,0,1
3635,7.72,89.0,87.5,1,71,59,66,68,59,66,61,58,66,55,65,42,0,0,0,1,0,0,0,1
3636,6.58,71.7,67.5,2,51,43,59,49,44,41,61,60,62,52,50,50,3,64,0,3,0,0,0,0
3637,8.43,85.5,84.1,0,62,60,63,63,61,51,67,64,58,73,61,75,0,0,0,1,0,72,46,1
3638,5.5,66.9,67.8,0,76,60,78,65,75,51,83,68,70,36,46,51,0,0,1,2,0,0,0,0
3639,5.89,59.8,52.9,0,76,60,76,62,75,65,70,68,58,49,60,56,2,69,0,1,51,75,0,1
3640,7.99,80.8,80.0,1,63,48,61,62,66,62,69,60,58,73,63,65,0,0,0,1,47,40,63,1
3641,7.02,79.9,71.4,0,69,58,62,68,74,58,55,59,56,63,55,46,3,56,1,0,17,0,0,1
3642,7.29,85.1,78.1,0,65,59,53,73,56,45,63,60,57,66,65,56,0,0,0,0,0,0,60,1
3643,7.19,82.4,75.7,0,64,58,71,63,53,41,61,63,69,81,65,59,0,0,0,1,24,0,42,0
3644,7.82,82.9,74.0,0,63,47,64,60,58,42,66,75,66,52,60,39,0,0,1,0,0,0,0,1
3645,7.51,81.9,74.2,2,66,52,60,57,60,49,68,64,61,58,63,53,0,0,0,3,0,19,0,0
3646,7.7,80.6,83.3,0,56,52,52,53,58,47,58,60,65,75,75,62,0,0,1,0,0,44,0,0
3647,5.55,59.7,66.9,1,65,63,64,66,54,54,70,64,70,49,48,52,1,67,0,0,0,0,0,1
3648,7.9,88.7,79.3,0,72,49,63,62,61,56,60,67,65,61,54,41,1,73,1,1,66,0,0,1
3649,7.66,84.3,68.5,0,60,68,71,55,65,51,62,56,61,58,67,58,2,86,1,2,90,90,0,1
3650,7.56,84.7,74.5,0,61,48,64,54,61,55,70,70,60,64,64,59,0,0,0,1,0,0,0,1
3651,8.09,95.9,75.7,0,73,58,62,58,69,60,65,73,68,63,68,67,0,0,0,0,0,0,39,1
3652,7.68,82.1,93.9,0,54,40,66,45,66,43,61,58,58,72,60,55,0,0,0,0,0,0,0,1
3653,6.96,77.0,78.6,0,76,60,63,64,63,63,60,59,60,47,66,51,0,0,2,2,0,0,0,1
3654,9.17,91.6,90.5,2,61,53,61,58,67,50,63,65,59,83,71,75,0,0,0,1,0,0,84,1
3655,7.89,90.0,76.9,2,74,71,64,60,69,57,61,65,85,67,60,72,0,0,0,1,0,0,0,1
3656,7.2,82.3,80.2,0,80,66,65,64,76,54,65,73,66,51,71,69,0,0,0,1,0,44,0,1
3657,6.81,84.8,82.3,1,62,57,66,68,72,56,65,64,70,61,56,56,0,0,0,1,0,0,0,1
3658,7.21,85.2,79.3,1,73,73,47,69,78,59,61,61,69,55,61,49,0,0,1,0,70,83,0,1
3659,7.79,84.6,77.0,3,71,64,68,71,73,44,67,72,62,57,67,64,1,84,1,1,70,82,63,1
3660,8.15,84.2,79.8,1,59,57,47,59,61,49,63,58,61,64,67,56,0,0,0,1,0,0,0,0
3661,6.85,93.7,71.3,1,62,56,48,58,60,66,58,54,67,69,58,49,0,0,1,2,0,60,39,1
3662,6.36,76.6,73.5,1,75,64,72,75,74,63,71,73,78,74,61,79,1,88,1,2,90,90,0,1
3663,7.13,71.8,59.6,1,66,65,58,48,47,50,62,54,57,58,65,61,0,0,0,0,0,0,0,0
3664,7.85,84.2,80.7,2,62,62,58,63,58,42,51,67,59,69,62,59,0,0,1,0,26,0,49,1
3665,6.57,72.7,73.5,0,55,48,64,56,59,44,68,62,59,69,70,67,0,0,2,0,0,0,43,0
3666,8.06,82.3,72.5,0,55,47,55,46,62,46,52,56,53,71,69,63,0,0,0,2,0,0,54,1
3667,5.6,71.4,67.7,0,73,58,74,61,69,67,70,63,71,59,59,50,2,84,0,3,24,40,24,1
3668,6.77,75.4,80.4,1,77,61,69,62,71,68,57,57,70,54,48,56,4,71,0,1,68,73,0,1
3669,7.88,96.9,89.6,0,65,55,72,55,59,54,62,68,61,50,57,48,0,0,0,0,0,0,0,1
3670,8.26,84.7,89.0,2,51,44,56,50,54,51,69,70,62,57,43,44,0,0,0,1,0,0,0,0
3671,6.64,72.3,72.1,2,72,46,62,51,58,46,56,57,62,43,47,53,0,0,0,2,31,0,0,0
3672,7.53,81.3,86.1,1,60,49,55,54,54,42,58,62,59,52,55,54,0,0,1,0,0,0,44,0
3673,7.65,86.8,78.9,0,67,61,65,52,64,58,73,70,74,59,66,56,4,48,1,0,0,0,0,1
3674,7.33,74.1,77.1,0,65,51,65,56,58,55,72,79,66,60,55,60,4,52,1,0,0,39,0,1
3675,6.37,73.4,70.8,1,65,53,68,51,50,48,78,66,68,58,58,62,0,0,1,0,0,0,0,0
3676,7.62,70.8,75.0,0,84,85,79,85,83,74,62,64,77,60,69,61,2,57,1,1,0,0,0,1
3677,5.53,58.8,65.5,0,74,67,68,64,70,53,72,85,75,58,63,48,0,0,0,0,32,0,0,0
3678,5.64,69.6,59.3,1,70,64,67,67,72,60,63,66,72,60,54,57,1,80,1,0,67,64,29,1
3679,7.5,83.4,75.5,0,71,67,68,67,62,61,60,58,69,76,68,66,0,0,0,3,0,44,46,1
3680,5.6,65.1,57.2,0,41,34,44,47,44,42,68,69,48,78,57,67,0,0,0,1,25,0,0,0
3681,6.88,75.3,72.2,3,64,39,60,41,51,27,57,43,69,78,55,60,0,0,0,2,17,0,0,0
3682,7.58,78.3,81.1,0,74,69,73,72,65,56,62,64,65,63,57,60,0,0,0,0,36,0,0,1
3683,7.0,68.8,72.9,1,70,62,64,71,72,70,67,62,64,59,57,60,0,0,0,2,0,0,0,1
3684,6.04,75.3,70.2,0,57,30,58,43,58,40,73,68,54,67,58,65,0,0,1,2,43,0,37,1
3685,6.53,75.9,75.5,0,71,69,63,64,68,54,58,59,63,57,65,56,3,52,0,2,0,10,0,1
3686,8.32,78.3,84.1,0,60,49,61,51,59,42,71,62,70,52,45,33,1,58,0,2,63,87,0,1
3687,7.63,83.3,88.5,1,57,51,57,57,54,36,64,62,56,58,66,59,0,0,0,3,15,0,0,1
3688,8.1,86.7,89.3,2,74,72,66,68,70,51,65,68,79,53,66,52,0,0,2,0,0,36,0,1
3689,8.15,78.4,78.1,0,62,52,65,60,58,50,66,58,71,51,53,53,0,0,1,1,0,0,0,1
3690,6.63,74.5,70.3,0,69,53,61,50,62,40,68,59,54,75,77,69,4,59,0,2,38,38,0,1
3691,7.17,91.1,78.3,0,76,65,71,80,64,66,71,61,70,62,62,53,0,0,1,2,0,15,0,1
3692,8.09,88.4,89.0,0,65,48,61,51,49,47,71,61,53,49,62,60,0,0,0,0,0,0,0,0
3693,7.77,78.0,85.8,0,79,63,71,79,64,65,65,71,79,56,60,56,1,59,0,0,34,0,0,1
3694,6.48,76.8,73.1,0,70,52,64,64,64,45,62,60,60,64,61,70,0,0,0,0,19,0,0,1
3695,8.33,96.5,81.4,3,67,58,58,59,53,51,51,59,66,54,51,50,0,0,0,0,30,0,0,1
3696,6.8,74.3,70.0,0,61,52,61,58,57,51,51,59,64,76,53,61,0,0,0,1,0,0,0,0
3697,9.67,90.7,90.1,0,65,56,64,62,53,42,57,63,57,67,52,55,0,0,1,1,0,0,30,1
3698,8.61,94.3,90.7,0,47,41,47,35,46,37,57,61,50,65,57,60,2,38,1,1,0,0,56,1
3699,7.09,80.0,74.9,0,75,67,74,66,74,71,77,79,86,58,74,58,0,0,0,0,32,41,0,1
3700,8.2,83.4,80.9,1,70,51,78,63,64,53,72,76,64,53,57,48,0,0,0,1,0,0,25,0
3701,6.76,79.3,71.7,2,69,64,54,61,63,50,43,55,63,47,61,57,3,59,0,2,0,45,0,0
3702,7.08,80.3,81.2,2,64,63,71,55,55,67,73,58,59,46,53,60,0,0,1,0,22,0,0,0
3703,8.9,94.5,90.3,3,71,61,72,65,53,59,66,66,71,49,55,56,1,53,0,3,0,26,0,1
3704,7.03,75.1,72.2,0,73,61,66,66,72,55,52,60,56,63,64,48,1,62,0,0,42,0,0,0
3705,8.33,97.9,89.5,0,64,70,74,56,60,57,73,72,77,69,57,49,2,79,0,1,0,90,39,1
3706,7.85,82.9,77.9,1,72,59,74,63,61,53,64,64,61,58,67,66,2,44,0,2,0,0,0,1
3707,6.84,77.5,70.4,1,64,50,67,76,67,44,70,54,73,73,71,58,0,0,2,2,0,0,0,1
3708,6.02,78.0,71.3,2,53,53,63,42,51,53,74,71,85,59,62,62,0,0,0,2,0,0,0,1
3709,7.21,86.3,72.7,0,51,34,48,41,40,25,63,50,51,56,55,58,0,0,0,2,43,28,0,0
3710,6.94,71.1,70.9,1,56,46,59,50,70,41,70,66,60,63,52,63,0,0,0,2,0,14,0,0
3711,8.68,87.7,86.7,0,54,37,48,44,44,42,67,53,50,65,54,57,0,0,0,2,0,0,0,1
3712,7.97,84.9,78.3,2,51,50,53,43,50,54,65,68,61,82,67,68,2,66,1,0,0,49,76,1
3713,7.22,76.2,77.7,0,57,41,57,45,47,33,70,58,59,66,58,60,2,44,0,1,0,45,0,0
3714,5.82,73.6,65.8,3,59,64,57,53,57,62,64,49,64,61,62,52,0,0,2,0,0,0,0,0
3715,6.93,81.5,71.0,0,71,59,62,71,61,72,52,53,67,61,72,47,0,0,1,3,0,10,0,1
3716,6.72,82.5,76.2,0,70,61,69,68,59,54,78,71,76,48,46,49,0,0,0,1,0,0,0,0
3717,7.14,75.4,77.0,0,74,61,66,65,67,65,51,55,52,60,61,63,0,0,0,0,0,42,19,1
3718,6.28,71.9,72.4,0,61,57,56,65,65,51,39,42,50,68,70,69,0,0,0,0,0,0,0,0
3719,8.69,88.3,88.6,0,61,49,65,62,57,50,64,61,60,63,57,69,0,0,0,2,0,0,0,1
3720,7.22,83.1,79.3,0,68,57,66,61,62,41,68,67,65,69,61,62,1,67,0,3,37,24,0,1
3721,6.53,78.9,78.9,2,65,51,60,53,43,44,50,52,57,60,58,60,1,50,1,0,68,0,18,1
3722,6.82,79.5,86.0,1,79,66,76,67,65,51,59,54,70,54,56,59,0,0,0,2,0,0,39,0
3723,7.52,74.5,78.1,0,68,60,56,54,69,53,57,58,57,63,56,52,0,0,0,1,0,73,59,1
3724,8.58,96.1,80.7,0,72,53,67,67,59,53,73,71,71,70,64,83,1,66,0,0,38,0,0,1
3725,6.38,72.1,70.9,1,71,43,58,63,71,54,70,53,61,65,57,64,0,0,0,2,0,0,64,1
3726,5.98,73.3,71.3,0,58,54,56,52,67,53,62,59,56,72,68,71,0,0,0,0,26,35,70,1
3727,7.41,81.1,76.8,0,67,55,69,54,62,56,78,75,65,61,59,51,0,0,0,0,65,0,0,1
3728,6.07,74.2,66.2,1,56,53,64,56,54,55,83,60,64,63,66,68,4,59,1,1,49,60,61,1
3729,7.56,80.6,83.1,2,83,70,68,65,73,55,52,58,61,63,61,64,0,0,0,0,0,10,52,1
3730,5.53,68.4,75.4,3,60,44,56,41,37,37,60,58,55,48,52,43,1,49,0,0,0,0,0,0
3731,7.23,78.3,78.1,1,71,52,67,69,70,71,72,78,69,75,60,62,0,0,0,0,0,0,74,1
3732,7.8,77.8,72.2,1,66,58,60,58,53,51,55,63,58,71,67,56,1,72,0,0,77,63,53,1
3733,6.09,74.7,70.6,0,70,61,59,62,74,55,57,57,62,55,57,47,2,65,1,0,0,63,0,0
3734,5.08,66.7,67.3,0,58,51,51,57,45,40,45,54,50,49,55,48,0,0,0,3,0,0,0,0
3735,6.93,81.8,78.6,2,53,48,69,50,57,38,65,64,63,64,46,50,0,0,0,1,24,33,30,1
3736,7.74,72.4,79.1,0,71,44,53,57,62,46,56,64,62,51,60,46,2,36,0,3,0,0,0,1
3737,7.25,78.2,72.2,0,82,64,74,71,76,51,76,81,80,61,65,49,1,95,1,0,60,69,0,1
3738,8.02,89.0,94.3,0,62,52,59,57,42,36,62,61,59,67,70,64,0,0,1,0,0,0,0,1
3739,7.46,83.7,76.3,0,69,60,71,64,69,59,77,74,70,76,77,62,1,66,1,0,60,0,0,1
3740,7.94,86.1,87.9,1,71,70,65,66,64,66,72,76,66,72,57,63,0,0,0,0,0,10,0,1
3741,7.31,79.7,69.9,1,58,39,67,51,51,42,83,62,73,50,53,51,3,52,2,0,19,0,0,1
3742,6.82,86.0,87.2,1,51,25,48,44,62,44,57,49,56,76,58,62,1,48,1,1,59,44,0,1
3743,7.07,72.1,76.5,0,77,57,75,67,74,68,64,68,59,82,66,71,2,58,1,2,48,0,0,1
3744,8.07,84.8,81.2,1,56,43,58,49,53,44,62,63,58,71,54,70,1,42,0,0,27,37,40,1
3745,7.44,87.1,87.4,3,76,61,60,67,68,60,72,64,63,70,63,56,0,0,0,0,52,64,0,1
3746,5.83,79.7,67.9,1,62,65,70,53,60,56,74,63,64,75,71,64,2,68,0,2,0,27,55,1
3747,7.07,73.5,76.9,0,48,36,53,47,44,35,68,52,47,62,55,54,0,0,0,0,0,0,20,0
3748,6.36,67.3,64.2,2,72,53,67,69,67,60,63,67,68,60,60,51,0,0,0,1,10,10,0,0
3749,6.61,69.8,68.4,0,54,42,53,55,57,37,60,64,63,72,66,73,0,0,0,1,0,23,0,1
3750,6.72,74.8,76.3,1,72,60,71,61,57,50,65,62,68,63,55,46,1,86,1,1,74,40,0,1
3751,8.44,90.7,91.4,1,54,41,58,53,45,43,72,59,57,56,60,45,0,0,0,1,0,10,0,1
3752,7.99,90.6,83.9,1,67,67,60,59,81,60,70,67,75,44,68,56,0,0,1,1,33,0,0,0
3753,7.37,84.1,76.3,1,60,56,60,62,58,42,69,70,65,50,48,49,0,0,0,1,0,16,0,0
3754,7.28,77.7,74.3,2,78,63,78,72,72,61,63,77,77,56,63,45,1,77,0,0,0,62,0,1
3755,6.71,72.1,71.8,0,64,55,63,58,61,46,64,60,54,62,65,66,0,0,0,2,88,76,59,1
3756,7.89,76.5,70.6,2,73,79,91,70,75,59,89,85,83,49,62,51,1,56,1,1,0,41,0,1
3757,7.53,75.6,81.7,0,76,54,58,67,64,52,66,52,64,74,75,60,0,0,0,2,48,0,0,1
3758,6.78,79.2,84.7,0,73,60,62,66,70,48,52,66,67,62,61,68,0,0,0,2,0,0,30,1
3759,6.82,71.5,75.1,0,63,61,68,64,62,57,72,60,65,56,61,61,0,0,1,0,0,13,0,0
3760,6.82,72.6,72.6,0,71,51,58,62,61,49,74,68,67,71,69,71,0,0,0,0,0,18,0,1
3761,7.03,81.1,74.9,3,75,62,69,72,67,56,65,77,71,65,66,47,0,0,0,0,0,10,0,1
3762,8.58,90.4,91.0,1,79,66,67,60,67,55,71,67,66,61,60,49,1,68,0,0,42,39,0,1
3763,7.54,85.4,71.4,1,75,55,67,60,68,57,64,65,65,62,63,60,2,58,2,0,0,0,0,1
3764,7.2,84.2,83.4,0,65,40,61,50,62,42,63,59,70,64,51,61,0,0,0,0,0,0,0,0
3765,8.08,92.4,82.9,0,61,54,50,57,60,56,44,46,50,56,55,48,0,0,0,0,0,0,13,0
3766,6.34,67.8,66.7,3,68,59,75,59,71,55,69,59,77,56,56,57,4,64,0,0,0,0,27,1
3767,7.69,83.3,79.3,3,71,62,68,58,79,70,66,69,70,56,60,51,0,0,0,1,0,28,36,1
3768,7.04,84.3,74.7,2,66,61,52,58,54,60,65,64,60,54,56,63,0,0,0,1,0,0,0,0
3769,7.67,79.8,75.4,0,66,55,71,64,55,49,63,62,65,72,66,52,0,0,1,0,0,0,0,1
3770,5.25,70.2,60.5,1,64,68,70,61,68,53,69,60,60,60,63,57,0,0,1,2,0,0,0,0
3771,8.09,90.0,78.7,0,68,66,67,71,57,52,55,64,71,61,63,68,1,49,0,0,0,0,0,1
3772,7.65,77.3,71.3,0,74,65,69,62,65,70,66,60,63,56,69,67,2,54,0,0,0,0,0,1
3773,7.11,77.4,74.9,2,64,74,73,72,73,58,72,66,70,52,59,59,0,0,0,1,0,28,0,1
3774,7.28,76.7,73.0,3,76,67,76,68,76,70,80,84,66,58,57,52,0,0,2,2,0,10,18,0
3775,7.38,80.3,83.3,3,54,59,67,55,59,45,74,67,51,52,51,54,0,0,0,3,0,0,0,0
3776,6.33,80.9,66.7,1,77,67,66,56,72,69,59,55,61,64,50,41,1,52,1,1,0,0,0,0
3777,6.63,71.1,74.3,3,56,52,47,53,54,34,44,52,44,64,67,66,0,0,0,3,0,0,0,0
3778,6.32,74.5,72.5,1,71,52,64,68,66,43,63,66,71,69,66,53,0,0,0,1,0,0,0,1
3779,8.0,82.0,80.4,0,62,56,55,61,71,50,57,53,52,56,60,58,0,0,1,1,0,20,0,0
3780,7.99,76.3,76.0,2,69,56,60,57,53,50,64,65,64,41,57,53,0,0,1,0,27,0,0,0
3781,7.36,74.4,77.3,0,65,74,50,65,60,50,64,61,54,68,72,64,0,0,0,1,22,0,37,1
3782,6.18,74.7,66.5,1,43,40,53,46,49,34,68,61,50,56,55,56,0,0,0,0,0,54,0,0
3783,5.18,71.1,70.7,0,60,64,58,50,59,45,59,61,59,59,58,49,0,0,0,2,0,0,37,1
3784,6.21,72.3,73.8,0,59,45,55,51,45,43,62,58,52,50,51,50,0,0,1,2,0,41,0,0
3785,7.16,86.8,73.6,0,69,50,64,55,72,55,51,54,63,55,55,55,0,0,2,1,26,15,0,0
3786,6.51,67.0,71.3,1,77,66,67,64,76,45,76,71,70,52,60,55,0,0,0,1,15,0,0,0
3787,6.83,73.6,77.9,2,79,84,78,89,76,71,69,75,74,54,67,61,0,0,0,2,61,49,0,1
3788,5.89,68.3,64.6,0,64,62,70,53,66,56,72,76,75,73,64,58,2,55,1,0,52,0,73,1
3789,7.4,87.0,76.4,1,78,66,81,67,72,55,77,78,72,52,61,51,0,0,0,1,0,0,0,1
3790,8.09,89.9,84.0,0,59,54,65,52,55,50,61,63,55,90,66,68,0,0,0,1,0,0,73,1
3791,8.68,90.6,79.3,0,56,48,59,40,46,38,69,67,59,70,61,55,0,0,0,1,0,0,0,1
3792,7.87,80.8,82.9,3,78,66,65,69,71,72,64,59,70,65,64,50,2,71,0,0,38,0,0,1
3793,7.38,78.6,70.7,0,78,72,68,73,64,59,79,74,78,38,45,37,0,0,0,3,10,0,0,1
3794,8.4,84.6,79.3,1,76,58,71,67,63,49,66,66,67,44,60,54,3,54,0,0,0,21,0,1
3795,7.3,77.3,75.5,0,63,64,71,56,68,43,65,67,73,66,59,64,4,85,1,3,90,78,16,1
3796,4.52,60.5,60.0,2,78,72,61,75,70,72,60,59,78,43,61,53,0,0,1,2,0,27,0,0
3797,7.64,80.2,85.2,2,54,39,55,41,62,50,59,61,59,58,64,54,1,57,1,1,50,0,0,0
3798,7.79,80.1,73.0,3,67,64,68,65,68,51,70,59,63,59,61,52,4,56,1,0,0,51,0,1
3799,6.4,72.2,81.1,1,54,44,44,52,61,54,53,57,47,46,47,44,0,0,0,1,0,0,0,0
3800,7.21,85.1,84.3,1,73,66,59,66,69,57,66,62,67,57,61,52,0,0,0,1,0,28,0,0
3801,6.28,78.7,61.0,0,69,44,52,48,68,49,75,69,58,58,62,48,0,0,0,1,0,0,0,0
3802,6.46,74.9,64.5,1,63,53,65,61,67,41,66,69,66,52,59,61,2,73,0,0,57,0,0,1
3803,8.2,87.9,80.8,1,57,52,63,51,50,59,69,65,66,61,59,54,0,0,0,0,0,0,0,0
3804,6.26,71.1,71.5,0,67,56,68,62,68,49,69,68,70,58,52,59,1,60,0,0,34,0,0,1
3805,8.03,81.9,76.7,1,82,77,63,76,73,58,57,65,76,63,64,53,0,0,0,0,0,0,10,1
3806,7.45,70.8,80.2,1,56,42,67,44,56,54,77,71,75,50,38,42,2,45,1,3,66,45,0,1
3807,7.62,83.5,69.3,0,72,68,65,60,70,52,67,72,75,51,51,49,0,0,1,1,0,0,0,1
3808,6.33,76.1,81.6,1,74,51,61,56,65,57,75,65,72,83,71,75,0,0,0,2,0,0,0,1
3809,5.68,65.4,67.9,0,51,42,53,48,50,38,64,60,58,54,51,52,3,48,0,1,0,11,0,0
3810,8.09,80.4,78.8,1,67,40,51,46,50,49,57,56,58,70,59,69,0,0,0,2,0,34,77,1
3811,7.11,78.5,78.2,1,63,49,63,60,52,68,60,65,59,72,66,61,0,0,0,0,0,0,0,0
3812,6.9,72.3,79.2,1,59,49,54,48,56,31,64,68,61,65,53,65,0,0,0,0,46,39,41,0
3813,9.19,95.1,94.1,1,63,51,59,68,53,62,62,55,61,60,57,55,0,0,0,1,0,0,12,1
3814,7.31,87.7,78.5,0,62,44,66,55,62,63,75,66,67,63,65,75,3,46,1,2,0,21,0,1
3815,6.21,68.8,76.3,0,59,54,63,59,57,36,65,62,53,55,43,54,3,46,0,2,0,10,0,1
3816,7.63,81.4,77.3,1,66,70,68,56,64,49,60,58,61,64,58,64,2,78,0,1,64,76,0,1
3817,5.21,65.4,74.3,0,55,47,48,36,42,31,67,53,61,55,56,59,0,0,0,0,22,0,0,1
3818,7.21,74.4,82.7,0,74,71,75,61,71,53,69,70,70,50,55,58,2,65,0,0,0,0,0,1
3819,8.69,91.2,86.7,0,60,47,66,53,55,43,52,52,56,71,58,48,0,0,1,2,18,0,0,1
3820,5.88,68.6,70.1,0,61,59,60,62,58,50,65,59,58,47,50,57,3,47,2,0,0,0,0,1
3821,6.94,85.6,77.1,0,56,51,50,52,53,38,63,60,55,61,64,55,0,0,0,0,0,0,34,0
3822,6.35,75.1,74.5,0,66,60,73,61,57,47,75,73,65,71,52,56,0,0,0,0,57,49,0,1
3823,6.97,83.9,76.4,0,46,34,40,39,41,30,55,47,36,43,45,44,0,0,0,3,56,49,0,0
3824,7.72,78.9,79.0,0,57,57,59,54,61,41,69,60,58,62,60,68,0,0,0,0,0,0,62,1
3825,7.19,77.6,76.3,0,68,56,57,57,70,39,67,63,70,61,58,49,0,0,0,0,10,10,0,0
3826,6.54,79.5,66.8,1,72,62,76,72,73,58,60,55,67,67,68,60,0,0,0,1,10,0,56,0
3827,5.95,68.1,65.0,1,62,53,57,55,63,53,49,54,47,72,69,71,0,0,0,1,19,0,0,1
3828,8.39,86.9,87.3,0,61,54,60,53,59,45,59,66,64,65,65,58,0,0,2,2,0,0,0,0
3829,8.79,92.4,82.2,3,76,57,66,64,73,45,64,56,62,69,59,51,0,0,1,1,0,0,0,0
3830,6.37,71.6,76.5,1,51,46,46,52,55,47,63,52,55,52,53,51,0,0,0,0,0,50,0,0
3831,7.33,74.0,67.7,3,78,52,68,71,63,64,59,71,67,35,41,41,0,0,1,0,0,25,0,0
3832,7.12,86.0,77.4,1,75,61,61,73,68,73,68,68,68,61,67,58,0,0,2,0,0,49,0,1
3833,6.86,79.0,77.7,1,75,65,64,68,73,71,65,70,75,60,58,50,4,65,1,1,0,0,0,1
3834,7.53,83.9,72.7,0,63,53,68,48,60,57,79,71,70,70,53,54,0,0,2,1,36,37,0,1
3835,8.27,91.6,85.4,0,63,51,68,60,59,48,65,70,59,56,52,53,0,0,0,0,22,0,0,1
3836,6.42,74.2,69.1,0,71,60,70,68,63,64,72,67,65,58,61,54,0,0,1,0,48,44,0,1
3837,8.91,90.4,91.4,2,57,48,64,40,53,45,69,67,66,66,64,69,0,0,0,2,0,66,0,1
3838,7.0,80.6,75.1,1,65,45,52,55,66,57,56,55,65,48,65,58,0,0,0,3,0,0,0,1
3839,8.47,88.8,81.2,2,63,62,53,54,68,41,64,61,57,70,49,65,0,0,0,2,53,0,0,1
3840,7.93,92.6,90.4,1,67,67,66,66,61,45,66,57,66,64,57,54,0,0,0,0,31,15,0,1
3841,7.48,77.7,77.6,2,59,42,46,56,65,43,67,53,56,67,63,61,0,0,0,2,0,0,39,0
3842,6.91,77.0,79.0,0,61,55,60,48,49,47,53,58,59,54,46,56,0,0,2,0,23,0,0,1
3843,7.17,83.1,86.4,2,59,61,53,61,65,63,66,57,57,65,55,55,2,74,0,2,58,0,0,1
3844,6.9,75.8,73.9,0,66,65,52,64,61,62,60,46,61,43,55,37,0,0,0,2,52,25,0,1
3845,7.32,78.7,74.2,0,73,56,61,75,55,58,67,63,72,67,67,63,0,0,0,0,0,17,0,1
3846,8.07,77.9,82.7,3,65,49,59,62,53,61,66,65,59,57,48,58,0,0,0,0,0,33,0,1
3847,6.92,72.5,72.3,0,58,49,60,55,53,52,75,67,65,65,50,60,0,0,1,0,0,0,0,1
3848,6.36,72.4,66.3,1,87,72,72,88,69,68,63,64,72,58,56,52,0,0,1,0,52,36,20,1
3849,6.08,70.8,61.4,1,69,64,69,59,52,57,79,80,69,55,59,60,2,72,1,0,66,51,26,1
3850,6.98,82.9,85.3,0,67,63,59,67,71,48,61,60,69,67,55,53,0,0,0,0,0,39,0,1
3851,7.24,80.9,84.5,3,67,56,48,61,59,35,58,41,45,56,55,51,1,64,1,0,39,0,0,1
3852,7.89,88.3,79.5,2,61,51,54,49,60,48,60,64,52,57,69,56,3,68,1,3,0,56,0,1
3853,8.45,86.5,82.6,0,61,52,66,63,64,51,60,75,66,61,60,56,1,62,0,0,36,19,0,1
3854,6.29,76.1,71.6,1,68,56,72,60,57,59,58,56,58,51,56,44,0,0,1,0,0,0,0,1
3855,7.93,82.0,80.5,0,73,53,53,64,60,53,54,59,65,65,66,55,0,0,0,1,0,0,0,0
3856,7.72,79.5,70.8,0,76,70,82,74,71,69,80,73,78,63,68,67,0,0,0,2,0,0,0,1
3857,6.55,77.3,71.1,0,67,66,78,65,61,60,64,65,66,60,66,55,0,0,1,0,0,0,0,0
3858,6.05,72.8,68.5,1,63,59,70,49,64,40,70,68,63,62,56,60,0,0,0,2,0,0,0,1
3859,6.19,72.8,67.2,1,67,61,65,57,59,44,62,53,62,62,58,64,0,0,1,2,0,0,0,1
3860,7.45,82.7,85.1,0,60,48,66,57,49,45,63,61,54,73,57,57,0,0,1,1,22,0,0,1
3861,8.08,84.7,96.8,0,70,59,75,63,61,73,57,59,62,58,64,57,0,0,1,2,60,45,31,1
3862,6.99,84.0,80.3,0,79,60,68,60,77,50,62,61,72,61,56,66,0,0,2,1,62,90,0,1
3863,7.55,86.1,82.5,1,66,52,57,62,70,53,63,67,68,54,60,61,0,0,0,0,0,33,0,1
3864,8.25,89.0,82.5,0,57,60,73,49,65,49,77,63,66,72,64,62,0,0,1,0,0,60,37,1
3865,7.97,87.9,84.4,1,68,64,67,65,68,61,63,52,72,58,64,59,1,59,1,1,0,20,0,0
3866,8.82,87.3,78.5,1,70,57,49,54,63,46,46,60,62,70,69,59,0,0,1,3,24,0,46,1
3867,6.59,76.9,62.3,1,49,31,38,50,43,30,55,52,48,49,51,55,0,0,2,0,0,16,0,0
3868,7.51,86.8,92.4,0,63,53,64,54,66,58,69,67,52,73,70,59,0,0,1,2,37,47,48,1
3869,8.29,90.8,80.3,0,53,40,50,54,53,41,53,53,51,73,52,71,0,0,0,2,37,0,0,1
3870,6.69,71.3,70.4,0,64,58,63,61,49,48,59,59,68,73,70,60,1,53,1,2,27,0,48,1
3871,7.21,84.9,77.0,2,60,50,51,48,48,45,53,56,55,76,68,62,0,0,0,1,0,0,0,1
3872,7.84,86.3,76.9,1,57,55,45,42,50,26,64,62,49,54,47,55,0,0,1,0,44,0,0,0
3873,8.08,83.5,75.3,0,53,43,58,44,57,45,57,59,60,75,58,67,2,54,1,1,0,0,0,1
3874,7.3,80.7,72.9,1,54,56,57,55,51,34,58,56,55,59,49,55,1,70,1,0,0,0,0,1
3875,6.27,78.6,69.5,0,65,60,64,58,66,61,77,73,80,77,62,55,4,69,2,0,44,0,43,1
3876,6.83,78.1,75.4,0,44,37,45,34,47,34,60,61,52,58,50,54,0,0,0,2,0,0,46,0
3877,8.57,85.5,79.5,0,64,60,54,61,70,42,68,66,63,81,69,67,4,70,1,2,0,0,0,1
3878,7.74,77.0,79.5,0,65,55,66,64,56,66,72,70,59,53,52,49,0,0,0,2,0,34,0,0
3879,5.96,76.6,66.3,0,68,65,66,61,80,63,72,72,68,47,53,34,0,0,0,0,10,0,23,0
3880,7.16,75.9,79.4,0,65,59,71,66,55,39,79,71,67,67,54,72,0,0,0,0,0,0,0,1
3881,7.72,84.3,79.0,0,68,62,71,70,73,62,68,64,68,57,60,57,0,0,1,0,0,0,0,1
3882,8.03,90.0,85.9,0,65,67,61,63,63,43,56,54,67,37,49,46,3,70,0,2,59,0,0,0
3883,7.88,93.7,84.2,1,52,43,53,47,54,39,67,53,59,62,60,61,0,0,0,0,0,10,0,1
3884,7.37,82.5,78.4,0,57,46,59,55,57,28,61,58,63,57,51,59,1,64,1,1,64,61,0,0
3885,5.73,65.9,70.1,0,53,42,48,50,51,30,52,43,53,62,57,68,0,0,0,3,0,0,0,1
3886,7.4,78.9,81.6,0,69,56,61,59,68,50,61,63,78,63,54,57,0,0,1,0,0,0,22,0
3887,8.36,84.3,86.6,0,55,40,62,51,65,42,63,65,53,59,54,48,0,0,0,0,13,0,0,0
3888,6.3,67.3,66.5,2,71,59,65,61,70,53,62,60,60,57,62,54,0,0,0,0,0,10,0,0
3889,8.37,88.6,93.2,3,54,39,53,51,62,38,64,66,62,51,50,45,0,0,1,0,49,35,0,0
3890,6.92,84.1,77.7,0,62,56,47,53,52,40,53,51,61,57,61,56,0,0,1,0,18,0,0,0
3891,7.46,78.3,78.1,0,74,65,69,61,63,59,81,81,73,71,58,63,2,65,0,2,46,0,29,1
3892,7.34,85.6,71.4,0,62,53,46,55,55,60,48,54,57,48,50,54,0,0,1,2,0,58,0,0
3893,7.31,84.8,78.6,2,77,61,76,69,69,69,69,79,66,65,70,54,2,79,0,3,0,0,0,1
3894,5.39,69.6,69.8,1,71,68,70,60,61,57,81,75,72,60,64,52,0,0,2,3,0,18,30,1
3895,7.09,79.9,71.9,3,71,54,61,63,58,49,63,58,62,66,64,55,0,0,0,2,25,0,0,1
3896,6.54,85.4,73.6,0,63,47,56,49,53,52,59,62,61,45,64,54,0,0,0,2,0,0,0,0
3897,7.31,83.1,74.1,0,55,60,65,47,64,46,66,66,63,64,57,55,0,0,0,1,35,50,37,1
3898,7.36,84.5,88.9,1,68,65,71,64,69,49,69,66,63,52,65,53,0,0,2,2,0,33,32,1
3899,7.15,81.7,74.9,3,74,55,62,52,66,52,68,64,57,68,66,71,1,69,1,2,0,0,46,1
3900,5.88,61.7,75.0,1,67,67,66,52,63,65,82,79,72,60,60,58,0,0,2,0,60,0,0,0
3901,7.58,81.9,77.2,0,85,72,75,71,82,42,70,75,81,33,59,52,0,0,0,0,0,0,0,1
3902,7.86,84.7,77.8,2,64,54,49,58,57,41,57,70,66,52,57,52,0,0,0,0,0,10,25,0
3903,8.17,81.6,80.2,0,59,52,68,54,50,52,77,62,59,62,46,57,1,64,0,1,49,63,0,1
3904,7.98,87.3,85.5,1,62,59,57,61,61,62,58,55,69,49,67,52,0,0,0,2,0,0,0,0
3905,6.88,73.6,76.1,0,59,49,54,60,62,54,67,57,60,65,68,55,0,0,1,0,0,0,0,0
3906,7.09,77.2,71.9,0,68,68,71,63,65,53,68,83,73,55,60,60,0,0,0,0,29,0,0,1
3907,6.71,75.8,85.7,0,46,29,43,40,56,34,65,53,61,64,55,55,0,0,0,0,0,0,0,1
3908,7.66,83.6,82.1,0,56,56,63,53,63,54,70,63,69,57,59,61,0,0,2,0,28,17,0,0
3909,7.84,85.0,74.9,1,66,53,66,58,67,59,70,64,66,65,63,61,0,0,0,1,0,34,36,1
3910,7.84,80.4,76.1,0,53,48,57,57,56,37,77,72,66,83,69,87,0,0,0,0,0,0,85,1
3911,6.27,77.3,65.5,0,73,72,64,64,62,42,67,73,53,53,51,47,0,0,1,0,39,0,0,1
3912,7.33,92.8,79.7,0,70,60,68,57,59,59,68,77,67,62,65,42,0,0,0,0,33,0,0,1
3913,7.82,81.5,80.8,2,65,68,66,61,68,62,69,60,72,46,63,54,0,0,1,2,41,0,10,1
3914,8.32,85.8,89.1,0,70,71,63,73,62,59,69,74,65,46,54,45,0,0,0,0,37,0,0,1
3915,7.46,70.1,76.0,2,69,55,71,57,63,47,61,63,65,64,60,67,0,0,1,0,32,0,50,0
3916,7.55,91.9,84.6,0,80,71,67,71,69,57,61,64,73,69,62,66,0,0,1,2,32,17,49,1
3917,7.64,85.0,85.2,1,60,48,58,48,39,43,57,55,68,81,62,64,2,72,1,0,0,69,69,1
3918,6.9,79.9,79.1,3,58,61,57,60,48,45,53,60,61,60,49,54,0,0,0,0,0,0,10,0
3919,7.14,77.5,69.5,1,71,70,66,65,56,53,75,75,73,63,63,63,0,0,0,0,45,52,17,1
3920,7.2,82.3,78.2,1,69,54,68,58,59,52,66,73,69,62,51,61,2,72,1,0,0,60,0,1
3921,6.65,78.0,74.7,0,68,76,76,73,75,60,59,61,65,63,67,48,0,0,1,2,0,38,0,1
3922,7.7,89.7,78.2,0,70,66,71,65,67,59,72,67,65,67,65,66,0,0,1,1,22,0,60,1
3923,6.93,80.1,77.2,1,73,59,66,62,62,43,80,65,68,83,66,70,2,40,0,1,0,0,63,1
3924,7.37,83.0,68.5,1,44,48,51,50,47,29,58,66,45,63,61,59,3,49,0,0,0,46,0,0
3925,7.41,78.9,64.2,1,60,54,57,57,55,54,69,73,60,56,66,58,0,0,1,2,36,0,0,1
3926,6.63,72.2,70.9,3,72,48,58,61,51,54,56,59,61,57,57,46,0,0,1,0,72,57,0,0
3927,6.65,69.6,71.6,0,82,78,75,81,76,58,53,62,73,61,62,62,0,0,0,0,0,0,0,1
3928,6.24,66.5,70.5,0,80,92,83,68,76,53,72,70,73,64,65,55,0,0,0,1,0,53,0,1
3929,7.73,83.6,83.9,1,69,65,55,60,67,51,60,59,59,45,52,38,0,0,0,2,0,0,0,0
3930,9.04,85.1,89.3,1,53,47,59,51,49,45,69,68,66,78,64,62,3,48,1,0,43,44,0,1
3931,8.33,89.6,87.7,3,56,54,54,63,55,39,68,58,59,62,50,58,4,68,0,0,0,0,0,1
3932,7.81,85.2,84.9,0,65,54,60,68,64,62,60,52,67,51,60,53,1,50,1,1,0,0,0,1
3933,6.47,79.8,72.1,1,66,52,54,59,56,49,67,66,60,69,65,67,0,0,0,0,0,0,0,0
3934,7.05,73.5,79.2,1,63,68,62,66,53,49,63,61,66,59,61,54,2,77,0,1,37,0,0,0
3935,6.86,79.9,75.8,1,72,51,58,61,61,55,57,56,61,62,62,54,0,0,1,3,0,0,0,1
3936,7.67,83.2,91.0,0,69,55,73,69,60,55,80,69,74,42,57,52,0,0,2,1,0,44,0,0
3937,7.88,81.6,77.6,0,62,55,59,54,54,37,68,61,60,76,71,59,0,0,2,1,61,52,71,1
3938,6.74,84.5,79.9,1,66,53,51,55,55,52,62,69,56,60,61,50,0,0,1,2,0,0,0,1
3939,8.31,81.7,71.2,0,61,47,59,53,54,44,70,65,61,63,61,47,0,0,0,2,25,0,0,1
3940,6.59,73.1,70.7,1,76,76,65,80,73,63,51,60,67,71,60,63,4,50,0,0,0,0,0,1
3941,7.51,87.0,84.6,0,52,37,58,46,51,35,69,61,65,50,57,47,0,0,0,2,0,0,0,1
3942,7.2,75.1,77.3,0,66,60,65,63,59,53,71,62,67,66,63,56,0,0,0,0,0,0,37,1
3943,8.98,96.9,93.3,2,51,45,63,41,53,35,70,63,53,47,55,58,0,0,0,1,40,40,0,1
3944,5.39,66.6,60.4,1,57,55,60,52,59,32,56,51,44,78,67,63,0,0,2,2,31,16,60,0
3945,7.22,81.5,76.3,0,69,56,73,62,70,52,67,61,70,49,62,55,1,74,2,2,41,0,0,1
3946,7.05,81.0,75.4,0,83,63,73,66,74,62,64,67,74,62,66,39,2,81,2,0,90,0,25,1
3947,7.81,70.2,74.2,1,54,58,65,48,60,50,65,68,65,50,56,43,0,0,0,1,40,10,0,0
3948,7.26,70.4,76.8,0,83,67,77,70,68,58,70,65,75,63,78,66,0,0,1,1,0,0,0,1
3949,7.4,87.7,79.7,0,78,63,58,60,69,52,63,66,68,62,65,56,0,0,1,0,65,0,0,1
3950,8.79,79.6,87.0,1,63,61,63,55,58,41,77,77,62,62,66,52,0,0,1,1,39,0,0,1
3951,7.3,86.8,80.1,0,70,62,64,56,63,55,67,64,63,53,62,40,4,63,1,3,38,0,0,1
3952,5.74,66.1,70.7,0,59,44,46,53,54,52,61,56,54,83,56,73,0,0,1,1,0,67,0,1
3953,7.51,80.8,79.2,0,68,73,63,61,64,64,56,69,69,67,59,68,2,64,1,2,64,59,0,1
3954,7.15,75.9,75.9,0,66,50,63,55,53,54,79,71,58,46,54,50,0,0,0,1,0,0,0,1
3955,7.37,80.9,75.7,0,57,50,67,56,46,39,64,62,66,68,59,52,0,0,0,1,20,17,0,0
3956,6.28,80.0,76.3,0,83,66,71,68,64,71,64,71,65,70,67,62,3,76,0,0,51,35,63,1
3957,7.58,80.0,73.6,0,58,56,52,52,54,49,62,53,57,68,56,60,0,0,1,1,22,0,40,0
3958,8.84,87.1,85.0,0,71,58,57,67,67,50,59,53,67,52,55,41,1,79,0,1,0,43,16,1
3959,7.94,92.8,87.1,0,63,63,65,56,70,50,72,73,66,72,65,65,0,0,1,2,21,0,54,1
3960,7.09,70.8,76.7,0,48,41,51,43,38,29,67,67,57,60,53,49,0,0,1,2,34,47,0,0
3961,6.87,85.8,77.6,0,66,69,68,62,72,56,61,56,69,63,67,53,0,0,0,0,0,0,10,1
3962,7.76,82.4,74.7,1,60,49,47,48,51,44,52,46,51,64,56,47,0,0,1,0,14,0,0,0
3963,6.93,89.7,79.9,1,66,44,72,62,53,58,71,68,64,63,60,50,0,0,0,1,0,0,35,0
3964,7.47,79.2,79.1,1,54,47,60,49,59,59,67,70,58,73,65,73,0,0,0,0,18,0,59,1
3965,7.33,86.2,83.4,0,74,56,60,60,64,55,45,53,57,73,65,61,3,74,1,2,53,0,32,1
3966,8.17,76.4,75.0,0,74,56,67,62,56,40,73,69,69,60,59,65,3,70,0,0,72,0,30,1
3967,7.83,82.7,79.5,1,61,57,61,62,64,46,71,65,57,61,61,57,0,0,0,0,0,0,46,1
3968,8.47,90.2,86.8,0,63,39,59,53,51,40,53,54,62,51,56,56,3,49,0,0,0,0,0,1
3969,5.72,74.1,66.3,3,58,52,59,58,59,45,62,58,59,71,63,70,0,0,0,1,0,0,0,0
3970,8.14,92.8,86.8,0,66,48,57,52,61,43,71,66,60,68,63,68,4,58,0,0,0,31,48,1
3971,6.56,75.1,75.3,2,53,56,54,54,56,47,57,46,55,66,59,51,2,79,0,3,49,0,52,0
3972,6.49,73.0,83.0,0,71,61,50,73,58,60,60,65,60,57,66,59,0,0,0,2,50,0,0,0
3973,8.65,84.5,81.7,1,59,36,60,52,51,43,68,54,56,76,60,56,1,47,0,0,37,0,0,1
3974,7.38,76.3,70.8,0,51,47,56,44,54,40,74,68,56,72,66,68,0,0,0,2,0,39,50,1
3975,6.6,71.2,71.8,0,75,59,61,63,69,55,61,61,71,54,58,58,0,0,1,0,0,18,0,1
3976,7.27,77.3,68.5,2,72,65,55,67,68,55,52,56,61,45,49,38,0,0,0,0,0,0,0,1
3977,6.86,70.6,69.3,0,68,66,69,57,67,44,62,65,68,63,58,58,1,48,2,0,0,0,0,1
3978,5.65,73.1,67.4,0,46,31,56,39,48,44,77,69,53,58,51,64,0,0,2,1,60,0,0,0
3979,7.39,77.3,81.0,0,66,51,71,55,53,43,68,76,66,51,58,58,0,0,1,1,31,0,0,1
3980,7.52,85.0,79.1,0,89,73,75,76,74,81,55,65,78,54,62,54,2,81,0,0,0,56,0,1
3981,7.13,85.2,77.5,0,75,77,76,79,71,70,61,75,79,54,62,46,0,0,0,2,30,0,33,1
3982,7.38,85.5,77.0,0,56,50,61,48,60,42,72,62,54,68,58,64,0,0,1,2,47,56,49,0
3983,8.8,85.3,84.6,1,73,67,68,72,53,58,57,54,71,62,62,49,3,41,0,2,37,0,35,1
3984,6.62,72.4,74.5,0,63,50,66,56,72,68,69,68,64,57,58,54,0,0,0,0,0,61,0,1
3985,6.66,81.1,77.9,0,61,49,56,57,48,55,62,58,68,75,61,64,0,0,1,2,23,0,71,1
3986,8.01,92.4,80.2,1,79,61,69,70,62,50,58,70,69,68,59,56,0,0,1,0,85,52,46,1
3987,6.79,79.2,71.7,0,63,45,60,54,50,38,70,63,65,70,65,53,1,49,0,1,0,38,10,1
3988,8.02,85.5,76.1,0,65,63,58,59,60,59,66,65,60,68,58,59,0,0,0,1,32,42,34,1
3989,7.58,80.6,75.5,0,73,67,63,71,65,57,60,62,69,56,60,50,0,0,0,1,0,0,0,0
3990,6.42,72.6,72.7,0,77,57,68,79,78,60,74,75,85,54,63,60,2,65,1,0,64,56,21,1
3991,7.83,85.3,75.5,0,64,47,65,56,53,43,72,59,63,68,58,61,1,66,1,0,0,0,0,1
3992,6.54,71.5,66.5,0,59,38,61,54,54,45,61,57,64,68,70,65,0,0,2,2,39,0,61,0
3993,6.77,75.3,69.9,1,69,55,60,49,56,59,71,65,65,64,54,66,0,0,0,1,10,0,0,1
3994,8.25,78.6,78.5,2,42,31,51,41,42,47,56,61,49,95,69,80,2,65,0,0,0,10,85,1
3995,7.8,80.4,73.7,1,85,74,71,77,79,64,49,59,76,63,55,61,1,77,0,2,0,0,42,1
3996,7.37,84.0,76.2,0,69,53,58,54,71,63,74,72,62,66,60,63,0,0,2,0,0,0,0,0
3997,7.18,82.3,78.5,2,64,53,71,57,51,65,78,73,70,50,57,54,0,0,2,2,0,0,0,1
3998,7.6,76.3,78.8,0,67,55,62,62,64,51,64,69,66,80,64,57,1,60,1,2,11,0,0,1
3999,8.11,85.4,86.4,0,74,64,72,64,74,67,67,75,67,52,57,50,1,54,0,1,0,0,0,1
